longitude,latitude,DataOwner Code = OVA,Quay-nr CHB,Haltenr vv,Duplicaat haltenr,Haltebordnr,Haltenaam CHB,Haltenaam CHB correctie,Perron-aanduiding,Woonplaats,Woonplaats correctie,Gemeente code,Gemeente naam,Wegbeheerder naam,Wegbeheerder naam correctie,Wegbeheerder type,Wegbeheerder type correctie,Straat,Straat correctie,Locatieomschrijving,Lijnen en Bestemmingen,Hoofdmodaliteit,StopPlace Code CHB,Tweede Modaliteit CHB,StopPlace Code CHB correctie,RD-X correctie,RD-Y correctie,Windroosrichting [graden],Windroosrichting correctie [graden],Status,Status correctie,Type halte,Type halte correctie,Opnamedatum + tijdstip / ingangsdatum,Aanpassing motorisch beperkten [Y/N],Aanpassing visueel beperkten [Y/N],Perrontype,Diepte haltehaven [meter],Halteerlengte inrijhoek [meter],Lengte halteerplaats [meter],Halteerlengte uitrijhoek [meter],Perron hoogte [meter],Perronbreedte instapdeur [meter],Perronbreedte uitstapdeur [meter],Lengte verhoogde deel perron [meter],Minimale breedte barriere vrije doorgang perron [meter],Hellingbaan aanwezig? [Y/N],Lengte hellingbaan [meter],Breedte aanlooproute/hellingbaan [meter],Hoogteverschil tussen perron en directe omgeving [meter],Markering perronrand [Y/N],Geleidelijn aanwezig [Y/N],Geleidelijn over hele lengte halte [Y/N],Aansluiting geleidelijn op omgeving [Y/N],Instap-markering aanwezig [Y/N],Instap-markering afwijking in kleur - klank en/of tast [Y/N],Haltebord aanwezig [Y/N],Niveau [-2 / -1 / 0 / 1 / 2],Lift aanwezig [Y/N],Afvalbak aanwezig? [Y/N],Halte verlicht? [Y/N],Abri Aanwezig [Y/N],Informatie-vitrine aanwezig [Y/N],Reclame in abri? [Y/N],Zitgelegenheid aanwezig [Y/N],Fiets-parkeer-voorziening [Y/N],Aantal fietsplaatsen,OVC in-uitcheck op halte? [Y/N],OVC oplaad-faciliteit aanwezig op halte? [Y/N],Aanwezigheid statische reisinfo: Halte-vertrekstaat [Y/N],Lijnennet-kaart aanwezig? [Y/N],DRIS aanwezig? [Y/N],DRIS audioknop aanwezig? [Y/N],Aantal regels op DRIS,Haltefotoref,Opnamedatum foto,Opmerkingen,Perron toegankelijk vanuit directe omgeving? [Y/N],Stasteun [Y/N]
5.120412728384631,52.066069172284635,PUT,NL:Q:50001290,50001290,0,,t Goylaan,,,Utrecht,,GM0344,Utrecht,Utrecht,,G,,'t Goylaan,,,"10 Leidsche Rijn Ziekenhuis, 10 Lunetten NS, 265 De Uithof WKZ via Rijnsweerd, 47 Houten via Hoograven, 71 Doorn via De Uithof, 71 Drieb.-Zeist NS via De Uithof, 72 Bilthoven via De Uithof, 10 Leidsche Rijn Ziekenhuis, 10 Lunetten NS, 265 De Uithof WKZ via Rijnsweerd, 47 Houten via Hoograven, 71 Doorn via De Uithof, 71 Drieb.-Zeist NS via De Uithof, 72 Bilthoven via De Uithof",bus,nl.bus.50001290,,,,,101,,available,,regular,,2013-05-20 00:00:00,N,N,langshalte,0,0,0,0,0,0,0,0,0,N,0,0,0,N,N,N,N,N,N,N,0,N,N,N,N,N,N,N,N,0,N,N,N,N,N,N,,,,,N,N
5.12108356221848,52.066070688797943,PUT,NL:Q:50001300,50001300,0,,t Goylaan,,,Utrecht,,GM0344,Utrecht,Utrecht,,G,,'t Goylaan,,,"10 Leidsche Rijn via Kan'eiland, 265 Nieuwegein-Z via Plettenburg, 47 Utrecht CS Centrumzijde, 47 Utrecht CS via Doornkade, 71 Nieuwegein-C via De Uithof, 72 Nieuwegein-C via De Uithof, 72 Nieuwegein-Z via De Uithof, 10 Leidsche Rijn via Kan'eiland, 265 Nieuwegein-Z via Plettenburg, 47 Utrecht CS Centrumzijde, 47 Utrecht CS via Doornkade, 71 Nieuwegein-C via De Uithof, 72 Nieuwegein-C via De Uithof, 72 Nieuwegein-Z via De Uithof",bus,nl.bus.50001290,,,,,280,,available,,regular,,2012-08-01 09:21:00,Y,Y,langshalte,0,0,14,0,"0,18",3,3,14,1,N,0,2,"0,09",Y,Y,N,N,N,N,Y,0,N,Y,Y,Y,Y,N,Y,N,0,N,N,Y,N,Y,Y,0,03F63CF9-A8BF-481B-BE314D6A9EB0495E.JPG,2011-09-23 14:59:09,,N,N
5.09172768385803,52.081415341767922,PUT,NL:Q:50000050,50000050,0,,24 Oktoberplein,,,Utrecht,,GM0344,Utrecht,Utrecht,,G,,Weg der Verenigde Naties,,,"25 Cartesiusweg via Oog in Al, 26 Vleuterweide via Langerak, 25 Cartesiusweg via Oog in Al, 26 Vleuterweide via Langerak",bus,nl.bus.50000050,,,,,250,,available,,regular,,2012-03-15 00:00:00,Y,N,haltehaven,3,24,24,15,"0,18","2,40","2,40",24,1,N,0,3,"0,12",Y,N,N,N,N,N,Y,0,N,Y,Y,Y,Y,N,Y,N,0,N,N,Y,N,N,N,,,,,N,N
5.094057281423731,52.08211324035473,PUT,NL:Q:50000060,50000060,0,,24 Oktoberplein,,,Utrecht,,GM0344,Utrecht,Utrecht,,G,,Weg der Verenigde Naties,,,"25 Utrecht CS Jaarbeurszijde, 26 Utrecht CS via Terwijde NS, 402 Utrecht CS , 402 Utrecht CS , 25 Utrecht CS Jaarbeurszijde, 26 Utrecht CS via Terwijde NS",bus,nl.bus.50000050,,,,,67,,available,,regular,,2012-03-15 00:00:00,N,N,langshalte,0,0,0,0,0,0,0,0,0,N,0,0,0,N,N,N,N,N,N,N,0,N,N,N,N,N,N,N,N,0,N,N,N,N,N,N,,,,,N,N
5.092356442002616,52.078981143637584,PUT,NL:Q:50002090,50002090,0,,24 OktoberpleinZuid,,,Utrecht,,GM0344,Utrecht,Utrecht,,G,,Beneluxlaan,,,"60 Nieuwegein Zuid, 61 IJsselstein Zuid, 61 Utrecht P+R Westraven, 60 Nieuwegein Zuid, 61 IJsselstein Zuid, 61 Utrecht P+R Westraven",tram,nl.tram.50002090,,,,,164,,available,,regular,,2014-09-24 19:13:00,Y,Y,langshalte,0,0,0,0,"0,85","2,10","2,10","64,80","1,69",Y,12,"1,50","0,85",N,Y,Y,Y,N,N,N,0,N,Y,Y,Y,Y,N,Y,N,0,Y,Y,Y,Y,Y,Y,3,1D854130-C387-40D6-8E7C5E192AF1AB46.jpg,2014-12-05 15:07:51,,N,N
5.092352592854207,52.079565359942286,PUT,NL:Q:50002100,50002100,0,,24 OktoberpleinZuid,,,Utrecht,,GM0344,Utrecht,Utrecht,,G,,Beneluxlaan,,,"60 Utrecht CS Jaarbeursplein, 61 Utrecht CS Jaarbeursplein, 60 Utrecht CS Jaarbeursplein, 61 Utrecht CS Jaarbeursplein",tram,nl.tram.50002090,,,,,327,,available,,regular,,2014-09-24 19:19:00,Y,Y,langshalte,0,0,0,0,"0,80","2,25","2,25","65,80","1,76",Y,12,"1,80","0,80",Y,Y,Y,Y,N,N,N,0,N,Y,Y,Y,Y,N,Y,N,0,Y,Y,Y,Y,Y,Y,3,D0D555E1-257E-48F0-A0B39E69C1D93FB0.jpg,2014-12-05 15:07:58,,N,N
5.092591499151728,52.078730064749486,PUT,NL:Q:50002310,50002310,0,,24 OktoberpleinZuid,,,Utrecht,,GM0344,Utrecht,Utrecht,,G,,Beneluxlaan,,,"10 Leidsche Rijn Ziekenhuis, 10 Lunetten NS, 14 Transwijk via Kan'eiland, 10 Leidsche Rijn Ziekenhuis, 10 Lunetten NS, 14 Transwijk via Kan'eiland",bus,nl.bus.50002310,,,,,160,,available,,regular,,2012-03-15 00:00:00,Y,Y,semi-haltehaven,"3,2",0,"37,3","16,6","0,18","3,30","2,90","23,40","1,50",N,0,"1,80",0,Y,Y,Y,Y,Y,Y,Y,0,N,Y,Y,Y,Y,Y,Y,Y,10,N,N,Y,Y,N,N,,22EDE460-FDAA-45EA-A0B2B9C83D815AA0.jpg,2014-12-05 15:08:05,,N,N
5.092029232491212,52.079933062437298,PUT,NL:Q:50002320,50002320,0,,24 OktoberpleinZuid,,,Utrecht,,GM0344,Utrecht,Utrecht,,G,,Beneluxlaan,,,"10 Leidsche Rijn via Kan'eiland, 14 Transwijk via Kan'eiland, 10 Leidsche Rijn via Kan'eiland, 14 Transwijk via Kan'eiland",bus,nl.bus.50002310,,,,,340,,available,,regular,,2012-03-15 00:00:00,Y,Y,langshalte,0,0,48,0,"0,18","2,10","2,10",44,"1,50",N,0,"1,20",0,Y,Y,Y,Y,Y,Y,Y,0,N,Y,Y,Y,Y,Y,Y,Y,6,Y,N,Y,Y,N,N,,B0EB0EE4-5BC6-4DF7-AF70A0E1D6051A7C.jpg,2014-12-05 15:08:11,,N,N
5.096130690504109,52.075107666964271,PUT,NL:Q:50002110,50002110,0,,5 Mei Plein,,,Utrecht,,GM0344,Utrecht,Utrecht,,G,,Beneluxlaan,,,"260 Spitstram Nieuwegein Zuid, 60 Nieuwegein Zuid, 61 IJsselstein Zuid, 61 Utrecht P+R Westraven, 260 Spitstram Nieuwegein Zuid, 60 Nieuwegein Zuid, 61 IJsselstein Zuid, 61 Utrecht P+R Westraven",tram,nl.tram.50002110,,,,,137,,available,,regular,,2014-09-24 19:02:00,Y,Y,langshalte,0,0,0,0,"0,82","2,55","1,90","64,80","1,49",Y,12,"1,95","0,82",N,Y,Y,Y,Y,Y,N,0,N,Y,Y,Y,Y,N,Y,N,0,Y,Y,Y,Y,Y,Y,3,B5878883-288F-4A99-ADEDF333190C92A2.jpg,2014-12-05 15:08:18,,N,N
5.09587903833715,52.07567329531696,PUT,NL:Q:50002120,50002120,0,,5 Mei Plein,,,Utrecht,,GM0344,Utrecht,Utrecht,,G,,Beneluxlaan,,,"260 Spitstram Utrecht CS Jaarbeursplein, 60 Utrecht CS Jaarbeursplein, 61 Utrecht CS Jaarbeursplein, 260 Spitstram Utrecht CS Jaarbeursplein, 60 Utrecht CS Jaarbeursplein, 61 Utrecht CS Jaarbeursplein",tram,nl.tram.50002110,,,,,322,,available,,regular,,2014-09-24 18:57:00,Y,Y,langshalte,0,0,0,0,"0,85","2,60","1,85","64,80","1,64",Y,12,2,"0,85",N,Y,Y,Y,Y,Y,Y,0,N,Y,Y,Y,Y,N,Y,N,0,Y,Y,Y,Y,Y,Y,3,1F32CD9E-BD1E-4B1E-84390421D378E9F9.jpg,2014-12-05 15:08:25,,N,N
5.115472263270662,52.09915199165291,PUT,NL:Q:50001850,50001850,0,,Adelaarstraat,,,Utrecht,,GM0344,Utrecht,Utrecht,,G,,Adelaarstraat,,,"1 Hoograven via Utrecht CS, 1 Hoograven via Utrecht CS",bus,,,,,,252,,available,,regular,,2012-08-05 10:41:00,Y,Y,langshalte,0,0,18,0,"0,18","1,50","1,50",18,1,N,0,"1,50","0,09",Y,Y,N,N,N,N,Y,0,N,Y,Y,N,N,N,N,N,0,N,N,N,N,N,N,,23336A79-DF0D-4908-A8168470AEBE52A1.JPG,2012-08-06 10:40:28,,N,N
5.115603392137818,52.099188245950153,PUT,NL:Q:50001860,50001860,0,,Adelaarstraat,,,Utrecht,,GM0344,Utrecht,Utrecht,,G,,Adelaarstraat,,,"1 Overvecht via Utrecht CS, 1 Overvecht via Utrecht CS",bus,,,,,,74,,available,,regular,,2012-08-05 10:42:00,Y,Y,langshalte,0,0,18,0,"0,18","1,50","1,50",18,1,N,0,"1,50","0,09",Y,Y,N,N,N,N,Y,0,N,Y,Y,N,N,N,N,N,0,N,N,N,N,N,N,,E8A53033-012E-489A-9CA41516CB9B1150.JPG,2012-08-06 10:41:41,,N,N
5.138965024940358,52.084112832707753,PUT,NL:Q:50006930,50006930,0,,Adriaen van Ostadelaan,,,Utrecht,,GM0344,Utrecht,Utrecht,,G,,Adriaen van Ostadelaan,,,"18 Oorsprongpark, 8 Diakonessenhuis via Utrecht CS, 18 Oorsprongpark, 8 Diakonessenhuis via Utrecht CS",bus,nl.bus.50006930,,,,,,,available,,regular,,2013-05-20 00:00:00,N,N,langshalte,0,0,0,0,0,0,0,0,0,N,0,0,0,N,N,N,N,N,N,N,0,N,N,N,N,N,N,N,N,0,N,N,N,N,N,N,,,,,N,N
5.138891879226225,52.084148630961977,PUT,NL:Q:50006931,50006931,0,,Adriaen van Ostadelaan,,,Utrecht,,GM0344,Utrecht,Utrecht,,G,,Mecklenburglaan,,,"18 Oorsprongpark, 18 Oorsprongpark",bus,nl.bus.50006930,,,,,330,,available,,regular,,2012-03-15 00:00:00,N,N,langshalte,0,0,26,0,"0,10","1,50","0,30",0,"1,20",N,0,"1,50",0,Y,N,N,N,N,N,Y,0,N,Y,Y,Y,Y,Y,Y,N,0,N,N,Y,N,N,N,,4DF72F89-3439-4676-B0DB2AC7AF039AA9.jpg,2014-12-05 15:08:45,,N,N
5.139976846959336,52.083180199396125,PUT,NL:Q:50006940,50006940,0,,Adriaen van Ostadelaan,,,Utrecht,,GM0344,Utrecht,Utrecht,,G,,Adriaen van Ostadelaan,,,"8 Lunetten via Utrecht CS, 8 Lunetten via Utrecht CS",bus,nl.bus.50006930,,,,,321,,available,,regular,,2013-05-20 00:00:00,N,N,langshalte,0,0,0,0,0,0,0,0,0,N,0,0,0,N,N,N,N,N,N,N,0,N,N,N,N,N,N,N,N,0,N,N,N,N,N,N,,,,,N,N
5.099715545772225,52.071098784848658,PUT,NL:Q:50000610,50000610,0,,Afrikalaan,,,Utrecht,,GM0344,Utrecht,Utrecht,,G,,Beneluxlaan,,,"10 Leidsche Rijn Ziekenhuis, 10 Lunetten NS, 10 Leidsche Rijn Ziekenhuis, 10 Lunetten NS",bus,,,,,,137,,available,,regular,,2011-04-19 12:57:00,N,N,haltehaven,"3,5",10,18,10,"0,18","0,90","0,90",18,1,N,0,"1,50","0,09",Y,N,N,N,N,N,Y,0,N,Y,Y,Y,N,N,Y,N,0,N,N,Y,N,N,N,,67A81155-C060-41EA-88720B8A88325183.JPG,2011-04-20 12:56:56,,N,N
5.099155012929717,52.07207711925593,PUT,NL:Q:50003260,50003260,0,,Afrikalaan,,,Utrecht,,GM0344,Utrecht,Utrecht,,G,,Beneluxlaan,,,"10 Leidsche Rijn via Kan'eiland, 10 Leidsche Rijn via Kan'eiland",bus,,,,,,317,,available,,regular,,2011-04-19 12:54:00,N,N,haltehaven,"3,5",10,18,12,"0,18","0,60","0,60",18,1,N,0,"1,50","0,09",Y,N,N,N,N,N,Y,0,N,N,Y,N,N,N,N,N,0,N,N,N,N,N,N,,3306A2D8-EC81-445C-908C5A40520515BC.JPG,2011-04-20 12:53:32,,N,N
5.013664267386686,52.10586616205449,PUT,NL:Q:51200330,51200330,0,,Albert Schweitzerlaan,,,Vleuten,,GM0344,Utrecht,Utrecht,,G,,Albert Schweitzerlaan,,,"125 Vleuten-Dorp, 125 Vleuten-Dorp",bus,nl.bus.51200330,,,,,272,,available,,regular,,2013-05-20 00:00:00,N,N,langshalte,0,0,0,0,0,0,0,0,0,N,0,0,0,N,N,N,N,N,N,N,0,N,N,N,N,N,N,N,N,0,N,N,N,N,N,N,,,,,N,N
5.018055448378647,52.104387968584724,PUT,NL:Q:51200250,51200250,0,,Alenveltpark,,,Vleuten,,GM0344,Utrecht,Utrecht,,G,,Pastoor Ohllaan,,,"126 Maarssen NS via Vleuten, 420 Loenen ad Vecht Kerklaan, 126 Maarssen NS via Vleuten, 420 Loenen ad Vecht Kerklaan",bus,nl.bus.51200250,,,,,67,,available,,regular,,2013-05-20 00:00:00,N,N,langshalte,0,0,0,0,0,0,0,0,0,N,0,0,0,N,N,N,N,N,N,N,0,N,N,N,N,N,N,N,N,0,N,N,N,N,N,N,,,,,N,N
5.017793616346893,52.10427929159794,PUT,NL:Q:51200260,51200260,0,,Alenveltpark,,,Vleuten,,GM0344,Utrecht,Utrecht,,G,,Pastoor Ohllaan,,,"126 De Meern Oost via Vleuten, 126 De Meern Oost via Vleuten",bus,nl.bus.51200250,,,,,247,,available,,regular,,2013-05-20 00:00:00,N,N,langshalte,0,0,0,0,0,0,0,0,0,N,0,0,0,N,N,N,N,N,N,N,0,N,N,N,N,N,N,N,N,0,N,N,N,N,N,N,,,,,N,N
5.102304312605102,52.118085689836832,PUT,NL:Q:59151970,59151970,0,,Amazonedreef,,,Utrecht,,GM0344,Utrecht,Utrecht,,G,,Amazonedreef,,,"6 Utrecht CS Centrumzijde, 6 Utrecht CS Centrumzijde",bus,,,,,,135,,available,,regular,,2011-03-20 14:45:00,Y,Y,langshalte,0,18,0,0,"0,18",2,2,18,1,N,0,2,"0,09",Y,Y,N,N,N,N,Y,0,N,Y,Y,Y,Y,N,Y,N,0,N,N,Y,N,N,N,,7615DA55-B6C7-4BFB-8EDC113378158CD4.JPG,2011-03-21 14:45:10,,N,N
5.10190752312912,52.118489192235863,PUT,NL:Q:59151980,59151980,0,,Amazonedreef,,,Utrecht,,GM0344,Utrecht,Utrecht,,G,,Amazonedreef,,,"6 Overvecht-Noord via Nijenoord, 6 Overvecht-Noord via Nijenoord",bus,,,,,,315,,available,,regular,,2011-03-20 14:46:00,Y,Y,langshalte,0,18,0,0,"0,18","2,50","2,50",18,1,N,0,"2,50","0,09",Y,Y,N,N,N,N,Y,0,N,Y,Y,Y,Y,N,Y,N,0,N,N,Y,N,N,N,,358EB7A6-170D-4C2C-B54E7B1952A33E28.JPG,2011-03-21 14:46:22,,N,N
5.044933355798547,52.122606950984142,PUT,NL:Q:59140220,59140220,0,,Ambachtsweg,,,Utrecht,,GM0344,Utrecht,Utrecht,,G,,Maarssenbroeksedijk,,,"38 Utrecht CS via Lage Weide, 48 Nieuwegein via L. Rijn NS, 38 Utrecht CS via Lage Weide, 48 Nieuwegein via L. Rijn NS",bus,,,,,,128,,available,,regular,,2013-05-20 00:00:00,N,N,langshalte,0,0,0,0,0,0,0,0,0,N,0,0,0,N,N,N,N,N,N,N,0,N,N,N,N,N,N,N,N,0,N,N,N,N,N,N,,,,,N,N
5.045946982243338,52.121809951729318,PUT,NL:Q:59140230,59140230,0,,Ambachtsweg,,,Utrecht,,GM0344,Utrecht,Utrecht,,G,,Maarssenbroeksedijk,,,"38 Maarssen NS via Lage Weide, 48 Maarssen NS via Papendorp, 48 Papendorp via Nieuwegein, 38 Maarssen NS via Lage Weide, 48 Maarssen NS via Papendorp, 48 Papendorp via Nieuwegein",bus,,,,,,309,,available,,regular,,2013-05-20 00:00:00,N,N,langshalte,0,0,0,0,0,0,0,0,0,N,0,0,0,N,N,N,N,N,N,N,0,N,N,N,N,N,N,N,N,0,N,N,N,N,N,N,,,,,N,N
5.10105071613271,52.124607963080017,PUT,NL:Q:59150710,59150710,0,,Ammandreef,,,Utrecht,,GM0344,Utrecht,Utrecht,,G,,Ammandreef,,,"9 Utrecht CS Centrumzijde, 9 Utrecht CS Centrumzijde",bus,,,,,,61,,available,,regular,,2011-03-20 14:26:00,Y,Y,langshalte,0,18,0,0,"0,18","2,50","2,50",18,1,N,0,"2,50","0,09",Y,Y,N,N,N,N,Y,0,N,Y,Y,Y,Y,N,Y,N,0,N,N,Y,N,N,N,,768E4F2C-8E47-4326-963BC5D8A9CE5BBA.JPG,2011-03-21 14:26:17,,N,N
5.100817883517394,52.124481565772292,PUT,NL:Q:59150720,59150720,0,,Ammandreef,,,Utrecht,,GM0344,Utrecht,Utrecht,,G,,Ammandreef,,,"9 Overvecht-Noord via Talmalaan, 9 Overvecht-Noord via Talmalaan",bus,,,,,,240,,available,,regular,,2011-03-20 14:25:00,Y,Y,langshalte,0,18,0,0,"0,18","2,50","2,50",18,1,N,0,"2,50","0,09",Y,Y,N,N,N,N,Y,0,N,Y,Y,Y,Y,N,Y,N,0,N,N,Y,N,N,N,,E681157E-7F72-4386-AD2376846E601B83.JPG,2011-03-21 14:25:11,,N,N
5.10501322133495,52.075210158371569,PUT,NL:Q:50001570,50001570,0,,Anne Frankplein,,,Utrecht,,GM0344,Utrecht,Utrecht,,G,,Europalaan,,,"474 Utrecht CS Centrumzijde, 495 Utrecht CS Centrumzijde, 63 Utrecht CS Jaarbeurszijde, 65 Utrecht CS Jaarbeurszijde, 65 Utrecht CS via Plettenburg, 66 Utrecht CS via De Liesbosch, 74 Zeist via Utrecht CS, 77 Bilthoven via Utrecht CS, 81 Utrecht Busstation West, 81 Utrecht Busstation West, 474 Utrecht CS Centrumzijde, 495 Utrecht CS Centrumzijde, 63 Utrecht CS Jaarbeurszijde, 65 Utrecht CS Jaarbeurszijde, 65 Utrecht CS via Plettenburg, 66 Utrecht CS via De Liesbosch, 74 Zeist via Utrecht CS, 77 Bilthoven via Utrecht CS",bus,nl.bus.50001570,,,,,338,,available,,regular,,2012-03-15 00:00:00,Y,Y,langshalte,0,0,20,0,"0,18","2,70","2,70",18,"1,50",N,0,"1,50",0,Y,Y,Y,Y,Y,Y,Y,0,N,Y,Y,Y,Y,Y,Y,N,0,N,N,Y,Y,N,N,,150F2CCB-78A6-4847-9A8FEFAD756FDE7C.jpg,2014-12-05 15:09:14,,N,N
5.10497002916821,52.07512017403905,PUT,NL:Q:50001580,50001580,0,,Anne Frankplein,,,Utrecht,,GM0344,Utrecht,Utrecht,,G,,Europalaan,,,"474 Vianen via Galecop, 495 IJsselstein via Jutphaas, 63 Vianen, 65 Nieuwegein Het Klooster, 65 Vianen via Plettenburg, 66 Nieuwegein-C via De Liesbosch, 74 Nieuwegein-C via Utrecht CS, 74 Vianen via Utrecht CS, 77 Nieuwegein-C via Utrecht CS, 77 Nieuwegein-Z via Utrecht CS, 81 Gorinchem Station, 474 Vianen via Galecop, 495 IJsselstein via Jutphaas, 63 Vianen, 65 Nieuwegein Het Klooster, 65 Vianen via Plettenburg, 66 Nieuwegein-C via De Liesbosch, 74 Nieuwegein-C via Utrecht CS, 74 Vianen via Utrecht CS, 77 Nieuwegein-C via Utrecht CS, 77 Nieuwegein-Z via Utrecht CS, 81 Gorinchem Station",bus,nl.bus.50001570,,,,,170,,available,,regular,,2012-03-15 00:00:00,Y,Y,langshalte,0,0,20,0,"0,18","2,70","2,70",18,"1,50",N,0,"1,80",0,Y,Y,Y,Y,Y,Y,Y,0,N,Y,Y,Y,Y,Y,Y,N,0,N,N,Y,N,N,N,,DA8508A7-9DD2-416E-AC47CB0D648CA8E9.jpg,2014-12-05 15:09:21,,N,N
5.106104704537159,52.105799169772339,PUT,NL:Q:50002131,50002131,0,,Anton Geesinkstraat,,,Utrecht,,GM0344,Utrecht,Utrecht,,G,,Anton Geesinkstraat,,,"6 Utrecht CS Centrumzijde, 6 Utrecht CS Centrumzijde",bus,,,,,,230,,available,,regular,,2012-07-30 13:32:00,Y,Y,langshalte,0,0,16,0,"0,18",2,2,"16,45",1,N,0,2,"0,09",Y,Y,N,N,N,N,Y,0,N,Y,Y,Y,Y,N,Y,N,0,N,N,Y,N,Y,Y,0,1DA9893E-7333-493B-A30F5FCFB2DF7B3C.jpg,2012-07-31 13:31:25,,N,N
5.106745532169481,52.106025396616715,PUT,NL:Q:50002142,50002142,0,,Anton Geesinkstraat,,,Utrecht,,GM0344,Utrecht,Utrecht,,G,,Anton Geesinkstraat,,,"6 Overvecht-Noord via Nijenoord, 6 Overvecht-Noord via Nijenoord",bus,,,,,,54,,available,,regular,,2012-07-30 13:35:00,Y,Y,langshalte,0,0,12,0,"0,18","2,50","2,50","12,45",1,N,0,"1,50","0,09",Y,Y,N,N,N,N,Y,0,N,Y,Y,Y,Y,N,Y,N,0,N,N,Y,N,Y,Y,0,90D8B901-3E67-48E2-A135173DAA2D7E00.jpg,2012-07-31 13:35:21,,N,N
5.105229720510927,52.105671248350646,PUT,NL:Q:50003610,50003610,0,,Anton Geesinkstraat,,,Utrecht,,GM0344,Utrecht,Utrecht,,G,,Laan van Chartroise,,,"16 Vechtsebanen via Zuilen, 34 Maarssen via Zuilen, 36 Maarssen via Zuilen, 16 Vechtsebanen via Zuilen, 34 Maarssen via Zuilen, 36 Maarssen via Zuilen",bus,,,,,,289,,available,,regular,,2013-05-20 00:00:00,N,N,langshalte,0,0,0,0,0,0,0,0,0,N,0,0,0,N,N,N,N,N,N,N,0,N,N,N,N,N,N,N,N,0,N,N,N,N,N,N,,,,,N,N
5.105332120869439,52.105635540939495,PUT,NL:Q:50003620,50003620,0,,Anton Geesinkstraat,,,Utrecht,,GM0344,Utrecht,Utrecht,,G,,Laan van Chartroise,,,"16 Utrecht CS Centrumzijde, 34 Utrecht CS via Maarssen-D, 36 Utrecht CS via Maarssen-D, 16 Utrecht CS Centrumzijde, 34 Utrecht CS via Maarssen-D, 36 Utrecht CS via Maarssen-D",bus,,,,,,109,,available,,regular,,2013-05-20 00:00:00,N,N,langshalte,0,0,0,0,0,0,0,0,0,N,0,0,0,N,N,N,N,N,N,N,0,N,N,N,N,N,N,N,N,0,N,N,N,N,N,N,,,,,N,N
5.066210341625518,52.085752788154373,PUT,NL:Q:51111130,51111130,0,,Archeologiepark,,,Utrecht,,GM0344,Utrecht,Utrecht,,G,,Langerakbaan,,,"26 Vleuterweide via Langerak, 26 Vleuterweide via Langerak",bus,,,,,,264,,available,,regular,,2013-05-20 00:00:00,N,N,langshalte,0,0,0,0,0,0,0,0,0,N,0,0,0,N,N,N,N,N,N,N,0,N,N,N,N,N,N,N,N,0,N,N,N,N,N,N,,,,,N,N
5.065744246011774,52.085643661048074,PUT,NL:Q:51111140,51111140,0,,Archeologiepark,,,Utrecht,,GM0344,Utrecht,Utrecht,,G,,Langerakbaan,,,"26 Utrecht CS via Terwijde NS, 26 Utrecht CS via Terwijde NS",bus,,,,,,83,,available,,regular,,2013-05-20 00:00:00,N,N,langshalte,0,0,0,0,0,0,0,0,0,N,0,0,0,N,N,N,N,N,N,N,0,N,N,N,N,N,N,N,N,0,N,N,N,N,N,N,,,,,N,N
5.155465719274325,52.098185758783423,PUT,NL:Q:50100390,50100390,0,,Archimedeslaan,,,Utrecht,,GM0344,Utrecht,Utrecht,,G,,Biltsestraatweg,,,"251 Zeist Handelsc. via Zeist-Centr., 452 Amersfoort via Vollenhove, 51 Drieb.-Zeist NS via Kerckebosch, 52 Amersfoort via Vollenhove, 52 Soesterberg via Vollenhove, 52 Zeist via Vollenhove, 53 Zeist via Vollenhove, 74 Zeist via Utrecht CS, 450 Amerongen Dorp , 50 Amerongen Dorp , 50 Doorn Postkantoor, 50 Driebergen-Zeist Station, 50 Wageningen Busstation, 251 Zeist Handelsc. via Zeist-Centr., 452 Amersfoort via Vollenhove, 51 Drieb.-Zeist NS via Kerckebosch, 52 Amersfoort via Vollenhove, 52 Soesterberg via Vollenhove, 52 Zeist via Vollenhove, 53 Zeist via Vollenhove, 74 Zeist via Utrecht CS, 450 Amerongen Dorp , 50 Amerongen Dorp , 50 Doorn Postkantoor, 50 Driebergen-Zeist Station, 50 Wageningen Busstation",bus,,,,,,79,,available,,regular,,2013-05-20 00:00:00,N,N,langshalte,0,0,0,0,0,0,0,0,0,N,0,0,0,N,N,N,N,N,N,N,0,N,N,N,N,N,N,N,N,0,N,N,N,N,N,N,,,,,N,N
5.153336567822946,52.097884950463168,PUT,NL:Q:50100400,50100400,0,,Archimedeslaan,,,Utrecht,,GM0344,Utrecht,Utrecht,,G,,Biltsestraatweg,,,"251 Utrecht CS via Zeist-Centr., 412 Utrecht CS Centrumzijde, 51 Utrecht CS via Kerckebosch, 52 Utrecht CS Centrumzijde, 52 Utrecht CS via Zeist, 53 Utrecht CS Centrumzijde, 74 Nieuwegein-C via Utrecht CS, 74 Vianen via Utrecht CS, 251 Utrecht CS via Zeist-Centr., 412 Utrecht CS Centrumzijde, 51 Utrecht CS via Kerckebosch, 52 Utrecht CS Centrumzijde, 52 Utrecht CS via Zeist, 53 Utrecht CS Centrumzijde, 74 Nieuwegein-C via Utrecht CS, 74 Vianen via Utrecht CS, 450 Amerongen Dorp , 50 Utrecht CS , 450 Amerongen Dorp , 50 Utrecht CS",bus,,,,,,260,,available,,regular,,2013-05-20 00:00:00,N,N,langshalte,0,0,0,0,0,0,0,0,0,N,0,0,0,N,N,N,N,N,N,N,0,N,N,N,N,N,N,N,N,0,N,N,N,N,N,N,,,,,N,N
5.087827791196464,52.127909704781921,PUT,NL:Q:59151850,59151850,0,,Arizonadreef,,,Utrecht,,GM0344,Utrecht,Utrecht,,G,,St.-Laurensdreef,,,"6 Utrecht CS Centrumzijde, 6 Utrecht CS Centrumzijde",bus,,,,,,122,,available,,regular,,2013-05-20 00:00:00,N,N,langshalte,0,0,0,0,0,0,0,0,0,N,0,0,0,N,N,N,N,N,N,N,0,N,N,N,N,N,N,N,N,0,N,N,N,N,N,N,,,,,N,N
5.088106400638983,52.127739639047874,PUT,NL:Q:59151860,59151860,0,,Arizonadreef,,,Utrecht,,GM0344,Utrecht,Utrecht,,G,,St.-Laurensdreef,,,"6 Overvecht-Noord via Nijenoord, 6 Overvecht-Noord via Nijenoord",bus,,,,,,302,,available,,regular,,2013-05-20 00:00:00,N,N,langshalte,0,0,0,0,0,0,0,0,0,N,0,0,0,N,N,N,N,N,N,N,0,N,N,N,N,N,N,N,N,0,N,N,N,N,N,N,,,,,N,N
5.127909159999249,52.116338158135491,PUT,NL:Q:59151330,59151330,0,,Atlasdreef,,,Utrecht,,GM0344,Utrecht,Utrecht,,G,,Wolgadreef,,,"1 Hoograven via Utrecht CS, 1 Hoograven via Utrecht CS",bus,,,,,,74,,available,,regular,,2011-03-28 14:32:00,Y,Y,langshalte,0,0,20,0,"0,18","2,10","2,10",20,1,N,0,"2,10","0,09",Y,Y,N,N,N,N,Y,0,N,Y,Y,Y,Y,N,Y,Y,0,N,N,Y,N,Y,Y,0,18A270A9-9762-496F-9B33D94DFC1F0AE8.JPG,2011-03-21 15:40:50,,N,N
5.128552381285984,52.116195761838846,PUT,NL:Q:59151340,59151340,0,,Atlasdreef,,,Utrecht,,GM0344,Utrecht,Utrecht,,G,,Wolgadreef,,,"1 Overvecht via Utrecht CS, 1 Overvecht via Utrecht CS",bus,,,,,,301,,available,,regular,,2011-03-28 14:31:00,Y,Y,langshalte,0,0,20,0,"0,18","1,50","1,50",20,1,N,0,"1,50","0,09",Y,Y,N,N,N,N,Y,0,N,Y,Y,Y,Y,N,Y,N,0,N,N,Y,N,Y,Y,0,1198AC6A-665C-4FBC-81AC51B468AD0D27.JPG,2011-03-21 15:43:12,,N,N
5.102297663212632,52.06413927345691,PUT,NL:Q:50002670,50002670,0,,Australilaan,,,Utrecht,,GM0344,Utrecht,Utrecht,,G,,Australielaan,,,"7 Kanaleneiland, 7 Kanaleneiland",bus,,,,,,71,,available,,regular,,2011-04-04 09:25:00,Y,Y,langshalte,0,0,18,0,"0,18","2,10","2,10",18,1,N,0,"2,10","0,09",Y,Y,N,N,N,N,Y,0,N,Y,Y,N,N,N,N,N,0,N,N,Y,N,N,N,,3689A9F9-CA1D-4895-B17769A45FF08D72.JPG,2011-03-30 16:01:02,,N,N
5.09954401715577,52.063746095999001,PUT,NL:Q:50002650,50002650,0,,Azilaan,,,Utrecht,,GM0344,Utrecht,Utrecht,,G,,Columbuslaan,,,"7 Kanaleneiland, 7 Kanaleneiland",bus,,,,,,136,,available,,regular,,2011-04-04 12:20:00,Y,Y,langshalte,0,18,0,0,"0,18",5,5,18,1,N,0,5,"0,09",Y,Y,N,N,N,N,Y,0,N,Y,Y,Y,Y,N,Y,N,0,N,N,N,N,N,N,,24EA327F-B1C2-404D-A0FF7C3F7F9F37EB.JPG,2011-03-30 15:33:18,,N,N
5.098839249288798,52.064490386904971,PUT,NL:Q:50002660,50002660,0,,Azilaan,,,Utrecht,,GM0344,Utrecht,Utrecht,,G,,Columbuslaan,,,"7 Voordorp via Utrecht CS, 7 Voordorp via Utrecht CS",bus,,,,,,318,,available,,regular,,2011-03-24 15:32:00,Y,Y,langshalte,0,0,18,0,"0,18","2,50","2,50",18,1,N,0,"2,50","0,09",Y,Y,N,N,N,N,Y,0,N,Y,Y,Y,Y,N,Y,N,0,N,N,Y,N,Y,Y,0,62429BE4-ABA1-4EB7-AFCB9C63894A6DE3.JPG,2011-03-25 14:14:16,,N,N
5.179883195305267,52.085216515030524,PUT,NL:Q:50100530,50100530,0,,AZU,,,Utrecht,,GM0344,Utrecht,Utrecht,,G,,Heidelberglaan,,,"242 De Uithof WKZ via Bunnik NS, 252 Amersfoort via Vollenhove, 28 De Uithof P+R via Utrecht CS, 281 De Uithof WKZ via Rijnsweerd, 283 De Uithof WKZ via Rijnsweerd, 287 De Uithof WKZ via Rijnsweerd, 30 De Uithof WKZ via Rijnsweerd, 30 Leidsche Rijn Ziekenhuis, 32 De Uithof WKZ via Rijnsweerd, 71 Doorn via De Uithof, 71 Drieb.-Zeist NS, 71 Drieb.-Zeist NS via De Uithof, 72 Bilthoven NS, 72 Bilthoven via De Uithof, 150 Utrecht Uithof via Blaricum, 276 Amersfoort Campagnergaarde, 296 Amersfoort Kattenbroek, 299 Leusden-Centrum Carpoolplaats, 623 Amersfoort GSG Paladijn.wg, 150 Utrecht Uithof via Blaricum, 276 Amersfoort Campagnergaarde, 296 Amersfoort Kattenbroek, 299 Leusden-Centrum Carpoolplaats, 623 Amersfoort GSG Paladijn.wg, 242 De Uithof WKZ via Bunnik NS, 252 Amersfoort via Vollenhove, 28 De Uithof P+R via Utrecht CS, 281 De Uithof WKZ via Rijnsweerd, 283 De Uithof WKZ via Rijnsweerd, 287 De Uithof WKZ via Rijnsweerd, 30 De Uithof WKZ via Rijnsweerd, 30 Leidsche Rijn Ziekenhuis, 32 De Uithof WKZ via Rijnsweerd, 71 Doorn via De Uithof, 71 Drieb.-Zeist NS, 71 Drieb.-Zeist NS via De Uithof, 72 Bilthoven NS, 72 Bilthoven via De Uithof",bus,nl.bus.50100530,,,,,77,,available,,regular,,2013-05-20 00:00:00,N,N,langshalte,0,0,0,0,0,0,0,0,0,N,0,0,0,N,N,N,N,N,N,N,0,N,N,N,N,N,N,N,N,0,N,N,N,N,N,N,,,,,N,N
5.180202795487161,52.085513682342459,PUT,NL:Q:50100531,50100531,0,,AZU,,,Utrecht,,GM0344,Utrecht,Utrecht,,G,,,,,"12 De Uithof AZU via Galgenwaard, 31 De Uithof AZU via Rijnsweerd, 12 De Uithof AZU via Galgenwaard, 31 De Uithof AZU via Rijnsweerd",bus,nl.bus.50100530,,,,,101,,available,,regular,,2013-05-20 00:00:00,N,N,langshalte,0,0,0,0,0,0,0,0,0,N,0,0,0,N,N,N,N,N,N,N,0,N,N,N,N,N,N,N,N,0,N,N,N,N,N,N,,,,,N,N
5.179372933624846,52.085134724329698,PUT,NL:Q:50100533,50100533,0,,AZU,,,utrecht,,GM0344,Utrecht,Utrecht,,G,,Heidelberglaan,,,"150 Almere Buiten via Blaricum, 276 Utrecht Rijnsweerd Nrd, 296 Utrecht Rijnsweerd Nrd, 299 Utrecht Rijnsweerd Nrd, 623 Utr.-De Uithof Acad. Ziekenhuis, 150 Almere Buiten via Blaricum, 276 Utrecht Rijnsweerd Nrd, 296 Utrecht Rijnsweerd Nrd, 299 Utrecht Rijnsweerd Nrd, 623 Utr.-De Uithof Acad. Ziekenhuis",bus,nl.bus.50100530,,,,,256,,available,,regular,,2013-05-20 00:00:00,N,N,langshalte,0,0,0,0,0,0,0,0,0,N,0,0,0,N,N,N,N,N,N,N,0,N,N,N,N,N,N,N,N,0,N,N,N,N,N,N,,,,,N,N
5.179810330415355,52.085198410791811,PUT,NL:Q:50100540,50100540,0,,AZU,,,Utrecht,,GM0344,Utrecht,Utrecht,,G,,Heidelberglaan,,,"12 Utrecht CS Centrumzijde, 242 Wijk bij Duurstede, 252 Rijnsweerd via De Uithof, 28 Vleuterweide via Centrum, 281 Houten-Zuid via Houten NS, 283 IJsselstein, 287 Vianen Lekbrug, 30 Leidsche Rijn via Overv. NS, 30 Overvecht-Zuid via Overv. NS, 31 Lunetten NS, 32 Maarssen via Zuilen, 71 Nieuwegein-C via De Uithof, 71 Rijnsweerd via De Uithof, 72 Nieuwegein-C via De Uithof, 72 Nieuwegein-Z via De Uithof, 12 Utrecht CS Centrumzijde, 242 Wijk bij Duurstede, 252 Rijnsweerd via De Uithof, 28 Vleuterweide via Centrum, 281 Houten-Zuid via Houten NS, 283 IJsselstein, 287 Vianen Lekbrug, 30 Leidsche Rijn via Overv. NS, 30 Overvecht-Zuid via Overv. NS, 31 Lunetten NS, 32 Maarssen via Zuilen, 71 Nieuwegein-C via De Uithof, 71 Rijnsweerd via De Uithof, 72 Nieuwegein-C via De Uithof, 72 Nieuwegein-Z via De Uithof",bus,nl.bus.50100530,,,,,257,,available,,regular,,2013-05-20 00:00:00,N,N,langshalte,0,0,0,0,0,0,0,0,0,N,0,0,0,N,N,N,N,N,N,N,0,N,N,N,N,N,N,N,N,0,N,N,N,N,N,N,,,,,N,N
5.114741014326655,52.077839589291784,PUT,NL:Q:50000950,50000950,0,,Balijelaan,,,Utrecht,,GM0344,Utrecht,Utrecht,,G,,Balijelaan,,,"474 Vianen via Galecop, 495 IJsselstein via Jutphaas, 74 Nieuwegein-C via Utrecht CS, 74 Vianen via Utrecht CS, 77 Nieuwegein-C via Utrecht CS, 77 Nieuwegein-Z via Utrecht CS, 474 Vianen via Galecop, 495 IJsselstein via Jutphaas, 74 Nieuwegein-C via Utrecht CS, 74 Vianen via Utrecht CS, 77 Nieuwegein-C via Utrecht CS, 77 Nieuwegein-Z via Utrecht CS",bus,nl.bus.50000950,,,,,236,,available,,regular,,2012-08-01 10:20:00,N,Y,haltehaven,"3,5",6,12,15,"0,12","1,05","1,05",12,1,N,0,"1,50","0,09",Y,Y,N,N,N,N,Y,0,N,Y,Y,Y,Y,N,Y,N,0,N,N,Y,N,N,N,,458EDB3C-1B16-4135-B6A788A44F4E6916.JPG,2012-08-02 10:20:12,,N,N
5.114028437149181,52.077478416771783,PUT,NL:Q:50000960,50000960,0,,Balijelaan,,,Utrecht,,GM0344,Utrecht,Utrecht,,G,,Balijelaan,,,"474 Utrecht CS Centrumzijde, 495 Utrecht CS Centrumzijde, 74 Zeist via Utrecht CS, 77 Bilthoven via Utrecht CS, 474 Utrecht CS Centrumzijde, 495 Utrecht CS Centrumzijde, 74 Zeist via Utrecht CS, 77 Bilthoven via Utrecht CS",bus,nl.bus.50000950,,,,,83,,available,,regular,,2012-08-07 12:23:00,Y,Y,langshalte,0,0,40,0,"0,18","1,50","1,50",40,1,N,0,"1,50","0,09",Y,Y,N,N,N,N,Y,0,N,Y,N,Y,Y,N,Y,N,0,N,N,Y,N,Y,Y,0,7DF5AC00-E204-4926-90C32DEAC2CC5BD1.JPG,2012-08-02 10:17:13,,N,N
5.114869837814346,52.078244350804084,PUT,NL:Q:50006370,50006370,0,,Balijelaan,,,Utrecht,,GM0344,Utrecht,Utrecht,,G,,Croeselaan,,,"1 Hoograven via Utrecht CS, 81 Gorinchem Station, 1 Hoograven via Utrecht CS, 81 Gorinchem Station",bus,nl.bus.50000950,,,,,141,,available,,regular,,2012-08-07 12:23:00,Y,Y,langshalte,0,0,18,0,"0,18","1,50","1,50",18,1,N,0,"1,20","0,09",Y,Y,N,N,N,N,Y,0,N,Y,Y,Y,Y,N,Y,N,0,N,N,Y,N,Y,Y,0,597EF4F9-9CE9-433A-A021F84E931DBFD9.JPG,2012-08-02 10:22:22,,N,N
5.114750513004759,52.078675503165677,PUT,NL:Q:50006380,50006380,0,,Balijelaan,,,Utrecht,,GM0344,Utrecht,Utrecht,,G,,Bolksbeekstraat,,,"1 Overvecht via Utrecht CS, 1 Overvecht via Utrecht CS, 81 Utrecht Busstation West, 81 Utrecht Busstation West",bus,nl.bus.50000950,,,,,322,,available,,regular,,2012-08-07 12:24:00,Y,Y,langshalte,0,0,18,0,"0,18","1,50","1,50",18,1,N,0,"1,20","0,09",Y,Y,N,N,N,N,Y,0,N,Y,N,Y,Y,N,Y,N,0,N,N,Y,N,Y,Y,0,1D031C15-65F2-4A18-83669FFD99236254.JPG,2012-08-02 10:24:21,,N,N
5.084137662340002,52.084155417013925,PUT,NL:Q:50005210,50005210,0,,Beethovenlaan,,,Utrecht,,GM0344,Utrecht,Utrecht,,G,,Joseph Haydnlaan,,,"10 Leidsche Rijn Ziekenhuis, 25 Utrecht CS Jaarbeurszijde, 10 Leidsche Rijn Ziekenhuis, 25 Utrecht CS Jaarbeurszijde",bus,nl.bus.50005210,,,,,128,,available,,regular,,2011-04-21 10:05:00,Y,N,langshalte,0,0,20,0,"0,18",3,3,20,1,N,0,2,"0,09",Y,N,N,N,N,N,Y,0,N,Y,Y,Y,Y,N,Y,N,0,N,N,Y,N,Y,Y,0,8F456302-F766-440C-83CD5DAE42AE1FCE.JPG,2011-04-22 10:05:30,,N,N
5.083882882766614,52.085152439383684,PUT,NL:Q:50008080,50008080,0,,Beethovenlaan,,,Utrecht,,GM0344,Utrecht,Utrecht,,G,,Joseph Haydnlaan,,,"10 Leidsche Rijn via Kan'eiland, 25 Cartesiusweg via Oog in Al, 10 Leidsche Rijn via Kan'eiland, 25 Cartesiusweg via Oog in Al",bus,nl.bus.50005210,,,,,324,,available,,regular,,2011-04-21 10:08:00,Y,N,haltehaven,3,24,18,15,"0,18",3,3,18,1,N,0,2,"0,09",Y,N,N,N,N,N,Y,0,N,Y,Y,Y,Y,N,Y,N,0,N,N,Y,N,Y,Y,0,004348D5-CE06-49D1-B5BA6D715714FB86.JPG,2011-04-22 10:07:58,,N,N
5.126630369438335,52.112803044974726,PUT,NL:Q:59151370,59151370,0,,Berezinadreef,,,Utrecht,,GM0344,Utrecht,Utrecht,,G,,Donaudreef,,,"1 Hoograven via Utrecht CS, 1 Hoograven via Utrecht CS",bus,nl.bus.59151370,,,,,238,,available,,regular,,2011-03-28 14:06:00,Y,Y,langshalte,0,0,0,0,"0,18",3,3,20,1,N,0,3,"0,09",Y,Y,N,N,N,N,Y,0,N,N,Y,Y,Y,N,N,N,0,N,N,Y,N,Y,Y,0,6D9AB9B6-19E5-4D5A-A99382277CC1923D.JPG,2011-03-21 15:53:17,,N,N
5.138351112096759,52.063331087689498,PUT,NL:Q:50003170,50003170,0,,Betuwe,,,Utrecht,,GM0344,Utrecht,Utrecht,,G,,Furkabaan,,,"8 Lunetten via Utrecht CS, 8 Lunetten via Utrecht CS",bus,,,,,,5,,available,,regular,,2011-09-22 15:17:00,Y,Y,langshalte,0,0,14,0,"0,18",3,3,14,1,N,0,3,"0,09",Y,Y,N,N,N,N,Y,0,N,Y,Y,N,N,N,Y,N,0,N,N,Y,N,N,N,,F90D0A94-E0A5-4659-AA19DA5BA908AE36.JPG,2011-09-23 15:17:08,,N,N
5.138814560147784,52.063907303552078,PUT,NL:Q:50003180,50003180,0,,Betuwe,,,Utrecht,,GM0344,Utrecht,Utrecht,,G,,Furkabaan,,,"8 Diakonessenhuis via Utrecht CS, 8 Diakonessenhuis via Utrecht CS",bus,,,,,,249,,available,,regular,,2011-09-22 15:14:00,Y,Y,langshalte,0,0,160,0,"0,18","1,50","1,50",16,1,N,0,"1,50","0,09",Y,Y,N,N,N,N,Y,0,N,Y,Y,Y,Y,N,Y,N,0,N,N,Y,N,Y,Y,0,5F381DA3-149E-4846-BE8C962C35639C8F.JPG,2011-09-23 15:14:44,,N,N
5.094467549726793,52.090760793033958,PUT,NL:Q:50007150,50007150,0,,Billitonkade,,,Utrecht,,GM0344,Utrecht,Utrecht,,G,,Kanaalstraat,,,"14 Transwijk via Kan'eiland, 14 Transwijk via Kan'eiland",bus,nl.bus.50007150,,,,,84,,available,,regular,,2013-05-20 00:00:00,N,N,langshalte,0,0,0,0,0,0,0,0,0,N,0,0,0,N,N,N,N,N,N,N,0,N,N,N,N,N,N,N,N,0,N,N,N,N,N,N,,,,,N,N
5.09414677509677,52.090724043886595,PUT,NL:Q:50007160,50007160,0,,Billitonkade,,,Utrecht,,GM0344,Utrecht,Utrecht,,G,,Kanaalstraat,,,"14 Transwijk via Kan'eiland, 14 Transwijk via Kan'eiland",bus,nl.bus.50007150,,,,,264,,available,,regular,,2013-05-20 00:00:00,N,N,langshalte,0,0,0,0,0,0,0,0,0,N,0,0,0,N,N,N,N,N,N,N,0,N,N,N,N,N,N,N,N,0,N,N,N,N,N,N,,,,,N,N
5.12034566392416,52.079766871087621,PUT,NL:Q:50000850,50000850,0,,Bleekstraat,,,Utrecht,,GM0344,Utrecht,Utrecht,,G,,Vaartsestraat,,,"12 De Uithof AZU via Galgenwaard, 41 Stadion Galgenwaard, 41 Wijk bij Duurstede, 447 Houten via Lunetten, 47 Hoograven via Tolsteeg, 47 Houten via Hoograven, 474 Vianen via Galecop, 495 IJsselstein via Jutphaas, 74 Nieuwegein-C via Utrecht CS, 74 Vianen via Utrecht CS, 77 Nieuwegein-C via Utrecht CS, 77 Nieuwegein-Z via Utrecht CS, 8 Lunetten via Utrecht CS, 12 De Uithof AZU via Galgenwaard, 41 Stadion Galgenwaard, 41 Wijk bij Duurstede, 447 Houten via Lunetten, 47 Hoograven via Tolsteeg, 47 Houten via Hoograven, 474 Vianen via Galecop, 495 IJsselstein via Jutphaas, 74 Nieuwegein-C via Utrecht CS, 74 Vianen via Utrecht CS, 77 Nieuwegein-C via Utrecht CS, 77 Nieuwegein-Z via Utrecht CS, 8 Lunetten via Utrecht CS",bus,nl.bus.50000850,,,,,120,,available,,regular,,2013-05-20 00:00:00,N,N,langshalte,0,0,0,0,0,0,0,0,0,N,0,0,0,N,N,N,N,N,N,N,0,N,N,N,N,N,N,N,N,0,N,N,N,N,N,N,,,,,N,N
5.119760164242056,52.080098103317596,PUT,NL:Q:50000860,50000860,0,,Bleekstraat,,,Utrecht,,GM0344,Utrecht,Utrecht,,G,,Vaartsestraat,,,"12 Utrecht CS Centrumzijde, 41 Utrecht CS Centrumzijde, 41 Zeist via Utrecht CS, 447 Utrecht CS Centrumzijde, 47 Utrecht CS Centrumzijde, 47 Utrecht CS via Doornkade, 47 Zeist via Utrecht CS, 474 Utrecht CS Centrumzijde, 495 Utrecht CS Centrumzijde, 74 Zeist via Utrecht CS, 77 Bilthoven via Utrecht CS, 8 Diakonessenhuis via Utrecht CS, 12 Utrecht CS Centrumzijde, 41 Utrecht CS Centrumzijde, 41 Zeist via Utrecht CS, 447 Utrecht CS Centrumzijde, 47 Utrecht CS Centrumzijde, 47 Utrecht CS via Doornkade, 47 Zeist via Utrecht CS, 474 Utrecht CS Centrumzijde, 495 Utrecht CS Centrumzijde, 74 Zeist via Utrecht CS, 77 Bilthoven via Utrecht CS, 8 Diakonessenhuis via Utrecht CS",bus,nl.bus.50000850,,,,,300,,available,,regular,,2013-05-20 00:00:00,N,N,langshalte,0,0,0,0,0,0,0,0,0,N,0,0,0,N,N,N,N,N,N,N,0,N,N,N,N,N,N,N,N,0,N,N,N,N,N,N,,,,,N,N
5.030553079009733,52.083834707679173,PUT,NL:Q:51110450,51110450,0,,Boekbinderslaan,,,De Meern,,GM0344,Utrecht,Utrecht,,G,,Rijksstraatweg,,,"28 Vleuterweide via Centrum, 28 Vleuterweide via Parkwijk, 102 Woerden Station, 103 Woerden Station (Zuid), 402 Utrecht CS , 402 Woerden Station, 102 Woerden Station, 103 Woerden Station (Zuid), 402 Utrecht CS , 402 Woerden Station, 28 Vleuterweide via Centrum, 28 Vleuterweide via Parkwijk",bus,nl.bus.51110450,,,,,280,,available,,regular,,2013-03-27 12:15:00,Y,Y,langshalte,0,0,36,0,"0,18","2,40","2,40",36,1,N,0,"2,40","0,12",N,Y,N,N,N,N,Y,0,N,Y,Y,Y,Y,N,Y,N,0,N,N,Y,N,Y,Y,6,B0E008AF-7DDE-4562-A471918FFBA61906.JPG,2012-08-02 11:28:43,,N,N
5.030991966576202,52.083683236873206,PUT,NL:Q:51110460,51110460,0,,Boekbinderslaan,,,De Meern,,GM0344,Utrecht,Utrecht,,G,,Regenboog,,,"28 De Uithof P+R via Utrecht CS, 102 Utrecht CS/Jaarbeurs, 103 Utrecht CS/Jaarbeurs, 28 De Uithof P+R via Utrecht CS, 102 Utrecht CS/Jaarbeurs, 103 Utrecht CS/Jaarbeurs",bus,nl.bus.51110450,,,,,100,,available,,regular,,2012-08-01 11:28:00,Y,N,langshalte,0,0,36,0,"0,18","2,50","2,50",36,1,N,0,2,"0,12",N,N,N,N,N,N,Y,0,N,Y,Y,Y,Y,N,Y,N,0,N,N,Y,N,Y,Y,6,F62B203D-D213-46F3-9B6C554138D63F0F.JPG,2012-08-02 11:27:49,,N,N
5.098347167114363,52.118147970229437,PUT,NL:Q:59151950,59151950,0,,Bogotdreef,,,Utrecht,,GM0344,Utrecht,Utrecht,,G,,Japuradreef,,,"6 Utrecht CS Centrumzijde, 6 Utrecht CS Centrumzijde",bus,nl.bus.59151950,,,,,120,,available,,regular,,2011-03-28 14:13:00,N,N,langshalte,0,0,0,0,0,0,0,0,0,N,0,0,0,N,N,N,N,N,N,N,0,N,N,N,N,N,N,N,N,0,N,N,N,N,N,N,,4A63585B-B06D-463E-9C7CD46DBD29472D.JPG,2011-03-21 14:53:36,,N,N
5.098303249983632,52.118165838742264,PUT,NL:Q:59151960,59151960,0,,Bogotdreef,,,Utrecht,,GM0344,Utrecht,Utrecht,,G,,Japuradreef,,,"6 Overvecht-Noord via Nijenoord, 6 Overvecht-Noord via Nijenoord",bus,nl.bus.59151950,,,,,300,,available,,regular,,2011-03-28 14:14:00,N,N,langshalte,0,0,0,0,0,0,0,0,0,N,0,0,0,N,N,N,N,N,N,N,0,N,N,N,N,N,N,N,N,0,N,N,N,N,N,N,,FDF53F03-5220-44C3-BBD6B37E6097D388.JPG,2011-03-21 14:48:13,,N,N
5.175660995257607,52.083348488162024,PUT,NL:Q:50100710,50100710,0,,Bolognalaan,,,Utrecht,,GM0344,Utrecht,Utrecht,,G,,Cambridgelaan,,,"412 Zeist via De Uithof, 477 Bilthoven via De Uithof, 412 Zeist via De Uithof, 477 Bilthoven via De Uithof",bus,,,,,,100,,available,,regular,,2012-03-15 00:00:00,N,N,langshalte,0,0,15,0,"0,12","1,20","1,20",0,0,N,0,0,0,N,N,N,N,N,N,Y,0,N,N,N,N,N,N,N,N,0,N,N,Y,N,N,N,,95CA99AD-47CE-46D4-9094F0B23DA3E814.jpg,2014-12-05 15:10:41,,N,N
5.137178080609886,52.082760846318848,PUT,NL:Q:50001180,50001180,0,,Bosboomstraat,,,Utrecht,,GM0344,Utrecht,Utrecht,,G,,Bosboomstraat,,,"4 Utrecht CS via Biltstraat, 8 Lunetten via Utrecht CS, 4 Utrecht CS via Biltstraat, 8 Lunetten via Utrecht CS",bus,,,,,,96,,available,,regular,,2013-05-20 00:00:00,N,N,langshalte,0,0,0,0,0,0,0,0,0,N,0,0,0,N,N,N,N,N,N,N,0,N,N,N,N,N,N,N,N,0,N,N,N,N,N,N,,,,,N,N
5.168021297692216,52.085302920428852,PUT,NL:Q:50100450,50100450,0,,Botanische Tuinen,,,Utrecht,,GM0344,Utrecht,Utrecht,,G,,,,,"242 De Uithof WKZ via Bunnik NS, 252 Amersfoort via Vollenhove, 28 De Uithof P+R via Utrecht CS, 281 De Uithof WKZ via Rijnsweerd, 283 De Uithof WKZ via Rijnsweerd, 287 De Uithof WKZ via Rijnsweerd, 30 De Uithof WKZ via Rijnsweerd, 30 Leidsche Rijn Ziekenhuis, 31 De Uithof AZU via Rijnsweerd, 32 De Uithof WKZ via Rijnsweerd, 71 Doorn via De Uithof, 71 Drieb.-Zeist NS, 71 Drieb.-Zeist NS via De Uithof, 72 Bilthoven NS, 72 Bilthoven via De Uithof, 150 Utrecht Uithof via Blaricum, 276 Amersfoort Campagnergaarde, 296 Amersfoort Kattenbroek, 299 Leusden-Centrum Carpoolplaats, 242 De Uithof WKZ via Bunnik NS, 252 Amersfoort via Vollenhove, 28 De Uithof P+R via Utrecht CS, 281 De Uithof WKZ via Rijnsweerd, 283 De Uithof WKZ via Rijnsweerd, 287 De Uithof WKZ via Rijnsweerd, 30 De Uithof WKZ via Rijnsweerd, 30 Leidsche Rijn Ziekenhuis, 31 De Uithof AZU via Rijnsweerd, 32 De Uithof WKZ via Rijnsweerd, 71 Doorn via De Uithof, 71 Drieb.-Zeist NS, 71 Drieb.-Zeist NS via De Uithof, 72 Bilthoven NS, 72 Bilthoven via De Uithof, 150 Utrecht Uithof via Blaricum, 276 Amersfoort Campagnergaarde, 296 Amersfoort Kattenbroek, 299 Leusden-Centrum Carpoolplaats",bus,nl.bus.50100450,,,,,179,,available,,regular,,2012-03-15 00:00:00,Y,Y,langshalte,0,0,40,0,"0,18","1,50","1,50",40,0,N,0,0,0,Y,Y,Y,Y,Y,Y,Y,0,N,Y,Y,Y,Y,Y,Y,N,0,N,N,Y,Y,Y,Y,5,B0162609-CF4D-48BC-ADBC4AAC7431E182.jpg,2014-12-05 15:10:48,,N,N
5.1681791886102,52.085833509292179,PUT,NL:Q:50100460,50100460,0,,Botanische Tuinen,,,Utrecht,,GM0344,Utrecht,Utrecht,,G,,,,,"242 Wijk bij Duurstede, 252 Rijnsweerd via De Uithof, 28 Vleuterweide via Centrum, 281 Houten-Zuid via Houten NS, 283 IJsselstein, 287 Vianen Lekbrug, 30 Leidsche Rijn via Overv. NS, 30 Overvecht-Zuid via Overv. NS, 31 Lunetten NS, 32 Maarssen via Zuilen, 71 Nieuwegein-C via De Uithof, 71 Rijnsweerd via De Uithof, 72 Nieuwegein-C via De Uithof, 72 Nieuwegein-Z via De Uithof, 242 Wijk bij Duurstede, 252 Rijnsweerd via De Uithof, 28 Vleuterweide via Centrum, 281 Houten-Zuid via Houten NS, 283 IJsselstein, 287 Vianen Lekbrug, 30 Leidsche Rijn via Overv. NS, 30 Overvecht-Zuid via Overv. NS, 31 Lunetten NS, 32 Maarssen via Zuilen, 71 Nieuwegein-C via De Uithof, 71 Rijnsweerd via De Uithof, 72 Nieuwegein-C via De Uithof, 72 Nieuwegein-Z via De Uithof, 150 Almere Buiten via Blaricum, 276 Utrecht Rijnsweerd Nrd, 296 Utrecht Rijnsweerd Nrd, 299 Utrecht Rijnsweerd Nrd, 150 Almere Buiten via Blaricum, 276 Utrecht Rijnsweerd Nrd, 296 Utrecht Rijnsweerd Nrd, 299 Utrecht Rijnsweerd Nrd",bus,nl.bus.50100450,,,,,359,,available,,regular,,2012-03-15 00:00:00,Y,Y,langshalte,0,0,40,0,"0,18","1,50","1,50",40,0,N,0,0,0,Y,Y,Y,Y,Y,Y,Y,0,N,Y,Y,Y,Y,Y,Y,N,0,N,N,Y,Y,Y,Y,5,9508AAE0-A7D5-4F6E-B9D1C95AB97DE531.jpg,2014-12-05 15:10:54,,N,N
5.00169303524012,52.099329240096708,PUT,NL:Q:51200410,51200410,0,,Boterbloemsingel,,,Vleuten,,GM0344,Utrecht,Utrecht,,G,,Duizendknooplaan,,,"26 Utrecht CS via Terwijde NS, 26 Utrecht CS via Terwijde NS",bus,,,,,,23,,available,,regular,,2013-05-20 00:00:00,N,N,langshalte,0,0,0,0,0,0,0,0,0,N,0,0,0,N,N,N,N,N,N,N,0,N,N,N,N,N,N,N,N,0,N,N,N,N,N,N,,,,,N,N
5.001535523659935,52.098978189108955,PUT,NL:Q:51200420,51200420,0,,Boterbloemsingel,,,Vleuten,,GM0344,Utrecht,Utrecht,,G,,Boterbloemsingel,,,"26 Vleuterweide via Langerak, 26 Vleuterweide via Langerak",bus,,,,,,205,,available,,regular,,2013-05-20 00:00:00,N,N,langshalte,0,0,0,0,0,0,0,0,0,N,0,0,0,N,N,N,N,N,N,N,0,N,N,N,N,N,N,N,N,0,N,N,N,N,N,N,,,,,N,N
5.01385855935258,52.103574815511216,PUT,NL:Q:51200230,51200230,0,,Bottensteinweg,,,Vleuten,,GM0344,Utrecht,Utrecht,,G,,Puntenburg,,,"126 Maarssen NS via Vleuten, 420 Loenen ad Vecht Kerklaan, 126 Maarssen NS via Vleuten, 420 Loenen ad Vecht Kerklaan",bus,,,,,,30,,available,,regular,,2012-03-15 00:00:00,Y,N,langshalte,0,0,"18,4",0,"0,18","1,50","1,50","14,40","1,70",N,0,"1,50",0,N,N,N,Y,Y,Y,Y,0,N,N,Y,Y,Y,Y,Y,Y,4,N,N,Y,Y,N,N,,425BD15B-0C09-47ED-9FED027490672C1A.jpg,2014-12-05 15:11:02,,N,N
5.01380047775207,52.103538679248565,PUT,NL:Q:51200240,51200240,0,,Bottensteinweg,,,Vleuten,,GM0344,Utrecht,Utrecht,,G,,Puntenburg,,,"126 De Meern Oost via Vleuten, 126 De Meern Oost via Vleuten",bus,,,,,,247,,available,,regular,,2012-08-02 08:18:00,N,Y,langshalte,0,0,14,0,"0,18","0,90","0,90",14,1,N,0,"0,90","0,09",Y,Y,N,N,N,N,Y,0,N,Y,Y,Y,Y,N,Y,N,0,N,N,Y,N,N,N,,DBAC85EA-A847-4598-9929B83A92287C07.JPG,2012-08-03 08:17:02,,N,N
5.114301084095865,52.109314769274157,PUT,NL:Q:59152070,59152070,0,,Brailledreef,,,Utrecht,,GM0344,Utrecht,Utrecht,,G,,Bruisdreef,,,"6 Utrecht CS Centrumzijde, 9 Utrecht CS Centrumzijde, 6 Utrecht CS Centrumzijde, 9 Utrecht CS Centrumzijde",bus,,,,,,246,,available,,regular,,2013-05-20 00:00:00,N,N,langshalte,0,0,0,0,0,0,0,0,0,N,0,0,0,N,N,N,N,N,N,N,0,N,N,N,N,N,N,N,N,0,N,N,N,N,N,N,,,,,N,N
5.114155493807099,52.109251516034469,PUT,NL:Q:59152080,59152080,0,,Brailledreef,,,Utrecht,,GM0344,Utrecht,Utrecht,,G,,Bruisdreef,,,"6 Overvecht-Noord via Nijenoord, 9 Overvecht-Noord via Talmalaan, 6 Overvecht-Noord via Nijenoord, 9 Overvecht-Noord via Talmalaan",bus,,,,,,67,,available,,regular,,2013-05-20 00:00:00,N,N,langshalte,0,0,0,0,0,0,0,0,0,N,0,0,0,N,N,N,N,N,N,N,0,N,N,N,N,N,N,N,N,0,N,N,N,N,N,N,,,,,N,N
5.112447592697166,52.080737417670576,PUT,NL:Q:50006350,50006350,0,,Brederoplein,,,Utrecht,,GM0344,Utrecht,Utrecht,,G,,Croeselaan,,,"1 Hoograven via Utrecht CS, 1 Hoograven via Utrecht CS",bus,,,,,,133,,available,,regular,,2013-05-20 00:00:00,N,N,langshalte,0,0,0,0,0,0,0,0,0,N,0,0,0,N,N,N,N,N,N,N,0,N,N,N,N,N,N,N,N,0,N,N,N,N,N,N,,,,,N,N
5.112768310837854,52.080774117018862,PUT,NL:Q:50006360,50006360,0,,Brederoplein,,,Utrecht,,GM0344,Utrecht,Utrecht,,G,,Croeselaan,,,"1 Overvecht via Utrecht CS, 1 Overvecht via Utrecht CS",bus,,,,,,315,,available,,regular,,2013-05-20 00:00:00,N,N,langshalte,0,0,0,0,0,0,0,0,0,N,0,0,0,N,N,N,N,N,N,N,0,N,N,N,N,N,N,N,N,0,N,N,N,N,N,N,,,,,N,N
5.137033537414222,52.066860620619806,PUT,NL:Q:50006510,50006510,0,,Brennerbaan,,,Utrecht,,GM0344,Utrecht,Utrecht,,G,,Brennerbaan,,,"10 Leidsche Rijn via Kan'eiland, 15 Hoograven, 31 De Uithof AZU via Rijnsweerd, 10 Leidsche Rijn via Kan'eiland, 15 Hoograven, 31 De Uithof AZU via Rijnsweerd",bus,,,,,,262,,available,,regular,,2011-09-22 15:12:00,Y,Y,langshalte,0,0,22,0,"0,18","2,10","2,10",22,1,N,0,"2,10","0,09",Y,Y,N,N,N,N,Y,0,N,Y,Y,Y,Y,N,Y,N,0,N,N,Y,N,Y,Y,0,EF78A193-644B-406B-BFFD34AEF1B9ED60.JPG,2011-09-23 15:12:12,,N,N
5.138272445338416,52.066989076827127,PUT,NL:Q:50006520,50006520,0,,Brennerbaan,,,Utrecht,,GM0344,Utrecht,Utrecht,,G,,Brennerbaan,,,"10 Leidsche Rijn Ziekenhuis, 10 Lunetten NS, 15 Lunetten NS, 31 Lunetten NS, 10 Leidsche Rijn Ziekenhuis, 10 Lunetten NS, 15 Lunetten NS, 31 Lunetten NS",bus,,,,,,83,,available,,regular,,2011-09-22 15:10:00,Y,Y,langshalte,0,0,20,0,"0,18",3,3,0,1,N,0,"2,40","0,09",Y,Y,N,N,N,N,Y,0,N,Y,Y,N,N,N,N,N,0,N,N,Y,N,N,N,,3F4CC031-2DDC-4CD6-933591F3D2407033.JPG,2011-09-23 15:09:30,,N,N
5.130743058070756,52.067709959190829,PUT,NL:Q:50003070,50003070,0,,Brennerbrug,,,Utrecht,,GM0344,Utrecht,Utrecht,,G,,Brennerbaan,,,"15 Lunetten NS, 447 Houten via Lunetten, 8 Lunetten via Utrecht CS, 15 Lunetten NS, 447 Houten via Lunetten, 8 Lunetten via Utrecht CS",bus,,,,,,180,,available,,regular,,2013-05-20 00:00:00,N,N,langshalte,0,0,0,0,0,0,0,0,0,N,0,0,0,N,N,N,N,N,N,N,0,N,N,N,N,N,N,N,N,0,N,N,N,N,N,N,,,,,N,N
5.130728113758982,52.067772843340578,PUT,NL:Q:50003080,50003080,0,,Brennerbrug,,,Utrecht,,GM0344,Utrecht,Utrecht,,G,,Brennerbaan,,,"15 Hoograven, 447 Utrecht CS Centrumzijde, 8 Diakonessenhuis via Utrecht CS, 15 Hoograven, 447 Utrecht CS Centrumzijde, 8 Diakonessenhuis via Utrecht CS",bus,,,,,,329,,available,,regular,,2011-08-21 14:50:00,N,N,langshalte,0,0,0,0,0,0,0,0,0,N,0,0,"0,09",N,N,N,N,N,N,Y,0,N,Y,Y,Y,Y,N,Y,N,0,N,N,Y,N,Y,Y,0,,,,N,N
4.997783932117344,52.120860833834747,PUT,NL:Q:59230060,59230060,0,,Brink,,,Haarzuilens,,GM0344,Utrecht,Utrecht,,G,,Brink,,,"127 Vleuten NS, 127 Vleuten NS via Haarzuilens, 127 Vleuten NS, 127 Vleuten NS via Haarzuilens",bus,nl.bus.59230060,,,,,209,,available,,regular,,2013-05-20 00:00:00,N,N,langshalte,0,0,0,0,0,0,0,0,0,N,0,0,0,N,N,N,N,N,N,N,0,N,N,N,N,N,N,N,N,0,N,N,N,N,N,N,,,,,N,N
4.998151071723132,52.12061936757798,PUT,NL:Q:59230070,59230070,0,,Brink,,,Haarzuilens,,GM0344,Utrecht,Utrecht,,G,,Brink,,,"127 Kockengen via Haarzuilens, 127 Kockengen via Haarzuilens",bus,nl.bus.59230060,,,,,27,,available,,regular,,2013-05-20 00:00:00,N,N,langshalte,0,0,0,0,0,0,0,0,0,N,0,0,0,N,N,N,N,N,N,N,0,N,N,N,N,N,N,N,N,0,N,N,N,N,N,N,,,,,N,N
5.137131327248613,52.080684502235918,PUT,NL:Q:50008040,50008040,0,,Burg F Andreaelaan,,,Utrecht,,GM0344,Utrecht,Utrecht,,G,,Burg Fockema Andreaelaan,,,"4 Diakonessenhuis via Biltstraat, 4 Utrecht CS via Biltstraat, 8 Diakonessenhuis via Utrecht CS, 8 Lunetten via Utrecht CS, 4 Diakonessenhuis via Biltstraat, 4 Utrecht CS via Biltstraat, 8 Diakonessenhuis via Utrecht CS, 8 Lunetten via Utrecht CS",bus,nl.bus.50008040,,,,,350,,available,,regular,,2013-05-20 00:00:00,N,N,langshalte,0,0,0,0,0,0,0,0,0,N,0,0,0,N,N,N,N,N,N,N,0,N,N,N,N,N,N,N,N,0,N,N,N,N,N,N,,,,,N,N
5.135666620461057,52.089516658097871,PUT,NL:Q:50006850,50006850,0,,Burg Reigerstraat,,,Utrecht,,GM0344,Utrecht,Utrecht,,G,,Oudwijkerveldstraat,,,"8 Diakonessenhuis via Utrecht CS, 8 Diakonessenhuis via Utrecht CS",bus,nl.bus.50006850,,,,,109,,available,,regular,,2011-07-19 13:12:00,Y,Y,langshalte,0,0,18,0,"0,18",3,3,18,1,N,0,3,"0,09",Y,Y,N,N,N,N,Y,0,N,Y,Y,Y,Y,N,Y,Y,0,N,N,Y,N,Y,Y,0,8123C549-0F25-46A9-B31588A342BF1BB7.JPG,2011-07-20 13:07:04,,N,N
5.136075673070482,52.089427649355301,PUT,NL:Q:50006860,50006860,0,,Burg Reigerstraat,,,Utrecht,,GM0344,Utrecht,Utrecht,,G,,Burg Reigerstraat,,,"8 Lunetten via Utrecht CS, 8 Lunetten via Utrecht CS",bus,nl.bus.50006850,,,,,291,,available,,regular,,2011-07-19 13:04:00,Y,Y,langshalte,0,0,18,0,"0,18","2,40","2,40",18,1,N,0,"2,40","0,09",Y,Y,N,N,N,N,Y,0,N,Y,Y,N,N,N,N,Y,0,N,N,Y,N,Y,Y,0,FE6E17D5-36C7-4AFD-B9C80C93FC639F6D.JPG,2011-07-20 13:04:38,,N,N
5.092969389929586,52.110000501702018,PUT,NL:Q:59150431,59150431,0,,Burg Van Tuyllkade,,,Utrecht,,GM0344,Utrecht,Utrecht,,G,,Van Hoornekade,,,"16 Vechtsebanen via Zuilen, 32 Maarssen via Zuilen, 34 Maarssen via Zuilen, 36 Maarssen via Zuilen, 16 Vechtsebanen via Zuilen, 32 Maarssen via Zuilen, 34 Maarssen via Zuilen, 36 Maarssen via Zuilen",bus,,,,,,279,,available,,regular,,2012-08-05 11:50:00,Y,Y,langshalte,0,0,18,0,"0,18","1,50","1,50",18,1,N,0,"1,50","0,09",Y,Y,N,N,N,N,Y,0,N,Y,Y,Y,Y,N,Y,N,0,N,N,Y,N,Y,Y,0,49E30D36-02A3-47C0-956B9A54BD53C771.JPG,2012-08-06 11:49:50,,N,N
5.093349401417094,52.109929544747807,PUT,NL:Q:59150581,59150581,0,,Burg Van Tuyllkade,,,Utrecht,,GM0344,Utrecht,Utrecht,,G,,Van Hoornekade,,,"16 Utrecht CS Centrumzijde, 32 De Uithof WKZ via Rijnsweerd, 34 Utrecht CS via Maarssen-D, 36 Utrecht CS via Maarssen-D, 16 Utrecht CS Centrumzijde, 32 De Uithof WKZ via Rijnsweerd, 34 Utrecht CS via Maarssen-D, 36 Utrecht CS via Maarssen-D",bus,,,,,,100,,available,,regular,,2012-08-05 11:49:00,Y,Y,langshalte,0,0,18,0,"0,18","1,50","1,50",18,1,N,0,"1,50","0,09",Y,Y,N,N,N,N,Y,0,N,Y,Y,Y,Y,N,Y,N,0,N,N,Y,N,Y,Y,0,2E4721D3-AFC3-47ED-BC3D0D31D5E0B8B1.JPG,2012-08-06 11:48:47,,N,N
5.069064939371646,52.086461597075449,PUT,NL:Q:51111110,51111110,0,,Burgemeester Verderlaan,,,Utrecht,,GM0344,Utrecht,Utrecht,,G,,Burgemeester Verderlaan,,,"26 Vleuterweide via Langerak, 26 Vleuterweide via Langerak",bus,nl.bus.51111110,,,,,252,,available,,regular,,2013-05-20 00:00:00,N,N,langshalte,0,0,0,0,0,0,0,0,0,N,0,0,0,N,N,N,N,N,N,N,0,N,N,N,N,N,N,N,N,0,N,N,N,N,N,N,,,,,N,N
5.069079912759688,52.086407708943845,PUT,NL:Q:51111120,51111120,0,,Burgemeester Verderlaan,,,Utrecht,,GM0344,Utrecht,Utrecht,,G,,Burgemeester Verderlaan,,,"26 Utrecht CS via Terwijde NS, 26 Utrecht CS via Terwijde NS",bus,nl.bus.51111110,,,,,66,,available,,regular,,2013-05-20 00:00:00,N,N,langshalte,0,0,0,0,0,0,0,0,0,N,0,0,0,N,N,N,N,N,N,N,0,N,N,N,N,N,N,N,N,0,N,N,N,N,N,N,,,,,N,N
5.172772368574516,52.083343270635929,PUT,NL:Q:50100700,50100700,0,,Cambridgelaan,,,Utrecht,,GM0344,Utrecht,Utrecht,,G,,Cambridgelaan,,,"412 Zeist via De Uithof, 477 Bilthoven via De Uithof, 412 Zeist via De Uithof, 477 Bilthoven via De Uithof",bus,nl.bus.50100700,,,,,90,,available,,regular,,2012-03-15 00:00:00,N,N,langshalte,0,0,0,0,0,0,0,0,0,N,0,0,0,N,N,N,N,N,N,Y,0,N,N,Y,N,N,N,N,N,0,N,N,Y,N,N,N,,2CD3D119-3385-4E15-BE6D44210EBFD89A.jpg,2014-12-05 15:11:46,,N,N
5.10624390951835,52.118490612393295,PUT,NL:Q:59150270,59150270,0,,Carnegiedreef,,,Utrecht,,GM0344,Utrecht,Utrecht,,G,,Carnegiedreef,,,"122 Nieuw-Loosdrecht via Westbroek, 122 Westbroek, 35 Maarssen-Dorp via Maarsseveen, 122 Nieuw-Loosdrecht via Westbroek, 122 Westbroek, 35 Maarssen-Dorp via Maarsseveen",bus,nl.bus.59150270,,,,,298,,available,,regular,,2011-01-04 09:22:00,Y,Y,haltehaven,"2,5",18,25,15,"0,18","1,50","1,50",18,1,N,0,"1,50","0,09",Y,Y,N,N,N,N,Y,0,N,Y,Y,Y,Y,N,Y,N,0,N,N,Y,N,N,N,,182686A8-90DA-404A-A5C9FC24287D4A89.JPG,2011-01-05 09:21:02,,N,N
5.106524421755009,52.117996938545943,PUT,NL:Q:59150280,59150280,0,,Carnegiedreef,,,Utrecht,,GM0344,Utrecht,Utrecht,,G,,Carnegiedreef,,,"122 Utrecht Overvecht NS, 35 Overvecht NS via Maarsseveen, 122 Utrecht Overvecht NS, 35 Overvecht NS via Maarsseveen",bus,nl.bus.59150270,,,,,123,,available,,regular,,2011-01-04 09:25:00,Y,Y,haltehaven,"2,5",26,18,15,"0,18","1,50","1,50",18,1,N,0,"1,50","0,09",Y,Y,N,N,N,N,Y,0,N,Y,Y,Y,Y,N,Y,N,0,N,N,Y,N,N,N,,17124391-E0B9-4343-81B592747F5C30C1.JPG,2011-01-05 09:25:04,,N,N
5.123524663660755,52.087395911482858,PUT,NL:Q:50006670,50006670,0,,Catharijneconvent,,,Utrecht,,GM0344,Utrecht,Utrecht,,G,,Catharijnesteeg,,,"2 Museumkwartier, 2 Museumkwartier",bus,,,,,,148,,available,,regular,,2012-08-05 09:47:00,Y,Y,langshalte,0,0,12,0,"0,18","1,80","1,80",12,1,N,0,"1,20","0,09",Y,Y,N,N,N,N,Y,0,N,N,N,N,N,N,N,N,0,N,N,N,N,N,N,,2BC99E1B-7027-4194-A692FB1DC6851AE2.JPG,2012-08-06 09:46:43,,N,N
5.124845967088502,52.083516011968229,PUT,NL:Q:50006710,50006710,0,,Centraal Museum,,,Utrecht,,GM0344,Utrecht,Utrecht,,G,,Agnietenstraat,,,"2 Museumkwartier, 2 Museumkwartier",bus,,,,,,253,,available,,regular,,2012-08-05 09:43:00,Y,Y,langshalte,0,0,12,0,"0,18","1,80","1,80",12,1,N,0,"1,20","0,09",Y,Y,N,N,N,N,Y,0,N,Y,N,N,N,N,N,N,0,N,N,N,N,N,N,,6E6E0A32-B5D5-42AF-A06385E5C4A6F04C.JPG,2012-08-06 09:42:39,,N,N
5.091741896731836,52.072634008891193,PUT,NL:Q:50008060,50008060,0,,Churchilllaan,,,Utrecht,,GM0344,Utrecht,Utrecht,,G,,Churchilllaan,,,"7 Voordorp via Utrecht CS, 7 Voordorp via Utrecht CS",bus,,,,,,252,,available,,regular,,2013-05-20 00:00:00,N,N,langshalte,0,0,0,0,0,0,0,0,0,N,0,0,0,N,N,N,N,N,N,N,0,N,N,N,N,N,N,N,N,0,N,N,N,N,N,N,,,,,N,N
5.094477069037574,52.069234342403803,PUT,NL:Q:50002610,50002610,0,,ColumbuslaanAfrikalaan,,,Utrecht,,GM0344,Utrecht,Utrecht,,G,,Columbuslaan,,,"7 Kanaleneiland, 7 Kanaleneiland",bus,,,,,,137,,available,,regular,,2011-03-24 15:32:00,Y,Y,langshalte,0,0,18,0,"0,18","2,40","2,40",18,1,N,0,"2,40","0,09",Y,Y,N,N,N,N,Y,0,N,Y,Y,N,N,N,N,N,0,N,N,Y,N,Y,Y,0,530491F5-804E-4CCA-89FD57FDE949C40C.JPG,2011-03-25 14:12:59,,N,N
5.094726764689328,52.068965319122945,PUT,NL:Q:50002620,50002620,0,,ColumbuslaanAfrikalaan,,,Utrecht,,GM0344,Utrecht,Utrecht,,G,,Columbuslaan,,,"7 Voordorp via Utrecht CS, 7 Voordorp via Utrecht CS",bus,,,,,,317,,available,,regular,,2011-03-24 15:33:00,Y,Y,langshalte,0,0,18,0,"0,18","2,50","2,50",18,1,N,0,"2,50","0,09",Y,Y,N,N,N,N,Y,0,N,Y,Y,Y,Y,N,Y,N,0,N,N,Y,N,Y,Y,0,D0544E35-37EB-4C23-8B4B9D9D3E0E1D89.JPG,2011-03-25 14:09:07,,N,N
5.041803880248861,52.125096505366251,PUT,NL:Q:59250640,59250640,0,,Computerweg,,,Utrecht,,GM0344,Utrecht,Utrecht,,G,,Maarssenbroeksedijk,,,"38 Utrecht CS via Lage Weide, 48 Nieuwegein via L. Rijn NS, 38 Utrecht CS via Lage Weide, 48 Nieuwegein via L. Rijn NS",bus,nl.bus.59250640,,,,,130,,available,,regular,,2012-03-15 00:00:00,N,N,langshalte,0,0,"16,8",0,"0,12","2,40","2,40",0,"2,40",N,0,"1,50",0,Y,N,N,N,N,N,Y,0,N,Y,Y,Y,Y,Y,Y,N,0,N,N,Y,Y,N,N,,EDD2F2FA-EBCA-44EB-A2336686123C470A.jpg,2014-12-05 15:12:14,,N,N
5.041774536250466,52.125114395527454,PUT,NL:Q:59250650,59250650,0,,Computerweg,,,Utrecht,,GM0344,Utrecht,Utrecht,,G,,Maarssenbroeksedijk,,,"38 Maarssen NS via Lage Weide, 48 Maarssen NS via Papendorp, 48 Papendorp via Nieuwegein, 38 Maarssen NS via Lage Weide, 48 Maarssen NS via Papendorp, 48 Papendorp via Nieuwegein",bus,nl.bus.59250640,,,,,,,available,,regular,,2013-05-20 00:00:00,N,N,langshalte,0,0,0,0,0,0,0,0,0,N,0,0,0,N,N,N,N,N,N,N,0,N,N,N,N,N,N,N,N,0,N,N,N,N,N,N,,,,,N,N
5.098381012788456,52.101610050536593,PUT,NL:Q:50000450,50000450,0,,Concordiastraat,,,Utrecht,,GM0344,Utrecht,Utrecht,,G,,Amsterdamsestraatweg,,,"3 Zuilen, 3 Zuilen, 120 Amsterdam Station Bijlmer, 120 Loenen ad Vecht , 120 Amsterdam Station Bijlmer, 120 Loenen ad Vecht",bus,nl.bus.50000450,,,,,301,,available,,regular,,2012-08-05 12:41:00,Y,Y,langshalte,0,0,18,0,"0,18","2,10","2,10",22,1,N,0,"1,20","0,09",Y,Y,N,N,N,N,Y,0,N,Y,Y,Y,Y,N,Y,N,0,N,N,Y,N,Y,Y,0,BF3EF8B1-C7CF-4522-9C75D1D011CF997E.JPG,2012-08-06 12:40:44,,N,N
5.098850426059905,52.101242688927044,PUT,NL:Q:50000460,50000460,0,,Concordiastraat,,,Utrecht,,GM0344,Utrecht,Utrecht,,G,,Amsterdamsestraatweg,,,"3 Utrecht CS Centrumzijde, 120 Utrecht Centraal, 120 Utrecht Centraal, 3 Utrecht CS Centrumzijde",bus,nl.bus.50000450,,,,,121,,available,,regular,,2012-08-05 12:42:00,Y,Y,langshalte,0,0,18,0,"0,18",2,2,22,1,N,0,"1,20","0,09",Y,Y,N,N,N,N,Y,0,N,Y,Y,Y,Y,N,Y,N,0,N,N,Y,N,Y,Y,0,94AF2D23-B792-4389-B5450FBFBDF7E795.JPG,2012-08-06 12:42:05,,N,N
5.119883864144955,52.066715117244662,PUT,NL:Q:50001390,50001390,0,,Constant Erzeijstraat,,,Utrecht,,GM0344,Utrecht,Utrecht,,G,,Constant Erzeijstraat,,,"15 Hoograven, 247 Houten NS, 47 Hoograven via Tolsteeg, 47 Houten via Hoograven, 15 Hoograven, 247 Houten NS, 47 Hoograven via Tolsteeg, 47 Houten via Hoograven",bus,nl.bus.50001390,,,,,204,,available,,regular,,2012-08-01 09:27:00,Y,Y,langshalte,"0,1",0,18,0,"0,18",3,3,18,1,N,0,3,"0,09",Y,Y,N,N,N,N,Y,0,N,Y,Y,Y,Y,N,Y,N,0,N,N,Y,N,Y,Y,0,A634B0A0-23C0-4E09-B79D1E80409820E3.JPG,2012-08-02 09:26:47,,N,N
5.120072753180299,52.066832390781421,PUT,NL:Q:50001400,50001400,0,,Constant Erzeijstraat,,,Utrecht,,GM0344,Utrecht,Utrecht,,G,,Constant Erzeijstraat,,,"15 Lunetten NS, 15 Smaragdplein, 247 Kanaleneiland-Zuid, 47 Utrecht CS Centrumzijde, 47 Utrecht CS via Doornkade, 47 Zeist via Utrecht CS, 15 Lunetten NS, 15 Smaragdplein, 247 Kanaleneiland-Zuid, 47 Utrecht CS Centrumzijde, 47 Utrecht CS via Doornkade, 47 Zeist via Utrecht CS",bus,nl.bus.50001390,,,,,15,,available,,regular,,2012-08-01 09:24:00,Y,Y,haltehaven,3,24,16,15,"0,18","3,60","3,60",16,1,N,0,"3,60","0,09",Y,Y,N,N,N,N,Y,0,N,Y,Y,Y,Y,N,Y,N,0,N,N,Y,N,Y,Y,0,75B2C7CB-101F-4AFD-9986E004FAA1F1AF.JPG,2012-08-02 09:22:49,,N,N
5.075809767380438,52.119402880065643,PUT,NL:Q:59150500,59150500,0,,Cornelis Smeenkstraat,,,Utrecht,,GM0344,Utrecht,Utrecht,,G,,Burg Norbruislaan,,,"3 Utrecht CS Centrumzijde, 32 De Uithof WKZ via Rijnsweerd, 34 Utrecht CS via Maarssen-D, 36 Utrecht CS via Maarssen-D, 3 Utrecht CS Centrumzijde, 32 De Uithof WKZ via Rijnsweerd, 34 Utrecht CS via Maarssen-D, 36 Utrecht CS via Maarssen-D",bus,,,,,,118,,available,,regular,,2012-08-05 12:07:00,Y,Y,langshalte,0,0,18,0,"0,18","1,80","1,80",22,1,N,0,"1,50","0,09",Y,Y,N,N,N,N,Y,0,N,Y,Y,Y,Y,N,Y,N,0,N,N,Y,N,N,N,,75A3782A-A9B8-4707-B183126DDF84C7F1.JPG,2012-08-06 12:06:27,,N,N
5.075871237749307,52.118962628405811,PUT,NL:Q:59150501,59150501,0,,Cornelis Smeenkstraat,,,Utrecht,,GM0344,Utrecht,Utrecht,,G,,C. Smeenkstraat,,,"3 Zuilen, 3 Zuilen",bus,,,,,,243,,available,,regular,,2012-08-05 12:05:00,Y,Y,langshalte,0,0,18,0,"0,18","2,10","2,10",22,1,N,0,"2,10","0,09",Y,Y,N,N,N,N,Y,0,N,Y,Y,N,N,N,N,N,0,N,N,N,N,N,N,,F6B6B2D6-D04F-4AE2-86B75D7DAB8AD47B.JPG,2012-08-06 12:05:01,,N,N
5.109575231515552,52.0875436518903,PUT,NL:Q:50005100,50005100,0,,CS Busstation West,,D5,Utrecht,,GM0344,Utrecht,Utrecht,,G,,Mineurslaan,,,"400 Oosterhout, 401 Breda, 400 Oosterhout, 401 Breda",bus,nl.bus.50000101,,,,,270,,available,,regular,,2012-03-15 00:00:00,Y,Y,langshalte,0,0,16,0,"0,18","7,20","8,70",16,0,N,0,"1,50",0,Y,Y,Y,Y,Y,Y,Y,0,N,Y,Y,Y,Y,Y,Y,Y,0,N,Y,Y,Y,Y,Y,6,4DDA7E1D-1BF1-483A-8A2D0A0C7B28CF8D.jpg,2014-12-05 15:12:22,,N,N
5.112042931037771,52.089607705053687,PUT,NL:Q:50000001,50000001,0,,CS Centrumzijde,,A1,Utrecht,,GM0344,Utrecht,Utrecht,,G,,Stationsplateau,,,"28 De Meern-Oost via Utrecht CS, 28 Vleuterweide via Centrum, 28 Vleuterweide via Parkwijk, 402 Utrecht CS , 402 Woerden Station, 407 Oudewater , 407 Utrecht CS , 28 De Meern-Oost via Utrecht CS, 28 Vleuterweide via Centrum, 28 Vleuterweide via Parkwijk, 402 Utrecht CS , 402 Woerden Station, 407 Oudewater , 407 Utrecht CS",bus,nl.bus.50000001,,,,,304,,available,,regular,,2013-05-20 00:00:00,N,N,langshalte,0,0,0,0,0,0,0,0,0,N,0,0,0,N,N,N,N,N,N,N,0,N,N,N,N,N,N,N,N,0,N,N,N,N,N,N,,,,,N,N
5.112292635074596,52.089338645420895,PUT,NL:Q:50000002,50000002,0,,CS Centrumzijde,,A2,Utrecht,,GM0344,Utrecht,Utrecht,,G,,Spoorstraat,,,"3 Zuilen, 9 Utrecht CS Centrumzijde, 3 Zuilen, 9 Utrecht CS Centrumzijde, 420 Loenen ad Vecht Kerklaan, 420 Loenen ad Vecht Kerklaan",bus,nl.bus.50000001,,,,,,,available,,regular,,2013-05-20 00:00:00,N,N,langshalte,0,0,0,0,0,0,0,0,0,N,0,0,0,N,N,N,N,N,N,N,0,N,N,N,N,N,N,N,N,0,N,N,N,N,N,N,,,,,N,N
5.112556926941134,52.089069619233122,PUT,NL:Q:50000003,50000003,0,,CS Centrumzijde,,A3,Utrecht,,GM0344,Utrecht,Utrecht,,G,,Stationsplateau,,,"4 Diakonessenhuis via Biltstraat, 441 Wijk bij Duurstede, 8 Diakonessenhuis via Utrecht CS, 4 Diakonessenhuis via Biltstraat, 441 Wijk bij Duurstede, 8 Diakonessenhuis via Utrecht CS",bus,nl.bus.50000001,,,,,330,,available,,regular,,2014-09-15 12:00:00,N,Y,langshalte,0,0,20,0,"0,12",6,6,0,"1,20",N,0,3,0,N,Y,Y,Y,N,N,Y,0,N,Y,Y,Y,Y,Y,Y,Y,0,N,Y,Y,Y,Y,Y,6,F78ABF1F-2BA1-4D2A-89BED50FE06D975C.jpg,2014-12-05 15:12:29,,N,N
5.112762632100488,52.088836408377055,PUT,NL:Q:50000004,50000004,0,,CS Centrumzijde,,A4,Utrecht,,GM0344,Utrecht,Utrecht,,G,,Stationsplateau,,,"28 De Uithof P+R via Utrecht CS, 28 Rijnsweerd via Utrecht CS, 412 Zeist via De Uithof, 477 Bilthoven via De Uithof, 28 De Uithof P+R via Utrecht CS, 28 Rijnsweerd via Utrecht CS, 412 Zeist via De Uithof, 477 Bilthoven via De Uithof",bus,nl.bus.50000001,,,,,330,,available,,regular,,2012-03-18 00:00:00,N,Y,semi-haltehaven,3,8,26,0,"0,12",6,6,0,"1,20",N,0,2,0,N,Y,Y,Y,Y,Y,Y,0,N,Y,Y,Y,Y,Y,Y,Y,0,N,Y,Y,Y,Y,Y,6,10A3A176-9E2F-45FD-8146AAABA4F10945.jpg,2014-12-05 15:12:36,,N,N
5.112938933357618,52.088639081047212,PUT,NL:Q:50000005,50000005,0,,CS Centrumzijde,,B3,Utrecht,,GM0344,Utrecht,Utrecht,,G,,Laan van Puntenburg,,,"495 IJsselstein via Jutphaas, 74 Nieuwegein-C via Utrecht CS, 74 Vianen via Utrecht CS, 495 IJsselstein via Jutphaas, 74 Nieuwegein-C via Utrecht CS, 74 Vianen via Utrecht CS",bus,nl.bus.50000001,,,,,150,,available,,regular,,2012-03-18 00:00:00,N,Y,semi-haltehaven,3,0,20,4,"0,12",2,2,0,"1,50",N,0,"1,50",0,N,Y,Y,Y,Y,Y,Y,0,N,Y,Y,Y,Y,Y,Y,Y,0,N,Y,Y,Y,Y,Y,6,F3C3C4DB-A9F9-446E-8E08D1C742DFDED2.jpg,2014-12-05 15:12:43,,N,N
5.112733230026919,52.088872292219712,PUT,NL:Q:50000006,50000006,0,,CS Centrumzijde,,B2,Utrecht,,GM0344,Utrecht,Utrecht,,G,,Stationsplateau,,,"474 Vianen via Galecop, 77 Nieuwegein-C via Utrecht CS, 77 Nieuwegein-Z via Utrecht CS, 474 Vianen via Galecop, 77 Nieuwegein-C via Utrecht CS, 77 Nieuwegein-Z via Utrecht CS",bus,nl.bus.50000001,,,,,150,,available,,regular,,2012-03-18 00:00:00,N,Y,langshalte,0,0,20,0,"0,12",2,2,0,"1,50",N,0,2,0,N,Y,Y,Y,Y,Y,Y,0,N,Y,Y,Y,Y,Y,Y,Y,0,N,Y,Y,Y,Y,Y,6,09AE168E-86A1-487A-8ADF3FC87D3C3B56.jpg,2014-12-05 15:12:49,,N,N
5.112512933700328,52.089105469031395,PUT,NL:Q:50000007,50000007,0,,CS Centrumzijde,,B1,Utrecht,,GM0344,Utrecht,Utrecht,,G,,Stationsplateau,,,"447 Houten via Lunetten, 47 Hoograven via Tolsteeg, 47 Houten via Hoograven, 51 Utrecht CS via Kerckebosch, 8 Lunetten via Utrecht CS, 447 Houten via Lunetten, 47 Hoograven via Tolsteeg, 47 Houten via Hoograven, 51 Utrecht CS via Kerckebosch, 8 Lunetten via Utrecht CS",bus,nl.bus.50000001,,,,,150,,available,,regular,,2012-03-18 00:00:00,N,Y,langshalte,0,0,20,0,"0,12",2,2,0,"1,80",N,0,2,0,N,Y,Y,Y,Y,Y,Y,0,N,Y,Y,Y,Y,Y,Y,Y,0,N,Y,Y,Y,Y,Y,6,6B423AEB-A76C-4D6C-A7636250C84F1015.jpg,2014-12-05 15:12:56,,N,N
5.112631591044228,52.088791162939501,PUT,NL:Q:50000008,50000008,0,,CS Centrumzijde,,B4,Utrecht,,GM0344,Utrecht,Utrecht,,G,,Stationsplateau,,,"251 Zeist Handelsc. via Zeist-Centr., 452 Amersfoort via Vollenhove, 47 Utrecht CS Centrumzijde, 47 Utrecht CS via Doornkade, 47 Zeist via Utrecht CS, 51 Drieb.-Zeist NS via Kerckebosch, 450 Amerongen Dorp , 50 Amerongen Dorp , 50 Doorn Postkantoor, 50 Driebergen-Zeist Station, 50 Wageningen Busstation, 251 Zeist Handelsc. via Zeist-Centr., 452 Amersfoort via Vollenhove, 47 Utrecht CS Centrumzijde, 47 Utrecht CS via Doornkade, 47 Zeist via Utrecht CS, 51 Drieb.-Zeist NS via Kerckebosch, 450 Amerongen Dorp , 50 Amerongen Dorp , 50 Doorn Postkantoor, 50 Driebergen-Zeist Station, 50 Wageningen Busstation",bus,nl.bus.50000001,,,,,330,,available,,regular,,2012-03-18 00:00:00,N,N,langshalte,0,0,20,0,"0,12",2,2,0,"1,70",N,0,2,0,N,N,N,N,Y,Y,Y,0,N,Y,Y,Y,Y,Y,Y,Y,0,N,Y,Y,Y,Y,Y,6,8F224E9C-155E-4F8A-AA1D17E1A5A8F604.jpg,2014-12-05 15:13:02,,N,N
5.112047961220813,52.088789802388177,PUT,NL:Q:50000009,50000009,0,,CS Centrumzijde,,C1,Utrecht,,GM0344,Utrecht,Utrecht,,G,,Stationsplein,,,"1 Hoograven via Utrecht CS, 5 Kanaleneiland via Utrecht CS, 7 Kanaleneiland, 1 Hoograven via Utrecht CS, 5 Kanaleneiland via Utrecht CS, 7 Kanaleneiland",bus,nl.bus.50000001,,,,,150,,available,,regular,,2012-03-18 00:00:00,N,N,langshalte,0,0,20,0,"0,12","4,20","4,20",0,"1,50",N,0,"4,20",0,N,N,N,N,N,N,Y,0,N,Y,Y,Y,Y,Y,Y,Y,0,N,Y,Y,Y,Y,Y,6,A890E056-BD11-4946-ABF1FBAA089B796E.jpg,2014-12-05 15:13:09,,N,N
5.112059733028008,52.089248221461219,PUT,NL:Q:50000010,50000010,0,,CS Centrumzijde,,B5,Utrecht,,GM0344,Utrecht,Utrecht,,G,,Stationsplateau,,,"2 Museumkwartier, 2 Museumkwartier",bus,nl.bus.50000001,,,,,315,,available,,regular,,2012-03-18 00:00:00,N,N,langshalte,0,0,24,0,"0,12","1,20","1,20",0,"0,80",Y,1,1,0,N,N,N,N,N,N,Y,0,N,Y,Y,Y,Y,N,N,Y,0,N,Y,Y,Y,Y,Y,6,6ACA30DF-69F4-4B42-AFFFF2D9993A67CC.jpg,2014-12-05 15:13:15,,N,N
5.112133184834182,52.08916750020866,PUT,NL:Q:50000011,50000011,0,,CS Centrumzijde,,B6,Utrecht,,GM0344,Utrecht,Utrecht,,G,,Stationsplateau,,,"1 Overvecht via Utrecht CS, 3 Utrecht CS Centrumzijde, 9 Overvecht-Noord via Talmalaan, 1 Overvecht via Utrecht CS, 3 Utrecht CS Centrumzijde, 9 Overvecht-Noord via Talmalaan",bus,nl.bus.50000001,,,,,120,,available,,regular,,2012-03-18 00:00:00,N,N,langshalte,0,0,24,0,"0,12","1,20","1,20",0,"0,80",Y,1,1,0,N,N,N,N,N,N,Y,0,N,Y,Y,Y,Y,N,N,Y,0,N,Y,Y,Y,Y,Y,6,86DA0BBB-6709-4FC6-B727E24E1B39351A.jpg,2014-12-05 15:13:22,,N,N
5.112206636374968,52.089086778909092,PUT,NL:Q:50000012,50000012,0,,CS Centrumzijde,,B7,Utrecht,,GM0344,Utrecht,Utrecht,,G,,Stationsplateau,,,"6 Nijenoord, 6 Overvecht-Noord via Nijenoord, 6 Nijenoord, 6 Overvecht-Noord via Nijenoord",bus,nl.bus.50000001,,,,,120,,available,,regular,,2012-03-18 00:00:00,N,N,langshalte,0,0,24,0,"0,12","1,30","1,30",0,"0,90",Y,1,1,0,N,N,N,N,N,N,Y,0,N,Y,Y,Y,Y,N,N,Y,0,N,Y,Y,Y,Y,Y,6,14275E5F-995B-4A65-9EE3CB9DA43155CB.jpg,2014-12-05 15:13:28,,N,N
5.112280087650364,52.089006057562507,PUT,NL:Q:50000013,50000013,0,,CS Centrumzijde,,B8,Utrecht,,GM0344,Utrecht,Utrecht,,G,,Stationsplateau,,,"16 Vechtsebanen via Zuilen, 34 Maarssen via Zuilen, 36 Maarssen via Zuilen, 16 Vechtsebanen via Zuilen, 34 Maarssen via Zuilen, 36 Maarssen via Zuilen",bus,nl.bus.50000001,,,,,120,,available,,regular,,2012-03-18 00:00:00,N,N,langshalte,0,0,24,0,"0,12","1,20","1,20",0,"0,80",Y,1,1,0,N,N,N,N,N,N,Y,0,N,Y,Y,Y,Y,N,N,Y,0,N,Y,Y,Y,Y,Y,6,D3EF2B9F-1D47-4CC2-96898FF2AF775134.jpg,2014-12-05 15:13:35,,N,N
5.112353538660376,52.088925336168892,PUT,NL:Q:50000014,50000014,0,,CS Centrumzijde,,B9,Utrecht,,GM0344,Utrecht,Utrecht,,G,,Stationsplateau,,,"5 Voordorp, 55 Maartensdijk via Tuindorp, 7 Voordorp via Utrecht CS, 5 Voordorp, 55 Maartensdijk via Tuindorp, 7 Voordorp via Utrecht CS",bus,nl.bus.50000001,,,,,120,,available,,regular,,2012-03-18 00:00:00,N,N,langshalte,0,0,24,0,"0,12","1,30","1,30",0,"0,90",Y,1,2,0,N,N,N,N,N,N,Y,0,N,Y,Y,Y,Y,N,N,Y,0,N,Y,Y,Y,Y,Y,6,2FAE3858-0974-4502-91AA12A1730135EC.jpg,2014-12-05 15:13:41,,N,N
5.112426989405003,52.088844614728295,PUT,NL:Q:50000015,50000015,0,,CS Centrumzijde,,B10,Utrecht,,GM0344,Utrecht,Utrecht,,G,,Stationsplateau,,,"41 Utrecht CS Centrumzijde, 41 Zeist via Utrecht CS, 52 Amersfoort via Vollenhove, 52 Soesterberg via Vollenhove, 52 Zeist via Vollenhove, 53 Zeist via Vollenhove, 41 Utrecht CS Centrumzijde, 41 Zeist via Utrecht CS, 52 Amersfoort via Vollenhove, 52 Soesterberg via Vollenhove, 52 Zeist via Vollenhove, 53 Zeist via Vollenhove",bus,nl.bus.50000001,,,,,120,,available,,regular,,2012-03-18 00:00:00,N,N,langshalte,0,0,24,0,"0,12","1,30","1,30",0,"0,90",Y,1,1,0,N,N,N,N,N,N,Y,0,N,Y,Y,Y,Y,N,N,Y,0,N,Y,Y,Y,Y,Y,6,4A19C201-90E8-4D9D-8BDDE6FC96D42D62.jpg,2014-12-05 15:13:48,,N,N
5.112500439884245,52.088763893240667,PUT,NL:Q:50000016,50000016,0,,CS Centrumzijde,,B11,Utrecht,,GM0344,Utrecht,Utrecht,,G,,Stationsplateau,,,"74 Zeist via Utrecht CS, 74 Zeist via Utrecht CS",bus,nl.bus.50000001,,,,,120,,available,,regular,,2012-03-18 00:00:00,N,N,langshalte,0,0,24,0,"0,12","1,30","1,30",0,"0,90",Y,1,1,0,N,N,N,N,N,N,Y,0,N,Y,Y,Y,Y,N,N,Y,0,N,Y,Y,Y,Y,Y,6,3F4FB489-CBC1-499E-899247AB74AC41CB.jpg,2014-12-05 15:13:54,,N,N
5.112573890098107,52.088683171706016,PUT,NL:Q:50000017,50000017,0,,CS Centrumzijde,,B12,Utrecht,,GM0344,Utrecht,Utrecht,,G,,Stationsplateau,,,"77 Bilthoven via Utrecht CS, 77 Sartreweg, 77 Bilthoven via Utrecht CS, 77 Sartreweg",bus,nl.bus.50000001,,,,,120,,available,,regular,,2012-03-18 00:00:00,N,N,langshalte,0,0,22,0,"0,12","1,20","1,20",0,"0,60",Y,1,1,0,N,N,N,N,N,N,Y,0,N,Y,Y,Y,Y,N,N,Y,0,N,Y,Y,Y,Y,Y,6,E4967E66-0446-493B-9D806E80DB0ADE22.jpg,2014-12-05 15:14:01,,N,N
5.111930571670783,52.088897385232883,PUT,NL:Q:50000018,50000018,0,,CS Centrumzijde,,B13,utrecht,,GM0344,Utrecht,Utrecht,,G,,Stationsplein,,,"120 Amsterdam Station Bijlmer, 120 Loenen ad Vecht , 120 Amsterdam Station Bijlmer, 120 Loenen ad Vecht",bus,nl.bus.50000001,,,,,120,,available,,regular,,2012-03-18 00:00:00,N,N,langshalte,0,0,13,0,"0,12","1,30","1,30",0,"0,90",N,0,0,"0,12",N,N,N,N,N,N,Y,0,N,Y,Y,Y,Y,N,N,Y,0,N,Y,Y,Y,Y,Y,6,28F89FAF-EB7D-43C4-896AABAE811297AF.jpg,2014-12-05 15:14:08,,N,N
5.112224210205853,52.088601464070621,PUT,NL:Q:50000019,50000019,0,,CS Centrumzijde,,C2,Utrecht,,GM0344,Utrecht,Utrecht,,G,,Stationsplein,,,"41 Stadion Galgenwaard, 41 Wijk bij Duurstede, 52 Utrecht CS Centrumzijde, 52 Utrecht CS via Zeist, 53 Utrecht CS Centrumzijde, 41 Stadion Galgenwaard, 41 Wijk bij Duurstede, 52 Utrecht CS Centrumzijde, 52 Utrecht CS via Zeist, 53 Utrecht CS Centrumzijde",bus,nl.bus.50000001,,,,,141,,available,,regular,,2012-03-18 00:00:00,N,N,langshalte,0,0,20,0,"0,12","4,20","4,20",0,"1,50",N,0,"4,20",0,N,N,N,N,Y,Y,Y,0,N,Y,Y,Y,Y,Y,Y,Y,0,N,Y,Y,Y,Y,Y,6,7399D1EC-D744-43E5-9F7D7738A6C26132.jpg,2014-12-05 15:14:14,,N,N
5.112151809330983,52.088511414484067,PUT,NL:Q:50000020,50000020,0,,CS Centrumzijde,,C3,Utrecht,,GM0344,Utrecht,Utrecht,,G,,Stationsplein,,,"12 De Uithof AZU via Galgenwaard, 12 De Uithof AZU via Galgenwaard",bus,nl.bus.50000001,,,,,150,,available,,regular,,2012-03-18 00:00:00,N,Y,langshalte,0,0,20,0,"0,12",2,2,0,"1,10",N,0,"1,60",0,N,Y,Y,Y,N,N,Y,0,N,Y,Y,Y,Y,Y,Y,Y,0,N,Y,Y,Y,Y,Y,6,AA00C742-A683-4342-81BEA47F4FD1B3C2.jpg,2014-12-05 15:14:21,,N,N
5.111839873883755,52.08940949346875,PUT,NL:Q:50000021,50000021,0,,CS Centrumzijde,,,Utrecht,,GM0344,Utrecht,Utrecht,,G,,,,,"12 Utrecht CS Centrumzijde, 2 Museumkwartier, 447 Utrecht CS Centrumzijde, 474 Utrecht CS Centrumzijde, 495 Utrecht CS Centrumzijde, 12 Utrecht CS Centrumzijde, 2 Museumkwartier, 447 Utrecht CS Centrumzijde, 474 Utrecht CS Centrumzijde, 495 Utrecht CS Centrumzijde",bus,nl.bus.50000001,,,,,255,,available,,regular,,2012-03-18 00:00:00,N,N,langshalte,0,0,40,0,"0,12",2,2,0,"1,80",N,0,2,0,N,N,N,N,N,N,N,0,N,Y,Y,Y,Y,Y,Y,Y,0,N,Y,N,Y,Y,Y,32,EA27712A-3076-4403-887F0C937DC5889F.jpg,2014-12-05 15:14:27,,N,N
5.112292635074596,52.089338645420895,PUT,NL:Q:50000022,50000022,0,,CS Centrumzijde,,,Utrecht,,GM0344,Utrecht,Utrecht,,G,,Spoorstraat,,,"16 Utrecht CS Centrumzijde, 251 Utrecht CS via Zeist-Centr., 28 De Meern-Oost via Utrecht CS, 28 De Uithof P+R via Utrecht CS, 28 Rijnsweerd via Utrecht CS, 28 Vleuterweide via Centrum, 34 Utrecht CS via Maarssen-D, 36 Utrecht CS via Maarssen-D, 4 Utrecht CS via Biltstraat, 412 Utrecht CS Centrumzijde, 452 Utrecht CS Centrumzijde, 55 Utrecht CS Centrumzijde, 6 Utrecht CS Centrumzijde, 9 Utrecht CS Centrumzijde, 120 Utrecht Centraal, 402 Utrecht CS , 407 Utrecht CS , 420 Loenen ad Vecht Kerklaan, 50 Utrecht CS , 681 Utrecht CS , 16 Utrecht CS Centrumzijde, 251 Utrecht CS via Zeist-Centr., 28 De Meern-Oost via Utrecht CS, 28 De Uithof P+R via Utrecht CS, 28 Rijnsweerd via Utrecht CS, 28 Vleuterweide via Centrum, 34 Utrecht CS via Maarssen-D, 36 Utrecht CS via Maarssen-D, 4 Utrecht CS via Biltstraat, 412 Utrecht CS Centrumzijde, 452 Utrecht CS Centrumzijde, 55 Utrecht CS Centrumzijde, 6 Utrecht CS Centrumzijde, 9 Utrecht CS Centrumzijde, 120 Utrecht Centraal, 402 Utrecht CS , 407 Utrecht CS , 420 Loenen ad Vecht Kerklaan, 50 Utrecht CS , 681 Utrecht CS",bus,nl.bus.50000001,,,,,150,,available,,regular,,2012-03-18 00:00:00,N,Y,langshalte,0,0,40,0,"0,12",2,2,0,2,N,0,2,0,N,Y,Y,Y,N,N,Y,0,N,Y,Y,Y,Y,Y,Y,Y,0,N,Y,N,Y,Y,Y,0,0E64E4C6-4BED-490D-81B40773F1A04B67.jpg,2014-12-05 15:14:34,,N,N
5.112821766825816,52.088710713013789,PUT,NL:Q:50000034,50000034,0,,CS Centrumzijde,,,utrecht,,GM0344,Utrecht,Utrecht,,G,,Stationsplateau,,,"681 Amersfoort HB/Lodenst.Coll, 681 Amersfoort HB/Lodenst.Coll",bus,nl.bus.50000001,,,,,330,,available,,regular,,2012-03-15 00:00:00,N,N,langshalte,0,0,20,0,"0,12",2,2,0,"1,20",N,0,2,0,N,N,N,N,N,N,N,0,N,Y,Y,Y,Y,Y,Y,Y,0,N,Y,N,Y,Y,Y,0,549E1A7D-D57D-4E17-B5A64841587FAE76.jpg,2014-12-05 15:14:40,,N,N
5.105869635351222,52.089799862511811,PUT,NL:Q:50000180,50000180,0,,CS Jaarbeursplein,,H2,Utrecht,,GM0344,Utrecht,Utrecht,,G,,,,,"60 Nieuwegein Zuid, 61 IJsselstein Zuid, 61 Utrecht P+R Westraven, 60 Nieuwegein Zuid, 61 IJsselstein Zuid, 61 Utrecht P+R Westraven",tram,nl.tram.50000180,,,,,254,,available,,regular,,2014-09-25 10:40:00,Y,Y,langshalte,0,0,0,0,"0,86","2,10","2,80","65,20","1,50",Y,"15,40","2,40","0,86",N,Y,Y,Y,N,N,N,0,N,Y,Y,Y,Y,N,Y,N,0,Y,Y,Y,Y,Y,Y,3,49A11D7A-D073-45CF-91DA9081ECC6B5AD.jpg,2014-12-05 15:14:47,,N,N
5.105957520771223,52.089746143749494,PUT,NL:Q:50000185,50000185,0,,CS Jaarbeursplein,,H1,Utrecht,,GM0344,Utrecht,Utrecht,,G,,,,,"260 Spitstram Nieuwegein Zuid, 260 Spitstram Utrecht CS Jaarbeursplein, 260 Spitstram Nieuwegein Zuid, 260 Spitstram Utrecht CS Jaarbeursplein",tram,nl.tram.50000180,,,,,60,,available,,regular,,2014-09-25 10:43:00,Y,Y,langshalte,0,0,0,0,"0,77","1,95","1,95","65,40","1,70",Y,"16,40","0,95","0,67",Y,Y,Y,Y,N,N,N,0,N,Y,Y,Y,N,N,N,N,0,Y,N,Y,N,Y,Y,3,F40A4D31-77EF-4424-B7E8F0C5112BA345.jpg,2014-12-05 15:14:53,,N,N
5.105928451683634,52.089728098263727,PUT,NL:Q:50000210,50000210,0,,CS Jaarbeursplein,,H3,Utrecht,,GM0344,Utrecht,Utrecht,,G,,,,,"60 Utrecht CS Jaarbeursplein, 61 Utrecht CS Jaarbeursplein, 60 Utrecht CS Jaarbeursplein, 61 Utrecht CS Jaarbeursplein",tram,nl.tram.50000180,,,,,250,,available,,regular,,2014-09-25 10:53:00,Y,Y,langshalte,0,0,0,0,"0,86","2,10","2,80","65,20","1,50",Y,"15,40","2,40","0,86",N,Y,Y,Y,N,N,N,0,N,Y,Y,Y,Y,N,Y,N,0,Y,Y,Y,Y,Y,Y,3,4671F7A8-AE2A-488B-B22D8F420E941615.jpg,2014-12-05 15:15:00,,N,N
5.109133890586337,52.088126836604204,PUT,NL:Q:50000101,50000101,0,,CS Jaarbeurszijde,,D1,Utrecht,,GM0344,Utrecht,Utrecht,,G,,Mineurslaan,,,"37 Maarssenbroek via Lage Weide, 38 Maarssen NS via Lage Weide, 37 Maarssenbroek via Lage Weide, 38 Maarssen NS via Lage Weide",bus,nl.bus.50000101,,,,,264,,available,,regular,,2013-05-20 00:00:00,N,N,langshalte,0,0,0,0,0,0,0,0,0,N,0,0,0,N,N,N,N,N,N,N,0,N,N,N,N,N,N,N,N,0,N,N,N,N,N,N,,,,,N,N
5.109236470984714,52.088055173904053,PUT,NL:Q:50000102,50000102,0,,CS Jaarbeurszijde,,D2,Utrecht,,GM0344,Utrecht,Utrecht,,G,,Mineurslaan,,,"19 De Wetering via Terwijde, 39 Maarssen NS via Terwijde, 19 De Wetering via Terwijde, 39 Maarssen NS via Terwijde",bus,nl.bus.50000101,,,,,270,,available,,regular,,2012-03-15 00:00:00,Y,Y,langshalte,0,0,16,0,"0,18","2,40","2,10",16,"1,50",Y,1,2,0,Y,Y,Y,Y,Y,Y,Y,0,N,Y,Y,Y,Y,Y,Y,Y,0,N,Y,Y,Y,Y,N,4,506615BB-E1E4-4108-A4B2A55BFA111E26.jpg,2014-12-05 15:15:06,,N,N
5.109426593930371,52.087983717391957,PUT,NL:Q:50000103,50004050,0,,CS Jaarbeurszijde,,D3,Utrecht,,GM0344,Utrecht,Utrecht,,G,,,,,"387 Gorinchem Station, 85 Leerdam Lingepolikliniek, 85 Leerdam Station, 387 Gorinchem Station, 85 Leerdam Lingepolikliniek, 85 Leerdam Station",bus,nl.bus.50000101,,,,,270,,available,,regular,,2012-03-15 00:00:00,Y,Y,langshalte,0,0,16,0,"0,18","2,40","2,10",16,"1,50",Y,1,2,0,Y,Y,Y,Y,Y,Y,Y,0,N,Y,Y,Y,Y,Y,Y,Y,0,N,Y,Y,Y,Y,N,4,429EAA43-1B88-41DD-A7A250CF026A544E.jpg,2014-12-05 15:15:13,,N,N
5.109470644330347,52.08793888079888,PUT,NL:Q:50000104,50004070,0,,CS Jaarbeurszijde,,D4,Utrecht,,GM0344,Utrecht,Utrecht,,G,,,,,"181 Gorinchem Station, 81 Gorinchem Station, 90 Alblasserdam Dam, 90 Alblasserdam Rijnstraat, 90 Ameide Prinsengracht, 90 Gelkenes Schoonhovense Veer, 90 Rotterdam Zuidplein, 181 Gorinchem Station, 81 Gorinchem Station, 90 Alblasserdam Dam, 90 Alblasserdam Rijnstraat, 90 Ameide Prinsengracht, 90 Gelkenes Schoonhovense Veer, 90 Rotterdam Zuidplein",bus,nl.bus.50000101,,,,,270,,available,,regular,,2012-03-15 00:00:00,Y,Y,langshalte,0,0,16,0,"0,18","2,40","2,10",16,"1,50",Y,1,2,0,Y,Y,Y,Y,Y,Y,Y,0,N,Y,Y,Y,Y,Y,Y,Y,0,N,Y,Y,Y,Y,N,4,1FAFCE7D-683C-4913-BCC93AF34E76E72B.jpg,2014-12-05 15:15:19,,N,N
5.109382431821747,52.08804652985102,PUT,NL:Q:50000105,50004030,0,,CS Jaarbeurszijde,,D5,Utrecht,,GM0344,Utrecht,Utrecht,,G,,,,,"388 Dordrecht CS, 388 Dordrecht CS",bus,nl.bus.50000101,,,,,270,,available,,regular,,2012-03-15 00:00:00,N,Y,langshalte,0,0,16,0,0,"2,40","2,10",16,"1,50",Y,1,2,0,Y,Y,Y,Y,Y,Y,Y,0,N,Y,Y,Y,Y,Y,Y,Y,0,N,Y,Y,Y,Y,N,4,66AB5525-CF5A-4AE8-9B682745F8228F9B.jpg,2014-12-05 15:15:26,,N,N
5.109544879532515,52.087732329958968,PUT,NL:Q:50000106,50000106,0,,CS Jaarbeurszijde,,E1,Utrecht,,GM0344,Utrecht,Utrecht,,G,,Mineurslaan,,,"25 Cartesiusweg via Oog in Al, 26 Vleuterweide via Langerak, 25 Cartesiusweg via Oog in Al, 26 Vleuterweide via Langerak",bus,nl.bus.50000101,,,,,318,,available,,regular,,2012-03-15 00:00:00,Y,Y,langshalte,0,0,16,0,"0,18","2,40","2,10",16,"1,50",Y,1,2,0,Y,Y,Y,Y,Y,Y,Y,0,N,Y,Y,Y,Y,Y,Y,Y,0,N,Y,Y,Y,Y,N,4,D2D4C009-C420-4500-8561F1D6D92B2559.jpg,2014-12-05 15:15:33,,N,N
5.109618333380361,52.087651610255925,PUT,NL:Q:50000107,50000107,0,,CS Jaarbeurszijde,,E2,Utrecht,,GM0344,Utrecht,Utrecht,,G,,Mineurslaan,,,"24 De Meern-Oost via Papendorp, 102 Woerden Station, 103 Woerden Station (Zuid), 102 Woerden Station, 103 Woerden Station (Zuid), 24 De Meern-Oost via Papendorp",bus,nl.bus.50000101,,,,,319,,available,,regular,,2012-03-15 00:00:00,Y,Y,langshalte,0,0,16,0,"0,18","2,40","2,10",16,"1,50",Y,1,2,0,Y,Y,Y,Y,Y,Y,Y,0,N,Y,Y,Y,Y,Y,Y,Y,0,N,Y,Y,Y,Y,N,4,FDB75406-D9CF-4558-A19D6942AE82C121.jpg,2014-12-05 15:15:39,,N,N
5.109604189128508,52.087579672367241,PUT,NL:Q:50000108,50000108,0,,CS Jaarbeurszijde,,E3,utrecht,,GM0344,Utrecht,Utrecht,,G,,Mineurslaan,,,"107 Gouda Station, 107 Montfoort , 107 Montfoort Kasteelplein, 107 Oudewater , 207 Oudewater , 107 Gouda Station, 107 Montfoort , 107 Montfoort Kasteelplein, 107 Oudewater , 207 Oudewater",bus,nl.bus.50000101,,,,,139,,available,,regular,,2012-03-15 00:00:00,Y,Y,langshalte,0,0,16,0,"0,18","2,40","2,10",16,"1,50",Y,1,2,0,Y,Y,Y,Y,Y,Y,Y,0,N,Y,Y,Y,Y,Y,Y,Y,0,N,Y,Y,Y,Y,N,4,FF9F0FD8-B1D8-4114-9472AAD808036C2F.jpg,2014-12-05 15:15:46,,N,N
5.109750649961191,52.087490136375564,PUT,NL:Q:50000109,50000109,0,,CS Jaarbeurszijde,,E4,Utrecht,,GM0344,Utrecht,Utrecht,,G,,Mineurslaan,,,"29 Papendorp Zuid, 195 Rotterdam Capelsebrug, 195 Schoonhoven , 295 Rotterdam Capelsebrug, 295 Schoonhoven Henri Dunantpl., 195 Rotterdam Capelsebrug, 195 Schoonhoven , 295 Rotterdam Capelsebrug, 295 Schoonhoven Henri Dunantpl., 195 Rotterdam CB via Benschop, 195 Schoonhoven via Benschop, 295 Rotterdam Capelsebrug, 295 Schoonhoven, 195 Rotterdam CB via Benschop, 195 Schoonhoven via Benschop, 295 Rotterdam Capelsebrug, 295 Schoonhoven, 29 Papendorp Zuid",bus,nl.bus.50000101,,,,,319,,available,,regular,,2012-03-15 00:00:00,Y,Y,langshalte,0,0,16,0,"0,18","2,40","2,10",16,"1,50",Y,1,2,0,Y,Y,Y,Y,Y,Y,Y,0,N,Y,Y,Y,Y,Y,Y,Y,0,N,Y,Y,Y,Y,N,4,B82A784E-F2D8-4E69-A666B765BF2E5961.jpg,2014-12-05 15:15:52,,N,N
5.109809512746732,52.087409382214666,PUT,NL:Q:50000110,50000110,0,,CS Jaarbeurszijde,,E5,Utrecht,,GM0344,Utrecht,Utrecht,,G,,Mineurslaan,,,"63 Vianen, 63 Vianen",bus,nl.bus.50000101,,,,,104,,available,,regular,,2012-03-15 00:00:00,Y,Y,langshalte,0,0,16,0,"0,18","2,40","2,10",16,"1,50",Y,1,2,0,Y,Y,Y,Y,Y,Y,Y,0,N,Y,Y,Y,Y,Y,Y,Y,0,N,Y,Y,Y,Y,N,4,4AEB8C8B-D5C2-4546-8F185160235CC2EF.jpg,2014-12-05 15:21:17,,N,N
5.10985378505334,52.087328593702814,PUT,NL:Q:50000111,50000111,0,,CS Jaarbeurszijde,,E6,Utrecht,,GM0344,Utrecht,Utrecht,,G,,Mineurslaan,,,"65 Nieuwegein Het Klooster, 65 Vianen via Plettenburg, 66 Nieuwegein-C via De Liesbosch, 65 Nieuwegein Het Klooster, 65 Vianen via Plettenburg, 66 Nieuwegein-C via De Liesbosch",bus,nl.bus.50000101,,,,,101,,available,,regular,,2012-03-15 00:00:00,Y,Y,langshalte,0,0,16,0,"0,18","2,40","2,10",16,"1,50",Y,1,2,0,Y,Y,Y,Y,Y,Y,Y,0,N,Y,Y,Y,Y,Y,Y,Y,0,N,Y,Y,Y,Y,N,4,ABC61391-5ABD-42C8-983409FC636F0A3D.jpg,2014-12-05 15:21:23,,N,N
5.109616102875902,52.088011127930216,PUT,NL:Q:50000112,50000112,0,,CS Jaarbeurszijde,,,Utrecht,,GM0344,Utrecht,Utrecht,,G,,,,,"24 Utrecht CS via Papendorp, 29 Utrecht CS Jaarbeurszijde, 63 Utrecht CS Jaarbeurszijde, 65 Utrecht CS Jaarbeurszijde, 65 Utrecht CS via Plettenburg, 66 Utrecht CS via De Liesbosch, 195 Utrecht CS/West, 195 Utrecht CS/West via Benschop, 295 Utrecht CS/West, 400 Utrecht CS Busstation West, 401 Utrecht CS Busstation West, 24 Utrecht CS via Papendorp, 29 Utrecht CS Jaarbeurszijde, 63 Utrecht CS Jaarbeurszijde, 65 Utrecht CS Jaarbeurszijde, 65 Utrecht CS via Plettenburg, 66 Utrecht CS via De Liesbosch, 400 Utrecht CS Busstation West, 401 Utrecht CS Busstation West, 102 Utrecht CS/Jaarbeurs, 103 Utrecht CS/Jaarbeurs, 107 Utrecht CS/Jaarbeurs, 195 Utrecht CS/Jaarbeurs, 207 Utrecht CS/Jaarbeurs, 295 Utrecht CS/Jaarbeurs, 102 Utrecht CS/Jaarbeurs, 103 Utrecht CS/Jaarbeurs, 107 Utrecht CS/Jaarbeurs, 195 Utrecht CS/Jaarbeurs, 207 Utrecht CS/Jaarbeurs, 295 Utrecht CS/Jaarbeurs, 195 Utrecht CS/West, 195 Utrecht CS/West via Benschop, 295 Utrecht CS/West",bus,nl.bus.50000101,,,,,330,,available,,regular,,2012-03-15 00:00:00,N,Y,langshalte,0,0,"70,8",0,"0,18",0,3,"70,80","1,70",N,0,3,0,Y,Y,Y,Y,N,N,Y,0,N,Y,Y,N,N,N,N,N,0,N,N,N,N,N,N,,E8E0A35C-4826-426B-8751268562F032C8.jpg,2014-12-05 15:21:30,,N,N
5.109752377741136,52.087211510153907,PUT,NL:Q:50000113,50000113,0,,CS Jaarbeurszijde,,,Utrecht,,GM0344,Utrecht,Utrecht,,G,,Mineurslaan,,,"19 Terwijde via De Wetering, 25 Utrecht CS Jaarbeurszijde, 26 Utrecht CS via Terwijde NS, 37 Utrecht CS via Maarssenbr, 38 Utrecht CS via Lage Weide, 39 Utrecht CS Jaarbeurszijde, 39 Utrecht CS via Terwijde, 19 Terwijde via De Wetering, 25 Utrecht CS Jaarbeurszijde, 26 Utrecht CS via Terwijde NS, 37 Utrecht CS via Maarssenbr, 38 Utrecht CS via Lage Weide, 39 Utrecht CS Jaarbeurszijde, 39 Utrecht CS via Terwijde, 181 Utrecht Busstation West, 387 Utrecht Busstation West, 388 Utrecht Busstation West, 81 Utrecht Busstation West, 85 Utrecht Busstation West, 90 Utrecht Busstation West, 181 Utrecht Busstation West, 387 Utrecht Busstation West, 388 Utrecht Busstation West, 81 Utrecht Busstation West, 85 Utrecht Busstation West, 90 Utrecht Busstation West",bus,nl.bus.50000101,,,,,150,,available,,regular,,2012-03-15 00:00:00,N,Y,langshalte,0,0,"48,8",0,"0,18",0,"1,80","48,80","1,80",N,0,"1,80",0,Y,Y,Y,Y,N,N,Y,0,N,N,Y,N,N,N,N,N,0,N,N,N,N,N,N,,E8D54924-50C9-4E68-B03BC915A20DD48F.jpg,2014-12-05 15:21:36,,N,N
5.094558646230548,52.125904288449675,PUT,NL:Q:59150240,59150240,0,,Daelwijck,,,Utrecht,,GM0344,Utrecht,Utrecht,,G,,Franciscusdreef,,,"122 Utrecht Overvecht NS, 35 Overvecht NS via Maarsseveen, 122 Utrecht Overvecht NS, 35 Overvecht NS via Maarsseveen",bus,,,,,,238,,available,,regular,,2013-05-20 00:00:00,N,N,langshalte,0,0,0,0,0,0,0,0,0,N,0,0,0,N,N,N,N,N,N,N,0,N,N,N,N,N,N,N,N,0,N,N,N,N,N,N,,,,,N,N
5.095883463063464,52.12652774088572,PUT,NL:Q:59150290,59150290,0,,Daelwijck,,,Utrecht,,GM0344,Utrecht,Utrecht,,G,,Franciscusdreef,,,"122 Nieuw-Loosdrecht via Westbroek, 122 Westbroek, 35 Maarssen-Dorp via Maarsseveen, 122 Nieuw-Loosdrecht via Westbroek, 122 Westbroek, 35 Maarssen-Dorp via Maarsseveen",bus,,,,,,58,,available,,regular,,2011-11-27 16:00:00,N,N,langshalte,0,0,0,0,0,0,0,0,0,N,0,0,0,N,N,N,N,N,N,N,0,N,N,N,N,N,N,N,N,0,N,N,N,N,N,N,,,,,N,N
5.145580149012571,52.112699574941189,PUT,NL:Q:50008030,50008030,0,,David Ben Goerionstraat,,,Utrecht,,GM0344,Utrecht,Utrecht,,G,,R.A. Kartinistraat,,,"5 Kanaleneiland via Utrecht CS, 5 Voordorp, 5 Kanaleneiland via Utrecht CS, 5 Voordorp",bus,nl.bus.50008030,,,,,,,available,,regular,,2011-03-28 12:23:00,Y,Y,langshalte,0,0,22,0,"0,18","2,40","2,40",22,1,N,0,"2,40","0,09",Y,Y,N,N,N,N,Y,0,N,Y,Y,Y,Y,N,Y,N,0,N,N,Y,N,Y,Y,0,7989BEE6-79FB-4B59-AFBD2A088E1FFD71.JPG,2011-03-22 11:54:37,,N,N
5.109626748169624,52.100405693154762,PUT,NL:Q:50000570,50000570,0,,David van Mollemstraat,,,Utrecht,,GM0344,Utrecht,Utrecht,,G,,David van Mollemstraat,,,"9 Overvecht-Noord via Talmalaan, 9 Overvecht-Noord via Talmalaan",bus,,,,,,81,,available,,regular,,2012-08-09 10:30:00,N,Y,langshalte,0,0,14,0,"0,18","0,90","0,90","14,45",1,N,0,"1,50","0,09",Y,Y,N,N,N,N,Y,0,N,Y,Y,N,N,N,N,N,0,N,N,N,N,N,N,,89147F89-E1A6-44AC-AEDDD79090E837AE.jpg,2012-08-01 11:37:15,,N,N
5.108958810461058,52.09985584769214,PUT,NL:Q:50001490,50001490,0,,David van Mollemstraat,,,Utrecht,,GM0344,Utrecht,Utrecht,,G,,Oudenoord,,,"16 Utrecht CS Centrumzijde, 34 Utrecht CS via Maarssen-D, 36 Utrecht CS via Maarssen-D, 6 Utrecht CS Centrumzijde, 9 Utrecht CS Centrumzijde, 16 Utrecht CS Centrumzijde, 34 Utrecht CS via Maarssen-D, 36 Utrecht CS via Maarssen-D, 6 Utrecht CS Centrumzijde, 9 Utrecht CS Centrumzijde",bus,,,,,,152,,available,,regular,,2013-05-20 00:00:00,N,N,langshalte,0,0,0,0,0,0,0,0,0,N,0,0,0,N,N,N,N,N,N,N,0,N,N,N,N,N,N,N,N,0,N,N,N,N,N,N,,,,,N,N
5.108764439698215,52.100601397525722,PUT,NL:Q:50001500,50001500,0,,David van Mollemstraat,,,Utrecht,,GM0344,Utrecht,Utrecht,,G,,Oudenoord,,,"16 Vechtsebanen via Zuilen, 34 Maarssen via Zuilen, 36 Maarssen via Zuilen, 6 Nijenoord, 6 Overvecht-Noord via Nijenoord, 16 Vechtsebanen via Zuilen, 34 Maarssen via Zuilen, 36 Maarssen via Zuilen, 6 Nijenoord, 6 Overvecht-Noord via Nijenoord",bus,,,,,,331,,available,,regular,,2012-07-31 11:44:00,Y,Y,semi-haltehaven,"2,8",0,18,6,"0,18","2,10","2,10","18,90",1,N,0,"1,50","0,09",Y,Y,N,N,N,N,Y,0,N,Y,N,Y,Y,N,Y,N,0,N,N,Y,N,Y,Y,0,1BC17C2E-4B5E-4B32-9A9EAE0D3B83266A.jpg,2012-08-01 11:43:59,,N,N
5.024621265541784,52.084886196762504,PUT,NL:Q:51111280,51111280,0,,De Balije,,,De Meern,,GM0344,Utrecht,Utrecht,,G,,Rijksstraatweg,,,"28 De Uithof P+R via Utrecht CS, 102 Utrecht CS/Jaarbeurs, 103 Utrecht CS/Jaarbeurs, 28 De Uithof P+R via Utrecht CS, 102 Utrecht CS/Jaarbeurs, 103 Utrecht CS/Jaarbeurs",bus,nl.bus.51111280,,,,,100,,available,,regular,,2013-03-27 12:17:00,Y,Y,langshalte,0,0,36,0,"0,18",3,3,36,1,N,0,2,"0,12",N,Y,N,N,N,N,Y,0,N,Y,Y,Y,Y,N,Y,Y,0,N,N,Y,N,Y,Y,6,D47A6508-3FE8-4FC1-BE17A4AA267D5239.JPG,2012-08-02 11:31:09,,N,N
5.023788795362435,52.084991490629434,PUT,NL:Q:51200130,51200130,0,,De Balije,,,De Meern,,GM0344,Utrecht,Utrecht,,G,,Rijksstraatweg,,,"28 Vleuterweide via Centrum, 28 Vleuterweide via Parkwijk, 102 Woerden Station, 103 Woerden Station (Zuid), 402 Utrecht CS , 402 Woerden Station, 28 Vleuterweide via Centrum, 28 Vleuterweide via Parkwijk, 102 Woerden Station, 103 Woerden Station (Zuid), 402 Utrecht CS , 402 Woerden Station",bus,nl.bus.51111280,,,,,270,,available,,regular,,2013-03-27 12:18:00,Y,Y,langshalte,0,0,36,0,"0,18","2,80","2,80",36,1,N,0,2,"0,12",N,Y,N,N,N,N,Y,0,N,Y,Y,Y,Y,N,Y,N,0,N,N,Y,N,Y,Y,6,42082D06-394D-4CF8-AADB418DFC6FF57B.JPG,2012-08-02 11:32:00,,N,N
5.079385338128637,52.117524776901924,PUT,NL:Q:59150450,59150450,0,,De Bazelstraat,,,Utrecht,,GM0344,Utrecht,Utrecht,,G,,Burg Norbruislaan,,,"3 Zuilen, 32 Maarssen via Zuilen, 34 Maarssen via Zuilen, 36 Maarssen via Zuilen, 3 Zuilen, 32 Maarssen via Zuilen, 34 Maarssen via Zuilen, 36 Maarssen via Zuilen",bus,,,,,,299,,available,,regular,,2013-05-20 00:00:00,N,N,langshalte,0,0,0,0,0,0,0,0,0,N,0,0,0,N,N,N,N,N,N,N,0,N,N,N,N,N,N,N,N,0,N,N,N,N,N,N,,,,,N,N
5.079709136966771,52.117148123764672,PUT,NL:Q:59150480,59150480,0,,De Bazelstraat,,,Utrecht,,GM0344,Utrecht,Utrecht,,G,,Burg Norbruislaan,,,"3 Utrecht CS Centrumzijde, 32 De Uithof WKZ via Rijnsweerd, 34 Utrecht CS via Maarssen-D, 36 Utrecht CS via Maarssen-D, 3 Utrecht CS Centrumzijde, 32 De Uithof WKZ via Rijnsweerd, 34 Utrecht CS via Maarssen-D, 36 Utrecht CS via Maarssen-D",bus,,,,,,120,,available,,regular,,2012-08-05 12:04:00,Y,Y,langshalte,0,0,18,0,"0,18","2,80","2,80",22,1,N,0,"1,50","0,09",Y,Y,N,N,N,N,Y,0,N,Y,Y,Y,Y,N,Y,N,0,N,N,Y,N,N,N,,7CCE3D79-1F8E-4FFE-BD695F0AED50348E.JPG,2012-08-06 12:03:12,,N,N
5.097847338985804,52.078068975995059,PUT,NL:Q:50002007,50002007,0,,De Bijnkershoek,,,Utrecht,,GM0344,Utrecht,Utrecht,,G,,Telderslaan,,,"14 Transwijk via Kan'eiland, 14 Transwijk via Kan'eiland",bus,,,,,,340,,available,,regular,,2012-03-15 00:00:00,N,Y,langshalte,0,0,8,0,"0,10","3,50","3,50",0,"1,50",N,0,"1,50",0,Y,Y,Y,Y,N,N,Y,0,N,N,Y,N,N,N,N,N,0,N,N,Y,N,N,N,,4E7F2A87-A461-4373-8761207573D5BEF2.jpg,2014-12-05 15:21:44,,N,N
5.136183427463899,52.106631006592707,PUT,NL:Q:50001730,50001730,0,,De Gaard,,,Utrecht,,GM0344,Utrecht,Utrecht,,G,,Troosterlaan,,,"5 Kanaleneiland via Utrecht CS, 5 Kanaleneiland via Utrecht CS",bus,nl.bus.50001730,,,,,200,,available,,regular,,2012-03-15 00:00:00,Y,Y,langshalte,0,0,22,0,"0,18",3,3,14,"1,20",N,0,"1,50",0,Y,Y,Y,Y,Y,Y,Y,0,N,Y,Y,Y,Y,Y,Y,Y,48,N,N,Y,Y,Y,Y,3,252D0F1F-A4A7-4902-8F97B4E49D0E1965.jpg,2014-12-05 15:21:53,,N,N
5.136212418870502,52.106667020439858,PUT,NL:Q:50001740,50001740,0,,De Gaard,,,Utrecht,,GM0344,Utrecht,Utrecht,,G,,Troosterlaan,,,"5 Voordorp, 5 Voordorp",bus,nl.bus.50001730,,,,,20,,available,,regular,,2012-03-15 00:00:00,Y,Y,langshalte,0,0,22,0,"0,18","2,40","2,40",14,"1,50",N,0,"1,50","0,02",Y,Y,Y,Y,Y,Y,Y,0,N,Y,Y,Y,Y,Y,Y,Y,16,N,N,Y,Y,N,N,,A9A890A1-9FC4-47D9-803FB3F962806F55.jpg,2014-12-05 15:22:00,,N,N
5.144679505356397,52.087648046869404,PUT,NL:Q:50007470,50007470,0,,De Hoogstraat,,,Utrecht,,GM0344,Utrecht,Utrecht,,G,,Frederik Hendrikstraat,,,"4 Diakonessenhuis via Biltstraat, 4 Diakonessenhuis via Biltstraat",bus,nl.bus.50007470,,,,,,,available,,regular,,2011-07-19 13:35:00,Y,Y,langshalte,0,0,18,0,"0,18","1,50","1,50",18,1,N,0,"1,50","0,09",Y,Y,N,N,N,N,Y,0,N,Y,Y,Y,Y,N,Y,N,0,N,N,Y,N,Y,Y,0,2C97FEDF-7384-40FD-A4F9B548065BA0C0.JPG,2011-07-20 13:34:56,,N,N
5.144757716850472,52.08667749687551,PUT,NL:Q:50007480,50007480,0,,De Hoogstraat,,,Utrecht,,GM0344,Utrecht,Utrecht,,G,,Jan van Scorelstraat,,,"4 Utrecht CS via Biltstraat, 4 Utrecht CS via Biltstraat",bus,nl.bus.50007470,,,,,,,available,,regular,,2011-07-19 13:32:00,Y,Y,langshalte,0,0,18,0,"0,18","1,50","1,50",18,1,N,0,"1,20","0,09",Y,Y,N,N,N,N,Y,0,N,Y,Y,Y,Y,N,Y,N,0,N,N,Y,N,Y,Y,0,E0873CD8-6AB4-463D-8532F51D54E18FD2.JPG,2011-07-20 13:32:31,,N,N
5.13605896572786,52.058607471930628,PUT,NL:Q:50003130,50003130,0,,De Koppel,,,Utrecht,,GM0344,Utrecht,Utrecht,,G,,Simplonbaan,,,"8 Lunetten via Utrecht CS, 8 Lunetten via Utrecht CS",bus,,,,,,353,,available,,regular,,2013-05-20 00:00:00,N,N,langshalte,0,0,0,0,0,0,0,0,0,N,0,0,0,N,N,N,N,N,N,N,0,N,N,N,N,N,N,N,N,0,N,N,N,N,N,N,,,,,N,N
5.136044031946318,52.058670356850932,PUT,NL:Q:50003140,50003140,0,,De Koppel,,,Utrecht,,GM0344,Utrecht,Utrecht,,G,,Simplonbaan,,,"8 Diakonessenhuis via Utrecht CS, 8 Diakonessenhuis via Utrecht CS",bus,,,,,,173,,available,,regular,,2013-05-20 00:00:00,N,N,langshalte,0,0,0,0,0,0,0,0,0,N,0,0,0,N,N,N,N,N,N,N,0,N,N,N,N,N,N,N,N,0,N,N,N,N,N,N,,,,,N,N
5.156550778778009,52.083043013229705,PUT,NL:Q:50101030,50101030,0,,De Kromme Rijn,,,Utrecht,,GM0344,Utrecht,Utrecht,,G,,Weg tot de Wetenschap,,,"12 De Uithof AZU via Galgenwaard, 477 Bilthoven via De Uithof, 12 De Uithof AZU via Galgenwaard, 477 Bilthoven via De Uithof",bus,nl.bus.50101030,,,,,60,,available,,regular,,2013-05-20 00:00:00,N,N,langshalte,0,0,0,0,0,0,0,0,0,N,0,0,0,N,N,N,N,N,N,N,0,N,N,N,N,N,N,N,N,0,N,N,N,N,N,N,,,,,N,N
5.155532579331163,52.082456792730333,PUT,NL:Q:50101040,50101040,0,,De Kromme Rijn,,,Utrecht,,GM0344,Utrecht,Utrecht,,G,,Weg tot de Wetenschap,,,"12 Utrecht CS Centrumzijde, 12 Utrecht CS Centrumzijde",bus,nl.bus.50101030,,,,,240,,available,,regular,,2013-05-20 00:00:00,N,N,langshalte,0,0,0,0,0,0,0,0,0,N,0,0,0,N,N,N,N,N,N,N,0,N,N,N,N,N,N,N,N,0,N,N,N,N,N,N,,,,,N,N
5.104210397537927,52.114513040764407,PUT,NL:Q:59151390,59151390,0,,De Kwakel,,,Utrecht,,GM0344,Utrecht,Utrecht,,G,,Paranadreef,,,"1 Hoograven via Utrecht CS, 1 Hoograven via Utrecht CS",bus,nl.bus.59151390,,,,,130,,available,,regular,,2012-03-15 00:00:00,Y,Y,semi-haltehaven,3,13,39,0,"0,18","1,80","1,80",30,"1,50",N,0,"1,80",0,Y,Y,Y,Y,Y,Y,Y,0,N,Y,Y,Y,Y,Y,Y,N,0,N,N,Y,Y,Y,Y,6,0A7F2BAA-A731-422C-BABAB33599475F50.jpg,2014-12-05 15:22:09,,N,N
5.104267144498092,52.114773829938997,PUT,NL:Q:59151400,59151400,0,,De Kwakel,,,Utrecht,,GM0344,Utrecht,Utrecht,,G,,Paranadreef,,,"1 Overvecht via Utrecht CS, 1 Overvecht via Utrecht CS",bus,nl.bus.59151390,,,,,320,,available,,regular,,2012-03-15 00:00:00,Y,Y,langshalte,0,0,34,0,"0,18","5,10","5,10",28,"1,50",N,0,"1,80","0,04",Y,Y,Y,Y,Y,Y,Y,0,N,Y,Y,N,N,N,N,N,0,N,N,Y,N,Y,Y,6,AA3188EA-F3F5-407E-83261BCB35AB3117.jpg,2014-12-05 15:22:15,,N,N
5.134545359343667,52.107202743408784,PUT,NL:Q:50000250,50000250,0,,De Lichtkring,,,Utrecht,,GM0344,Utrecht,Utrecht,,G,,Eykmanlaan,,,"55 Maartensdijk via Tuindorp, 55 Maartensdijk via Tuindorp",bus,nl.bus.50000250,,,,,84,,available,,regular,,2011-03-28 14:31:00,Y,Y,langshalte,0,0,20,0,"0,18",3,3,20,1,N,0,3,"0,09",Y,Y,N,N,N,N,Y,0,N,Y,Y,Y,Y,N,Y,N,0,N,N,Y,N,N,N,,BD1682D8-C47C-4F35-8DF3EB489D0F1F50.JPG,2011-03-22 11:14:17,,N,N
5.132939560631098,52.107226256767106,PUT,NL:Q:50000260,50000260,0,,De Lichtkring,,,Utrecht,,GM0344,Utrecht,Utrecht,,G,,Eykmanlaan,,,"55 Utrecht CS Centrumzijde, 55 Utrecht CS Centrumzijde",bus,nl.bus.50000250,,,,,264,,available,,regular,,2011-03-28 14:31:00,Y,Y,langshalte,0,0,20,0,"0,18","2,40","2,40",20,1,N,0,"2,40","0,09",Y,Y,N,N,N,N,Y,0,N,Y,Y,Y,Y,N,Y,N,0,N,N,Y,N,Y,Y,0,99318F85-3BF9-4217-A8D9E5B1ED6EF01E.JPG,2011-03-22 11:10:08,,N,N
5.046128030627173,52.080860797328839,PUT,NL:Q:51119800,51119800,0,,De Meern Oost,,,De Meern,,GM0344,Utrecht,Utrecht,,G,,,,,"126 De Meern Oost via Vleuten, 24 De Meern-Oost via Papendorp, 28 De Meern-Oost via Utrecht CS, 28 Vleuterweide via Centrum, 28 Vleuterweide via Parkwijk, 102 Woerden Station, 103 Woerden Station (Zuid), 107 Gouda Station, 107 Montfoort , 107 Montfoort Kasteelplein, 107 Oudewater , 402 Utrecht CS , 402 Woerden Station, 407 Oudewater , 407 Utrecht CS , 102 Woerden Station, 103 Woerden Station (Zuid), 107 Gouda Station, 107 Montfoort , 107 Montfoort Kasteelplein, 107 Oudewater , 402 Utrecht CS , 402 Woerden Station, 407 Oudewater , 407 Utrecht CS , 126 De Meern Oost via Vleuten, 24 De Meern-Oost via Papendorp, 28 De Meern-Oost via Utrecht CS, 28 Vleuterweide via Centrum, 28 Vleuterweide via Parkwijk",bus,nl.bus.51119800,,,,,260,,available,,regular,,2014-09-01 12:11:00,Y,Y,langshalte,0,0,62,0,"0,18","2,20",0,60,1,Y,1,"1,50",0,N,Y,N,N,Y,Y,Y,0,N,Y,Y,Y,Y,Y,Y,Y,50,N,N,Y,Y,Y,Y,6,3C223411-0257-4B6B-96772720A8F404F5.jpg,2014-12-05 15:22:23,,N,N
5.046553069420459,52.080601371305121,PUT,NL:Q:51119820,51119820,0,,De Meern Oost,,,De Meern,,GM0344,Utrecht,Utrecht,,G,,,,,"126 De Meern Oost via Vleuten, 126 Maarssen NS via Vleuten, 24 De Meern-Oost via Papendorp, 24 Utrecht CS via Papendorp, 126 De Meern Oost via Vleuten, 126 Maarssen NS via Vleuten, 24 De Meern-Oost via Papendorp, 24 Utrecht CS via Papendorp",bus,nl.bus.51119800,,,,,261,,available,,regular,,2012-03-15 00:00:00,N,N,langshalte,0,0,0,0,0,0,0,0,0,N,0,0,0,N,N,N,N,N,N,N,0,N,N,N,N,N,N,N,N,0,N,N,N,N,N,N,,F86B9B52-2CA1-44AF-B93D2D76719545D1.jpg,2014-12-05 15:22:30,,N,N
5.046347331168326,52.08079851491599,PUT,NL:Q:51119850,51119850,0,,De Meern Oost,,,De Meern,,GM0344,Utrecht,Utrecht,,G,,,,,"126 Maarssen NS via Vleuten, 24 Utrecht CS via Papendorp, 28 De Uithof P+R via Utrecht CS, 28 Rijnsweerd via Utrecht CS, 102 Utrecht CS/Jaarbeurs, 103 Utrecht CS/Jaarbeurs, 107 Utrecht CS/Jaarbeurs, 407 Utrecht CS , 126 Maarssen NS via Vleuten, 24 Utrecht CS via Papendorp, 28 De Uithof P+R via Utrecht CS, 28 Rijnsweerd via Utrecht CS, 102 Utrecht CS/Jaarbeurs, 103 Utrecht CS/Jaarbeurs, 107 Utrecht CS/Jaarbeurs, 407 Utrecht CS",bus,nl.bus.51119800,,,,,80,,available,,regular,,2014-09-01 12:20:00,Y,Y,langshalte,0,0,62,0,"0,18","2,10","2,10",60,1,Y,1,"1,50",0,N,Y,N,N,Y,Y,Y,0,N,Y,Y,Y,Y,Y,Y,Y,50,N,N,Y,Y,Y,Y,6,FD55632B-C29D-40F9-85FC5F40822F3328.jpg,2014-12-05 15:22:36,,N,N
5.024998684595082,52.106746400997778,PUT,NL:Q:51200270,51200270,0,,De Reit,,,Vleuten,,GM0344,Utrecht,Utrecht,,G,,De Tol,,,"126 Maarssen NS via Vleuten, 420 Loenen ad Vecht Kerklaan, 126 Maarssen NS via Vleuten, 420 Loenen ad Vecht Kerklaan",bus,,,,,,25,,available,,regular,,2013-05-20 00:00:00,N,N,langshalte,0,0,0,0,0,0,0,0,0,N,0,0,0,N,N,N,N,N,N,N,0,N,N,N,N,N,N,N,N,0,N,N,N,N,N,N,,,,,N,N
5.024681205192824,52.106296021503219,PUT,NL:Q:51200280,51200280,0,,De Reit,,,Vleuten,,GM0344,Utrecht,Utrecht,,G,,De Tol,,,"125 Vleuten-Dorp, 126 De Meern Oost via Vleuten, 125 Vleuten-Dorp, 126 De Meern Oost via Vleuten",bus,,,,,,205,,available,,regular,,2013-05-20 00:00:00,N,N,langshalte,0,0,0,0,0,0,0,0,0,N,0,0,0,N,N,N,N,N,N,N,0,N,N,N,N,N,N,N,N,0,N,N,N,N,N,N,,,,,N,N
5.013522518616962,52.089642199736161,PUT,NL:Q:51209100,51209100,0,,De Tuinlanden,,,Vleuten,,GM0344,Utrecht,Utrecht,,G,,Heidetuinlaan,,,"28 Vleuterweide via Centrum, 28 Vleuterweide via Parkwijk, 28 Vleuterweide via Centrum, 28 Vleuterweide via Parkwijk",bus,,,,,,63,,available,,regular,,2012-08-08 12:19:00,Y,N,langshalte,0,0,40,0,"0,18",2,2,36,1,N,0,2,"0,09",N,N,N,N,N,N,Y,0,N,N,Y,N,N,N,N,N,0,N,N,N,N,N,N,,,,,N,N
5.013306810250398,52.089264015256568,PUT,NL:Q:51209105,51209105,0,,De Tuinlanden,,,Vleuten,,GM0344,Utrecht,Utrecht,,G,,Heidetuinlaan,,,"28 De Uithof P+R via Utrecht CS, 28 De Uithof P+R via Utrecht CS",bus,,,,,,210,,available,,regular,,2012-08-08 12:21:00,Y,N,langshalte,0,0,40,0,"0,18",2,2,36,1,N,0,2,"0,09",N,N,N,N,N,N,Y,0,N,N,Y,N,N,N,N,N,0,N,N,N,N,N,N,,,,,N,N
5.047031773496414,52.08671466313335,PUT,NL:Q:51111190,51111190,0,,De Woerd,,,Utrecht,,GM0344,Utrecht,Utrecht,,G,,Langerakbaan,,,"126 Maarssen NS via Vleuten, 26 Vleuterweide via Langerak, 420 Loenen ad Vecht Kerklaan, 126 Maarssen NS via Vleuten, 26 Vleuterweide via Langerak, 420 Loenen ad Vecht Kerklaan",bus,nl.bus.51111190,,,,,0,,available,,regular,,2013-05-20 00:00:00,N,N,langshalte,0,0,0,0,0,0,0,0,0,N,0,0,0,N,N,N,N,N,N,N,0,N,N,N,N,N,N,N,N,0,N,N,N,N,N,N,,,,,N,N
5.047374102249908,52.085825828710099,PUT,NL:Q:51111200,51111200,0,,De Woerd,,,Utrecht,,GM0344,Utrecht,Utrecht,,G,,Langerakbaan,,,"126 De Meern Oost via Vleuten, 26 Utrecht CS via Terwijde NS, 126 De Meern Oost via Vleuten, 26 Utrecht CS via Terwijde NS",bus,nl.bus.51111190,,,,,108,,available,,regular,,2013-05-20 00:00:00,N,N,langshalte,0,0,0,0,0,0,0,0,0,N,0,0,0,N,N,N,N,N,N,N,0,N,N,N,N,N,N,N,N,0,N,N,N,N,N,N,,,,,N,N
5.086465078535944,52.083010901985006,PUT,NL:Q:50002000,50002000,0,,Den Hommel,,,Utrecht,,GM0344,Utrecht,Utrecht,,G,,Alphons Diepenbrockplein,,,"10 Leidsche Rijn via Kan'eiland, 25 Cartesiusweg via Oog in Al, 10 Leidsche Rijn via Kan'eiland, 25 Cartesiusweg via Oog in Al",bus,nl.bus.50002000,,,,,290,,available,,regular,,2011-04-21 10:03:00,Y,Y,haltehaven,3,24,16,15,"0,18","3,60","3,60",16,1,N,0,3,"0,09",Y,Y,N,N,N,N,Y,0,N,Y,Y,Y,Y,N,Y,N,0,N,N,Y,N,Y,Y,6,,,,N,N
5.088351780480517,52.082305640926563,PUT,NL:Q:50002010,50002010,0,,Den Hommel,,,Utrecht,,GM0344,Utrecht,Utrecht,,G,,Pijperlaan,,,"10 Leidsche Rijn Ziekenhuis, 14 Transwijk via Kan'eiland, 25 Utrecht CS Jaarbeurszijde, 10 Leidsche Rijn Ziekenhuis, 14 Transwijk via Kan'eiland, 25 Utrecht CS Jaarbeurszijde",bus,nl.bus.50002000,,,,,114,,available,,regular,,2013-05-20 00:00:00,N,N,langshalte,0,0,0,0,0,0,0,0,0,N,0,0,0,N,N,N,N,N,N,N,0,N,N,N,N,N,N,N,N,0,N,N,N,N,N,N,,,,,N,N
5.141005489885147,52.081834141146516,PUT,NL:Q:50001150,50001150,0,,Diakonessenhuis,,,Utrecht,,GM0344,Utrecht,Utrecht,,G,,Adriaen van Ostadelaan,,,"4 Diakonessenhuis via Biltstraat, 8 Diakonessenhuis via Utrecht CS, 4 Diakonessenhuis via Biltstraat, 8 Diakonessenhuis via Utrecht CS",bus,nl.bus.50001150,,,,,158,,available,,regular,,2012-08-09 10:31:00,Y,Y,langshalte,0,0,15,0,"0,18","1,50","1,50",15,1,N,0,"1,50","0,09",Y,Y,N,N,N,N,Y,0,N,Y,N,N,N,N,N,N,0,N,N,Y,N,N,N,,E2E22821-6617-4FEA-AE3F0F0AB1863D46.JPG,2011-07-20 13:24:51,,N,N
5.139513632348673,52.082523098021049,PUT,NL:Q:50001160,50001160,0,,Diakonessenhuis,,,Utrecht,,GM0344,Utrecht,Utrecht,,G,,Bosboomstraat,,,"4 Utrecht CS via Biltstraat, 8 Lunetten via Utrecht CS, 4 Utrecht CS via Biltstraat, 8 Lunetten via Utrecht CS",bus,nl.bus.50001150,,,,,98,,available,,regular,,2011-07-19 13:28:00,Y,Y,langshalte,0,0,18,0,"0,18","1,50","1,50",18,1,N,0,"1,50","0,09",Y,Y,N,N,N,N,Y,0,N,Y,Y,Y,Y,N,Y,Y,0,N,N,Y,N,Y,Y,0,D6226C7A-C033-46A0-8069C1B9C595FB08.JPG,2011-07-20 13:28:21,,N,N
5.144012483526995,52.089570118203739,PUT,NL:Q:50007450,50007450,0,,Dillenburgstraat,,,Utrecht,,GM0344,Utrecht,Utrecht,,G,,Dillenburgstraat,,,"4 Diakonessenhuis via Biltstraat, 4 Diakonessenhuis via Biltstraat",bus,,,,,,,,available,,regular,,2013-05-20 00:00:00,N,N,langshalte,0,0,0,0,0,0,0,0,0,N,0,0,0,N,N,N,N,N,N,N,0,N,N,N,N,N,N,N,N,0,N,N,N,N,N,N,,,,,N,N
5.144101397047269,52.08931863585876,PUT,NL:Q:50007460,50007460,0,,Dillenburgstraat,,,Utrecht,,GM0344,Utrecht,Utrecht,,G,,Dillenburgstraat,,,"4 Utrecht CS via Biltstraat, 4 Utrecht CS via Biltstraat",bus,,,,,,,,available,,regular,,2013-05-20 00:00:00,N,N,langshalte,0,0,0,0,0,0,0,0,0,N,0,0,0,N,N,N,N,N,N,N,0,N,N,N,N,N,N,N,N,0,N,N,N,N,N,N,,,,,N,N
5.142204574050313,52.089314710046516,PUT,NL:Q:50009002,50009002,0,,Dillenburgstraat,,,Utrecht,,GM0344,Utrecht,Utrecht,,G,,Dillenburgstraat,,,"18 Oorsprongpark, 18 Oorsprongpark",bus,,,,,,335,,expired,,temporary,,2012-03-15 00:00:00,N,N,langshalte,0,0,0,0,0,0,0,0,0,N,0,0,0,N,N,N,N,N,N,N,0,N,N,N,N,N,N,N,N,0,N,N,N,N,N,N,,,,,N,N
5.132124656410165,52.063272836756909,PUT,NL:Q:50003090,50003090,0,,Dolomieten,,,Utrecht,,GM0344,Utrecht,Utrecht,,G,,Simplonbaan,,,"8 Lunetten via Utrecht CS, 8 Lunetten via Utrecht CS",bus,nl.bus.50003090,,,,,158,,available,,regular,,2011-09-22 15:33:00,Y,Y,semi-haltehaven,3,0,14,0,"0,18","1,50","1,50",14,1,N,0,"1,50","0,09",Y,Y,N,N,N,N,Y,0,N,Y,Y,Y,Y,N,Y,N,0,N,N,Y,N,Y,Y,0,,,,N,N
5.132239012902022,52.063677548714189,PUT,NL:Q:50003100,50003100,0,,Dolomieten,,,Utrecht,,GM0344,Utrecht,Utrecht,,G,,Simplonbaan,,,"8 Diakonessenhuis via Utrecht CS, 8 Diakonessenhuis via Utrecht CS",bus,nl.bus.50003090,,,,,336,,available,,regular,,2011-09-22 15:32:00,Y,Y,semi-haltehaven,3,0,14,0,"0,18","1,50","1,50",14,1,N,0,"1,50","0,09",Y,Y,N,N,N,N,Y,0,N,Y,Y,Y,Y,N,Y,N,0,N,N,Y,N,Y,Y,0,,,,N,N
5.121711337396783,52.090546654085017,PUT,NL:Q:50006630,50006630,0,,Domplein,,,Utrecht,,GM0344,Utrecht,Utrecht,,G,,Domplein,,,"2 Museumkwartier, 2 Museumkwartier",bus,nl.bus.50006630,,,,,155,,available,,regular,,2013-05-20 00:00:00,N,N,langshalte,0,0,0,0,0,0,0,0,0,N,0,0,0,N,N,N,N,N,N,N,0,N,N,N,N,N,N,N,N,0,N,N,N,N,N,N,,,,,N,N
5.129016132095102,52.11426435195429,PUT,NL:Q:59151350,59151350,0,,Donaudreef,,,Utrecht,,GM0344,Utrecht,Utrecht,,G,,Donaudreef,,,"1 Hoograven via Utrecht CS, 1 Hoograven via Utrecht CS",bus,,,,,,235,,available,,regular,,2013-05-20 00:00:00,N,N,langshalte,0,0,0,0,0,0,0,0,0,N,0,0,0,N,N,N,N,N,N,N,0,N,N,N,N,N,N,N,N,0,N,N,N,N,N,N,,,,,N,N
5.129147056917688,52.114345530703737,PUT,NL:Q:59151360,59151360,0,,Donaudreef,,,Utrecht,,GM0344,Utrecht,Utrecht,,G,,Donaudreef,,,"1 Overvecht via Utrecht CS, 1 Overvecht via Utrecht CS",bus,,,,,,55,,available,,regular,,2013-05-20 00:00:00,N,N,langshalte,0,0,0,0,0,0,0,0,0,N,0,0,0,N,N,N,N,N,N,N,0,N,N,N,N,N,N,N,N,0,N,N,N,N,N,N,,,,,N,N
5.012150303416936,52.107119688217971,PUT,NL:Q:51200350,51200350,0,,Dorpsstraat,,,Vleuten,,GM0344,Utrecht,Utrecht,,G,,Schoolstraat,,,"125 Vleuten-Dorp, 127 Kockengen via Haarzuilens, 125 Vleuten-Dorp, 127 Kockengen via Haarzuilens",bus,nl.bus.51200350,,,,,50,,available,,regular,,2012-08-02 08:20:00,Y,Y,langshalte,0,0,10,0,"0,18",3,3,10,1,N,0,3,"0,09",Y,Y,N,N,N,N,Y,0,N,Y,Y,Y,Y,N,Y,N,0,N,N,Y,N,N,N,,33589B03-DF4B-494B-93A48C5C9A5F7EE9.JPG,2012-08-03 08:20:05,,N,N
5.012034284715386,52.107029438329498,PUT,NL:Q:51200360,51200360,0,,Dorpsstraat,,,Vleuten,,GM0344,Utrecht,Utrecht,,G,,Schoolstraat,,,"127 Vleuten NS, 127 Vleuten NS via Haarzuilens, 127 Vleuten NS, 127 Vleuten NS via Haarzuilens",bus,nl.bus.51200350,,,,,230,,available,,regular,,2012-08-02 08:22:00,Y,Y,langshalte,0,0,10,0,"0,18","2,50","2,50",10,1,N,0,2,"0,09",Y,Y,N,N,N,N,Y,0,N,Y,Y,Y,Y,N,Y,N,0,N,N,Y,N,N,N,,81446946-6828-49B5-8BEF1DDFB3CFD4A7.JPG,2012-08-03 08:21:30,,N,N
5.114859127514332,52.101577351644067,PUT,NL:Q:50000390,50000390,0,,Draaiweg,,,Utrecht,,GM0344,Utrecht,Utrecht,,G,,Talmalaan,,,"9 Utrecht CS Centrumzijde, 9 Utrecht CS Centrumzijde",bus,nl.bus.50000390,,,,,175,,available,,regular,,2012-03-15 00:00:00,Y,Y,semi-haltehaven,"2,7","21,6",18,0,"0,18","2,10","2,10",18,1,N,0,"2,10","0,09",Y,Y,N,N,N,N,Y,0,N,Y,Y,Y,Y,N,Y,N,0,N,N,Y,N,N,N,,,,,N,N
5.114874707535705,52.101415602693024,PUT,NL:Q:50000400,50000400,0,,Draaiweg,,,Utrecht,,GM0344,Utrecht,Utrecht,,G,,Talmalaan,,,"9 Overvecht-Noord via Talmalaan, 9 Overvecht-Noord via Talmalaan",bus,nl.bus.50000390,,,,,355,,available,,regular,,2012-03-15 00:00:00,Y,Y,haltehaven,"2,7","16,5",18,14,"0,18","2,10","2,10",18,1,N,0,"2,10","0,09",Y,Y,N,N,N,N,Y,0,N,Y,Y,Y,N,N,Y,N,0,N,N,Y,N,N,N,,,,,N,N
5.05129276304712,52.102177399066065,PUT,NL:Q:51111531,51111531,0,,Duke Ellingtonstraat,,,Utrecht,,GM0344,Utrecht,Utrecht,,G,,Burt Bacharachstraat,,,"19 De Wetering via Terwijde, 39 Maarssen NS via Terwijde, 19 De Wetering via Terwijde, 39 Maarssen NS via Terwijde",bus,,,,,,274,,available,,regular,,2012-08-08 13:17:00,Y,Y,langshalte,0,0,22,0,"0,18",3,3,18,1,N,0,3,"0,09",Y,Y,N,N,N,N,Y,0,N,Y,Y,Y,Y,N,Y,N,0,N,N,Y,N,N,N,,,,,N,N
5.051467971105313,52.102168909970871,PUT,NL:Q:51111541,51111541,0,,Duke Ellingtonstraat,,,Utrecht,,GM0344,Utrecht,Utrecht,,G,,Jazzsingel,,,"19 Terwijde via De Wetering, 39 Utrecht CS Jaarbeurszijde, 39 Utrecht CS via Terwijde, 19 Terwijde via De Wetering, 39 Utrecht CS Jaarbeurszijde, 39 Utrecht CS via Terwijde",bus,,,,,,94,,available,,regular,,2012-08-08 13:19:00,Y,Y,langshalte,0,0,22,0,"0,18",2,2,18,1,N,0,2,"0,09",Y,Y,N,N,N,N,Y,0,N,Y,Y,Y,Y,N,Y,N,0,N,N,Y,N,N,N,,,,,N,N
5.050946350460754,52.088074107960097,PUT,NL:Q:51111331,51111331,0,,Eerste Westerparklaan,,,Utrecht,,GM0344,Utrecht,Utrecht,,G,,Busbaan Parkwijk,,,"28 De Meern-Oost via Utrecht CS, 28 Vleuterweide via Centrum, 28 Vleuterweide via Parkwijk, 402 Utrecht CS , 402 Woerden Station, 407 Oudewater , 407 Utrecht CS , 420 Loenen ad Vecht Kerklaan, 28 De Meern-Oost via Utrecht CS, 28 Vleuterweide via Centrum, 28 Vleuterweide via Parkwijk, 402 Utrecht CS , 402 Woerden Station, 407 Oudewater , 407 Utrecht CS , 420 Loenen ad Vecht Kerklaan",bus,nl.bus.51111331,,,,,230,,available,,regular,,2013-05-20 00:00:00,Y,Y,langshalte,0,0,67,0,"0,18","2,70","2,70",65,"1,40",Y,2,"1,40",0,N,Y,N,Y,N,N,Y,0,N,Y,Y,N,N,N,Y,Y,20,N,N,Y,N,Y,Y,3,A68EB792-88BF-4946-9F4FFBF5268B1B05.jpg,2014-12-05 15:24:24,,N,N
5.051265990403636,52.088254781092978,PUT,NL:Q:51111341,51111341,0,,Eerste Westerparklaan,,,Utrecht,,GM0344,Utrecht,Utrecht,,G,,Busbaan Parkwijk,,,"28 De Uithof P+R via Utrecht CS, 28 Rijnsweerd via Utrecht CS, 28 De Uithof P+R via Utrecht CS, 28 Rijnsweerd via Utrecht CS, 407 Utrecht CS , 407 Utrecht CS",bus,nl.bus.51111331,,,,,50,,available,,regular,,2014-09-01 11:41:00,Y,Y,langshalte,0,0,67,0,"0,18","2,20","2,20",65,1,Y,2,"1,20",0,N,Y,N,Y,Y,Y,Y,0,N,Y,Y,Y,Y,Y,Y,Y,20,N,N,Y,Y,Y,Y,6,3DA09469-5BAD-4ED2-A826A6871B2A74DC.jpg,2014-12-05 15:24:31,,N,N
5.107017544233803,52.113863615663952,PUT,NL:Q:59150410,59150410,0,,Einsteindreef,,,Utrecht,,GM0344,Utrecht,Utrecht,,G,,Einsteindreef,,,"1 Hoograven via Utrecht CS, 30 Leidsche Rijn Ziekenhuis, 1 Hoograven via Utrecht CS, 30 Leidsche Rijn Ziekenhuis",bus,,,,,,58,,available,,regular,,2011-03-28 14:35:00,Y,Y,haltehaven,4,24,"24,5","16,1","0,18","1,50","1,50","24,50",1,N,0,"1,50","0,09",Y,Y,N,N,N,N,Y,0,N,Y,Y,Y,Y,N,Y,N,0,N,N,Y,N,N,N,,E5799871-93F0-4974-BBA9A38519B9D3BB.JPG,2011-03-21 15:08:27,,N,N
5.107377679439181,52.114637441631544,PUT,NL:Q:59150420,59150420,0,,Einsteindreef,,,Utrecht,,GM0344,Utrecht,Utrecht,,G,,Einsteindreef,,,"1 Overvecht via Utrecht CS, 30 Leidsche Rijn via Overv. NS, 30 Leidsche Rijn via Zuilen NS, 1 Overvecht via Utrecht CS, 30 Leidsche Rijn via Overv. NS, 30 Leidsche Rijn via Zuilen NS",bus,,,,,,210,,available,,regular,,2012-03-15 00:00:00,N,N,haltehaven,"2,9","13,1","22,5",7,"0,15","3,40","3,40",0,"1,30",N,0,"1,50",0,Y,N,N,N,N,N,Y,0,N,Y,Y,Y,Y,Y,Y,N,0,N,N,Y,Y,N,N,,6ACE69E0-64D6-4AB7-94E4C4606BF1489A.jpg,2014-12-05 15:24:38,,N,N
5.140823859716741,52.093626101143762,PUT,NL:Q:50009003,50009003,0,,Emmalaan,,,Utrecht,,GM0344,Utrecht,Utrecht,,G,,Emmalaan,,,"18 Oorsprongpark, 18 Oorsprongpark",bus,,,,,,340,,expired,,temporary,,2012-03-15 00:00:00,N,N,langshalte,0,0,0,0,0,0,0,0,0,N,0,0,0,N,N,N,N,N,N,N,0,N,N,N,N,N,N,N,N,0,N,N,N,N,N,N,,,,,N,N
5.14022616878874,52.093516994207313,PUT,NL:Q:50009005,50009005,0,,Emmalaan,,,Utrecht,,GM0344,Utrecht,Utrecht,,G,,Emmalaan,,,"18 Oorsprongpark, 18 Oorsprongpark",bus,,,,,,161,,expired,,temporary,,2012-03-15 00:00:00,N,N,langshalte,0,0,0,0,0,0,0,0,0,N,0,0,0,N,N,N,N,N,N,N,0,N,N,N,N,N,N,N,N,0,N,N,N,N,N,N,,,,,N,N
5.02292780607587,52.090390685108382,PUT,NL:Q:51110340,51110340,0,,Esdoornlaan,,,De Meern,,GM0344,Utrecht,Utrecht,,G,,Burg Middelweerdbaan,,,"126 De Meern Oost via Vleuten, 126 De Meern Oost via Vleuten",bus,,,,,,96,,available,,regular,,2013-05-20 00:00:00,N,N,langshalte,0,0,0,0,0,0,0,0,0,N,0,0,0,N,N,N,N,N,N,N,0,N,N,N,N,N,N,N,N,0,N,N,N,N,N,N,,,,,N,N
5.022416309081745,52.090487972650372,PUT,NL:Q:51110350,51110350,0,,Esdoornlaan,,,de meern,,GM0344,Utrecht,Utrecht,,G,,Burg Middelweerdbaan,,,"420 Loenen ad Vecht Kerklaan, 420 Loenen ad Vecht Kerklaan",bus,nl.bus.51110350,,,,,272,,available,,regular,,2013-05-20 00:00:00,N,N,langshalte,0,0,0,0,0,0,0,0,0,N,0,0,0,N,N,N,N,N,N,N,0,N,N,N,N,N,N,N,N,0,N,N,N,N,N,N,,,,,N,N
5.022416748855656,52.090434045395433,PUT,NL:Q:51200210,51200210,0,,Esdoornlaan,,,De Meern,,GM0344,Utrecht,Utrecht,,G,,Burg Middelweerdbaan,,,"126 Maarssen NS via Vleuten, 126 Maarssen NS via Vleuten",bus,nl.bus.51200210,,,,,273,,available,,regular,,2013-05-20 00:00:00,N,N,langshalte,0,0,0,0,0,0,0,0,0,N,0,0,0,N,N,N,N,N,N,N,0,N,N,N,N,N,N,N,N,0,N,N,N,N,N,N,,,,,N,N
5.107016510805448,52.067431244486258,PUT,NL:Q:50001230,50001230,0,,Europaplein,,,Utrecht,,GM0344,Utrecht,Utrecht,,G,,Europalaan,,,"81 Gorinchem Station, 81 Gorinchem Station",bus,nl.bus.50001230,,,,,174,,available,,regular,,2013-05-20 00:00:00,N,N,langshalte,0,0,0,0,0,0,0,0,0,N,0,0,0,N,N,N,N,N,N,N,0,N,N,N,N,N,N,N,N,0,N,N,N,N,N,N,,,,,N,N
5.108435054721099,52.066805440842963,PUT,NL:Q:50001232,50001232,0,,Europaplein,,,Utrecht,,GM0344,Utrecht,Utrecht,,G,,Beneluxlaan,,,"10 Leidsche Rijn via Kan'eiland, 247 Houten NS, 265 Nieuwegein-Z via Plettenburg, 71 Nieuwegein-C via De Uithof, 72 Nieuwegein-C via De Uithof, 72 Nieuwegein-Z via De Uithof, 10 Leidsche Rijn via Kan'eiland, 247 Houten NS, 265 Nieuwegein-Z via Plettenburg, 71 Nieuwegein-C via De Uithof, 72 Nieuwegein-C via De Uithof, 72 Nieuwegein-Z via De Uithof",bus,nl.bus.50001232,,,,,265,,available,,regular,,2013-05-20 00:00:00,N,N,langshalte,0,0,0,0,0,0,0,0,0,N,0,0,0,N,N,N,N,N,N,N,0,N,N,N,N,N,N,N,N,0,N,N,N,N,N,N,,,,,N,N
5.107052725317883,52.068635736262337,PUT,NL:Q:50001240,50001240,0,,Europaplein,,,Utrecht,,GM0344,Utrecht,Utrecht,,G,,Europalaan,,,"81 Utrecht Busstation West, 81 Utrecht Busstation West",bus,nl.bus.50001230,,,,,347,,available,,regular,,2011-04-04 09:50:00,Y,Y,langshalte,0,0,16,0,"0,18","2,50","2,50",16,1,N,0,"2,50","0,09",Y,Y,N,N,N,N,Y,0,N,Y,Y,Y,Y,N,Y,N,0,N,N,Y,N,N,N,,D4A7A781-EE58-47F5-A114E242997958C5.JPG,2011-03-30 15:50:50,,N,N
5.108668951063032,52.066716112774671,PUT,NL:Q:50001241,50001241,0,,Europaplein,,,Utrecht,,GM0344,Utrecht,Utrecht,,G,,Beneluxlaan,,,"10 Leidsche Rijn Ziekenhuis, 10 Lunetten NS, 247 Kanaleneiland-Zuid, 265 De Uithof WKZ via Rijnsweerd, 71 Doorn via De Uithof, 71 Drieb.-Zeist NS via De Uithof, 72 Bilthoven via De Uithof, 10 Leidsche Rijn Ziekenhuis, 10 Lunetten NS, 247 Kanaleneiland-Zuid, 265 De Uithof WKZ via Rijnsweerd, 71 Doorn via De Uithof, 71 Drieb.-Zeist NS via De Uithof, 72 Bilthoven via De Uithof",bus,nl.bus.50001232,,,,,81,,available,,regular,,2013-05-20 00:00:00,N,N,langshalte,0,0,0,0,0,0,0,0,0,N,0,0,0,N,N,N,N,N,N,N,0,N,N,N,N,N,N,N,N,0,N,N,N,N,N,N,,,,,N,N
5.107119103308292,52.067350595392995,PUT,NL:Q:50001530,50001530,0,,Europaplein,,,Utrecht,,GM0344,Utrecht,Utrecht,,G,,Europalaan,,,"474 Vianen via Galecop, 495 IJsselstein via Jutphaas, 63 Vianen, 65 Nieuwegein Het Klooster, 65 Vianen via Plettenburg, 66 Nieuwegein-C via De Liesbosch, 74 Nieuwegein-C via Utrecht CS, 74 Vianen via Utrecht CS, 77 Nieuwegein-C via Utrecht CS, 77 Nieuwegein-Z via Utrecht CS, 474 Vianen via Galecop, 495 IJsselstein via Jutphaas, 63 Vianen, 65 Nieuwegein Het Klooster, 65 Vianen via Plettenburg, 66 Nieuwegein-C via De Liesbosch, 74 Nieuwegein-C via Utrecht CS, 74 Vianen via Utrecht CS, 77 Nieuwegein-C via Utrecht CS, 77 Nieuwegein-Z via Utrecht CS",bus,nl.bus.50001232,,,,,173,,available,,regular,,2011-04-04 09:50:00,Y,Y,langshalte,0,0,18,0,"0,18","2,50","2,50",18,1,N,0,"2,50","0,09",Y,Y,N,N,N,N,Y,0,N,Y,Y,Y,Y,N,Y,N,0,N,N,Y,N,N,N,,B46884DD-091C-4A90-A038D0717A740033.JPG,2011-03-30 15:49:05,,N,N
5.106950242278852,52.068698409344385,PUT,NL:Q:50001540,50001540,0,,Europaplein,,,Utrecht,,GM0344,Utrecht,Utrecht,,G,,Europalaan,,,"474 Utrecht CS Centrumzijde, 495 Utrecht CS Centrumzijde, 63 Utrecht CS Jaarbeurszijde, 65 Utrecht CS Jaarbeurszijde, 65 Utrecht CS via Plettenburg, 66 Utrecht CS via De Liesbosch, 74 Zeist via Utrecht CS, 77 Bilthoven via Utrecht CS, 474 Utrecht CS Centrumzijde, 495 Utrecht CS Centrumzijde, 63 Utrecht CS Jaarbeurszijde, 65 Utrecht CS Jaarbeurszijde, 65 Utrecht CS via Plettenburg, 66 Utrecht CS via De Liesbosch, 74 Zeist via Utrecht CS, 77 Bilthoven via Utrecht CS",bus,nl.bus.50001232,,,,,346,,available,,regular,,2013-05-20 00:00:00,N,N,langshalte,0,0,0,0,0,0,0,0,0,N,0,0,0,N,N,N,N,N,N,N,0,N,N,N,N,N,N,N,N,0,N,N,N,N,N,N,,,,,N,N
5.018066360012012,52.083616505081153,PUT,NL:Q:51200127,51200127,0,,Europaweg,,,De Meern,,GM0344,Utrecht,Utrecht,,G,,Heldammersingel,,,"28 Vleuterweide via Centrum, 28 Vleuterweide via Parkwijk, 28 Vleuterweide via Centrum, 28 Vleuterweide via Parkwijk, 402 Utrecht CS , 402 Woerden Station, 402 Utrecht CS , 402 Woerden Station, 102 Woerden Station, 103 Woerden Station (Zuid), 102 Woerden Station, 103 Woerden Station (Zuid)",bus,nl.bus.51110630,,,,,270,,available,,regular,,2012-03-15 00:00:00,Y,Y,langshalte,0,0,64,0,"0,18",2,2,64,"1,20",Y,"0,50","1,20",0,N,Y,N,Y,Y,Y,Y,0,N,Y,Y,Y,Y,Y,Y,N,0,N,N,Y,Y,Y,Y,6,6BB4956F-3BF3-4F08-B88FB1F0ADAB4976.jpg,2014-12-05 15:25:13,,N,N
5.018781440539518,52.08359177783975,PUT,NL:Q:51200128,51200128,0,,Europaweg,,,De Meern,,GM0344,Utrecht,Utrecht,,G,,Europaweg,,,"28 De Uithof P+R via Utrecht CS, 102 Utrecht CS/Jaarbeurs, 103 Utrecht CS/Jaarbeurs, 102 Utrecht CS/Jaarbeurs, 103 Utrecht CS/Jaarbeurs, 28 De Uithof P+R via Utrecht CS",bus,nl.bus.51110630,,,,,90,,available,,regular,,2012-03-15 00:00:00,Y,Y,langshalte,0,0,64,0,"0,18",2,2,64,"1,20",Y,"0,50","1,20",0,N,Y,N,Y,Y,Y,Y,0,N,Y,Y,Y,Y,Y,Y,Y,20,N,N,Y,Y,Y,Y,6,8D6DBE97-C673-4884-9BC24B618D00276B.jpg,2014-12-05 15:25:20,,N,N
5.038824641978408,52.087661410324245,PUT,NL:Q:51110970,51110970,0,,Evenaar,,,de meern,,GM0344,Utrecht,Utrecht,,G,,Burg Middelweerdbaan,,,"420 Loenen ad Vecht Kerklaan, 420 Loenen ad Vecht Kerklaan",bus,,,,,,280,,available,,regular,,2014-09-01 11:18:00,N,Y,langshalte,0,0,24,0,"0,18","1,20","1,20",20,"1,20",Y,1,"1,20",0,Y,Y,Y,Y,N,N,Y,0,N,Y,Y,Y,Y,Y,Y,N,0,N,N,Y,Y,N,N,,512FC99E-2B83-4651-894908A128040454.jpg,2014-12-05 15:25:26,,N,N
5.083111338166161,52.087046937690516,PUT,NL:Q:50001970,50001970,0,,Everard Meysterlaan,,,Utrecht,,GM0344,Utrecht,Utrecht,,G,,Joseph Haydnlaan,,,"10 Leidsche Rijn Ziekenhuis, 25 Utrecht CS Jaarbeurszijde, 10 Leidsche Rijn Ziekenhuis, 25 Utrecht CS Jaarbeurszijde",bus,,,,,,170,,available,,regular,,2013-03-27 12:21:00,Y,Y,haltehaven,3,24,16,15,"0,18","1,90","1,90",16,1,N,0,2,"0,09",Y,Y,N,N,N,N,Y,0,N,Y,Y,Y,Y,N,Y,N,0,N,N,Y,N,Y,Y,0,A5FE3173-E4ED-4C46-8D130AAF64E765F6.JPG,2011-04-22 10:15:29,,N,N
5.083281108139046,52.087829338660242,PUT,NL:Q:50001980,50001980,0,,Everard Meysterlaan,,,Utrecht,,GM0344,Utrecht,Utrecht,,G,,Lessinglaan,,,"10 Leidsche Rijn via Kan'eiland, 14 Transwijk via Kan'eiland, 25 Cartesiusweg via Oog in Al, 10 Leidsche Rijn via Kan'eiland, 14 Transwijk via Kan'eiland, 25 Cartesiusweg via Oog in Al",bus,,,,,,348,,available,,regular,,2011-04-21 10:13:00,Y,N,haltehaven,3,24,16,15,"0,18","1,80","1,80",16,1,N,0,2,"0,09",Y,N,N,N,N,N,Y,0,N,Y,Y,Y,Y,N,Y,N,0,N,N,Y,N,Y,Y,0,6F6A8BA6-8A76-4223-BD8AA4118D666999.JPG,2011-04-22 10:13:26,,N,N
5.008923181424206,52.096907895845618,PUT,NL:Q:51209120,51209120,0,,Eykenstein,,,Vleuten,,GM0344,Utrecht,Utrecht,,G,,Busbaan Vleuterweide,,,"28 Vleuterweide via Centrum, 28 Vleuterweide via Parkwijk, 420 Loenen ad Vecht Kerklaan, 28 Vleuterweide via Centrum, 28 Vleuterweide via Parkwijk, 420 Loenen ad Vecht Kerklaan",bus,,,,,,303,,available,,regular,,2012-08-08 12:28:00,Y,N,langshalte,0,0,60,0,"0,18","2,10","2,10",60,1,N,0,"2,10","0,12",N,N,N,N,N,N,Y,0,N,Y,Y,Y,Y,N,Y,N,0,N,N,Y,N,Y,Y,0,,,,N,N
5.009451500001005,52.096559053859615,PUT,NL:Q:51209125,51209125,0,,Eykenstein,,,Vleuten,,GM0344,Utrecht,Utrecht,,G,,Busbaan Vleuterweide,,,"28 De Uithof P+R via Utrecht CS, 28 De Uithof P+R via Utrecht CS",bus,,,,,,124,,available,,regular,,2012-08-08 12:29:00,Y,N,langshalte,0,0,60,0,"0,18","2,10","2,10",60,1,N,0,"2,10","0,12",N,N,N,N,N,N,Y,0,N,Y,Y,Y,Y,N,Y,N,0,N,N,Y,N,Y,Y,0,,,,N,N
5.130466989032159,52.103131341772887,PUT,NL:Q:50000290,50000290,0,,Eykmanplein,,,Utrecht,,GM0344,Utrecht,Utrecht,,G,,Blauwkapelseweg,,,"5 Voordorp, 55 Maartensdijk via Tuindorp, 5 Voordorp, 55 Maartensdijk via Tuindorp",bus,nl.bus.50000290,,,,,24,,available,,regular,,2013-05-20 00:00:00,N,N,langshalte,0,0,0,0,0,0,0,0,0,N,0,0,0,N,N,N,N,N,N,N,0,N,N,N,N,N,N,N,N,0,N,N,N,N,N,N,,,,,N,N
5.130061468852061,52.102582187575408,PUT,NL:Q:50000300,50000300,0,,Eykmanplein,,,Utrecht,,GM0344,Utrecht,Utrecht,,G,,Blauwkapelseweg,,,"5 Kanaleneiland via Utrecht CS, 55 Utrecht CS Centrumzijde, 5 Kanaleneiland via Utrecht CS, 55 Utrecht CS Centrumzijde",bus,nl.bus.50000290,,,,,211,,available,,regular,,2013-05-20 00:00:00,N,N,langshalte,0,0,0,0,0,0,0,0,0,N,0,0,0,N,N,N,N,N,N,N,0,N,N,N,N,N,N,N,N,0,N,N,N,N,N,N,,,,,N,N
5.101103981431991,52.129973939134125,PUT,NL:Q:59150010,59150010,0,,Fort De Gagel,,,Utrecht,,GM0344,Utrecht,Maarssen,,G,,Gageldijk,,,"122 Nieuw-Loosdrecht via Westbroek, 122 Westbroek, 122 Nieuw-Loosdrecht via Westbroek, 122 Westbroek",bus,nl.bus.59150010,,,,,52,,available,,regular,,2012-12-06 11:13:00,N,N,langshalte,0,0,0,0,"0,10",0,0,0,0,N,0,0,"0,09",N,N,N,N,N,N,Y,0,N,N,N,N,N,N,N,N,0,N,N,Y,N,N,N,,,,,N,N
5.097326365128628,52.131465716426767,PUT,NL:Q:59150090,59150090,0,,Fort De Gagel,,,Utrecht,,GM0344,Utrecht,Maarssen,,G,,Gageldijk,,,"35 Maarssen-Dorp via Maarsseveen, 35 Maarssen-Dorp via Maarsseveen",bus,nl.bus.59150010,,,,,293,,available,,regular,,2013-05-20 00:00:00,N,N,langshalte,0,0,0,0,0,0,0,0,0,N,0,0,0,N,N,N,N,N,N,N,0,N,N,N,N,N,N,N,N,0,N,N,N,N,N,N,,4A6B229E-9780-4835-BE70E39736AD6125.jpg,2012-11-23 11:02:52,,N,N
5.097487482709364,52.131394208068059,PUT,NL:Q:59150100,59150100,0,,Fort De Gagel,,,Utrecht,,GM0344,Utrecht,Maarssen,,G,,Gageldijk,,,"35 Overvecht NS via Maarsseveen, 35 Overvecht NS via Maarsseveen",bus,nl.bus.59150010,,,,,113,,available,,regular,,2013-05-20 00:00:00,N,N,langshalte,0,0,0,0,0,0,0,0,0,N,0,0,0,N,N,N,N,N,N,N,0,N,N,N,N,N,N,N,N,0,N,N,N,N,N,N,,67E1E95F-DB3A-49E4-953B934B30462269.jpg,2012-11-23 11:06:42,,N,N
5.101118528077517,52.129982962422559,PUT,NL:Q:59150540,59150540,0,,Fort De Gagel,,,Utrecht,,GM0344,Utrecht,Maarssen,,G,,Gageldijk,,,"122 Utrecht Overvecht NS, 122 Utrecht Overvecht NS",bus,nl.bus.59150010,,,,,232,,available,,regular,,2012-12-06 11:15:00,N,N,langshalte,0,0,0,0,0,0,0,0,0,N,0,0,"0,09",N,N,N,N,N,N,Y,0,N,N,Y,N,N,N,N,N,0,N,N,N,N,N,N,,,,,N,N
5.089222714167057,52.12239458868769,PUT,NL:Q:59151770,59151770,0,,Franciscusdreef,,,Utrecht,,GM0344,Utrecht,Utrecht,,G,,Franciscusdreef,,,"16 Vechtsebanen via Zuilen, 16 Vechtsebanen via Zuilen",bus,,,,,,58,,available,,regular,,2013-05-20 00:00:00,N,N,langshalte,0,0,0,0,0,0,0,0,0,N,0,0,0,N,N,N,N,N,N,N,0,N,N,N,N,N,N,N,N,0,N,N,N,N,N,N,,,,,N,N
5.090750802370451,52.13417274537084,PUT,NL:Q:59150170,59150170,0,,Gageldijk 97,,,Utrecht,,GM0344,Utrecht,Maarssen,,G,,Gageldijk,,,"35 Maarssen-Dorp via Maarsseveen, 35 Maarssen-Dorp via Maarsseveen",bus,,,,,,293,,available,,regular,,2013-05-20 00:00:00,N,N,langshalte,0,0,0,0,0,0,0,0,0,N,0,0,0,N,N,N,N,N,N,N,0,N,N,N,N,N,N,N,N,0,N,N,N,N,N,N,,,,,N,N
5.09116088926548,52.13400300282629,PUT,NL:Q:59150180,59150180,0,,Gageldijk 97,,,Utrecht,,GM0344,Utrecht,Maarssen,,G,,Gageldijk,,,"35 Overvecht NS via Maarsseveen, 35 Overvecht NS via Maarsseveen",bus,,,,,,113,,available,,regular,,2013-05-20 00:00:00,N,N,langshalte,0,0,0,0,0,0,0,0,0,N,0,0,0,N,N,N,N,N,N,N,0,N,N,N,N,N,N,N,N,0,N,N,N,N,N,N,,,,,N,N
5.083105456032293,52.102937833730607,PUT,NL:Q:50007050,50007050,0,,Gietijzerstraat,,,Utrecht,,GM0344,Utrecht,Utrecht,,G,,Gietijzerstraat,,,"25 Utrecht CS Jaarbeurszijde, 25 Utrecht CS Jaarbeurszijde",bus,,,,,,237,,available,,regular,,2013-05-20 00:00:00,N,N,langshalte,0,0,0,0,0,0,0,0,0,N,0,0,0,N,N,N,N,N,N,N,0,N,N,N,N,N,N,N,N,0,N,N,N,N,N,N,,,,,N,N
5.083541363052539,52.103226574924172,PUT,NL:Q:50007060,50007060,0,,Gietijzerstraat,,,Utrecht,,GM0344,Utrecht,Utrecht,,G,,Gietijzerstraat,,,"25 Cartesiusweg via Oog in Al, 25 Cartesiusweg via Oog in Al",bus,,,,,,57,,available,,regular,,2013-05-20 00:00:00,N,N,langshalte,0,0,0,0,0,0,0,0,0,N,0,0,0,N,N,N,N,N,N,N,0,N,N,N,N,N,N,N,N,0,N,N,N,N,N,N,,,,,N,N
5.100037368552537,52.086864677459154,PUT,NL:Q:50000030,50000030,0,,Graadt van Roggenweg,,,Utrecht,,GM0344,Utrecht,Utrecht,,G,,Graadt van Roggenweg,,,"400 Oosterhout, 401 Breda, 181 Gorinchem Station, 387 Gorinchem Station, 388 Dordrecht CS, 85 Leerdam Lingepolikliniek, 85 Leerdam Station, 90 Alblasserdam Dam, 90 Alblasserdam Rijnstraat, 90 Ameide Prinsengracht, 90 Gelkenes Schoonhovense Veer, 90 Rotterdam Zuidplein, 400 Oosterhout, 401 Breda, 181 Gorinchem Station, 387 Gorinchem Station, 388 Dordrecht CS, 85 Leerdam Lingepolikliniek, 85 Leerdam Station, 90 Alblasserdam Dam, 90 Alblasserdam Rijnstraat, 90 Ameide Prinsengracht, 90 Gelkenes Schoonhovense Veer, 90 Rotterdam Zuidplein, 25 Cartesiusweg via Oog in Al, 26 Vleuterweide via Langerak, 7 Kanaleneiland, 25 Cartesiusweg via Oog in Al, 26 Vleuterweide via Langerak, 7 Kanaleneiland",bus,nl.bus.50000030,,,,,209,,available,,regular,,2012-03-15 00:00:00,N,N,haltehaven,3,24,20,15,"0,18","1,20","1,20",20,"0,80",N,0,"1,20","0,09",Y,N,N,N,N,N,Y,0,N,Y,Y,Y,Y,N,Y,N,0,N,N,Y,N,Y,Y,6,,,,N,N
5.100964292756053,52.08793651261329,PUT,NL:Q:50000040,50000040,0,,Graadt van Roggenweg,,,Utrecht,,GM0344,Utrecht,Utrecht,,G,,Graadt van Roggenweg,,,"25 Utrecht CS Jaarbeurszijde, 26 Utrecht CS via Terwijde NS, 7 Voordorp via Utrecht CS, 402 Utrecht CS , 400 Utrecht CS Busstation West, 401 Utrecht CS Busstation West, 402 Utrecht CS , 400 Utrecht CS Busstation West, 401 Utrecht CS Busstation West, 25 Utrecht CS Jaarbeurszijde, 26 Utrecht CS via Terwijde NS, 7 Voordorp via Utrecht CS, 181 Utrecht Busstation West, 387 Utrecht Busstation West, 388 Utrecht Busstation West, 85 Utrecht Busstation West, 90 Utrecht Busstation West, 181 Utrecht Busstation West, 387 Utrecht Busstation West, 388 Utrecht Busstation West, 85 Utrecht Busstation West, 90 Utrecht Busstation West",bus,nl.bus.50000030,,,,,28,,available,,regular,,2012-03-15 00:00:00,N,N,langshalte,0,0,0,0,0,0,0,0,0,N,0,0,0,N,N,N,N,N,N,N,0,N,N,N,N,N,N,N,N,0,N,N,N,N,N,N,,,,,N,N
5.102111211648555,52.088838098958725,PUT,NL:Q:50002070,50002070,0,,Graadt van Roggenweg,,,Utrecht,,GM0344,Utrecht,Utrecht,,G,,Graadt van Roggenweg,,,"60 Nieuwegein Zuid, 61 IJsselstein Zuid, 61 Utrecht P+R Westraven, 60 Nieuwegein Zuid, 61 IJsselstein Zuid, 61 Utrecht P+R Westraven",tram,nl.tram.50002070,,,,,204,,available,,regular,,2014-09-25 10:17:00,Y,Y,langshalte,0,0,0,0,"0,86","1,90","2,05","61,30","1,39",Y,"8,20","1,50","0,86",N,Y,Y,Y,N,N,N,0,N,Y,Y,Y,Y,N,Y,N,0,Y,Y,Y,Y,Y,Y,3,99F4BCF5-FE32-43A6-B1C0415FB4E17622.JPG,2011-04-15 07:27:55,,N,N
5.101690775686402,52.088414642089774,PUT,NL:Q:50002080,50002080,0,,Graadt van Roggenweg,,,Utrecht,,GM0344,Utrecht,Utrecht,,G,,Graadt van Roggenweg,,,"60 Utrecht CS Jaarbeursplein, 61 Utrecht CS Jaarbeursplein, 60 Utrecht CS Jaarbeursplein, 61 Utrecht CS Jaarbeursplein",tram,nl.tram.50002070,,,,,38,,available,,regular,,2014-09-25 10:18:00,Y,Y,langshalte,0,0,0,0,"0,84","2,60","1,80",62,"1,51",Y,"8,20","1,50","0,84",N,Y,Y,Y,Y,N,N,0,N,Y,Y,Y,Y,N,Y,N,0,Y,Y,Y,Y,Y,Y,3,764F10F5-F03F-4DF4-808210D01B3318BF.JPG,2011-04-15 07:32:17,,N,N
5.122493877652545,52.088993477997406,PUT,NL:Q:50006650,50006650,0,,Hamburgerstraat,,,Utrecht,,GM0344,Utrecht,Utrecht,,G,,Korte Nieuwstraat,,,"2 Museumkwartier, 2 Museumkwartier",bus,,,,,,153,,available,,regular,,2012-08-05 09:49:00,Y,Y,langshalte,0,0,12,0,"0,18","1,80","1,80",12,1,N,0,"1,80","0,09",Y,Y,N,N,N,N,Y,0,N,Y,N,N,N,N,N,N,0,N,N,N,N,N,N,,CAA38F4C-1380-4A94-A297481836D700BE.JPG,2012-08-06 09:48:47,,N,N
5.085360707115288,52.086684206632157,PUT,NL:Q:50002003,50002003,0,,Hndelstraat,,,Utrecht,,GM0344,Utrecht,Utrecht,,G,,Handelstraat,,,"14 Transwijk via Kan'eiland, 14 Transwijk via Kan'eiland",bus,,,,,,140,,available,,regular,,2012-03-15 00:00:00,N,N,langshalte,0,0,5,0,"0,09","1,50","1,50",0,"1,40",N,0,"1,50",0,Y,N,N,N,N,N,Y,0,N,N,N,N,N,N,N,Y,6,N,N,Y,N,N,N,,3DDD52F3-93FF-45DC-838F1DAF6AB2CEB0.jpg,2014-12-05 15:26:42,,N,N
5.085478336545928,52.086549686484069,PUT,NL:Q:50002004,50002004,0,,Hndelstraat,,,Utrecht,,GM0344,Utrecht,Utrecht,,G,,Handelstraat,,,"14 Transwijk via Kan'eiland, 14 Transwijk via Kan'eiland",bus,,,,,,322,,available,,regular,,2012-03-15 00:00:00,N,N,langshalte,0,0,10,0,"0,10",4,4,0,"1,60",N,0,"1,80",0,Y,N,N,N,N,N,Y,0,N,N,Y,N,N,N,N,N,0,N,N,Y,N,N,N,,82A67715-C01C-46E6-A6218EFF2FDA5591.jpg,2014-12-05 15:26:49,,N,N
5.01975544261052,52.092897508684644,PUT,NL:Q:51200211,51200211,0,,Hardenbroek,,,Vleuten,,GM0344,Utrecht,Utrecht,,G,,Europaweg,,,"126 Maarssen NS via Vleuten, 126 Maarssen NS via Vleuten",bus,,,,,,310,,available,,regular,,2012-03-15 00:00:00,N,N,langshalte,0,0,"20,4",0,"0,15","1,50",0,0,"0,80",N,0,"2,50","0,12",Y,N,N,N,N,N,Y,0,N,N,Y,N,N,N,N,Y,8,N,N,Y,N,N,N,,2724A5E8-50AE-4EFE-ADB28A1BE5B2F29A.jpg,2014-12-05 15:27:09,,N,N
5.020153408852679,52.092413390931995,PUT,NL:Q:51200223,51200223,0,,Hardenbroek,,,Vleuten,,GM0344,Utrecht,Utrecht,,G,,Europaweg,,,"126 De Meern Oost via Vleuten, 126 De Meern Oost via Vleuten",bus,,,,,,130,,available,,regular,,2012-03-15 00:00:00,N,N,langshalte,0,0,20,0,"0,12","1,20","1,20",0,"1,20",N,0,0,0,Y,N,N,N,N,N,Y,0,N,N,Y,N,N,N,N,Y,8,N,N,Y,N,N,N,,C61E525B-97A1-4F28-A1CE399EA04985A4.jpg,2014-12-05 15:27:15,,N,N
5.09731056870385,52.093374357980274,PUT,NL:Q:50000790,50000790,0,,Hasebroekstraat,,,Utrecht,,GM0344,Utrecht,Utrecht,,G,,Vleutenseweg,,,"19 De Wetering via Terwijde, 28 De Meern-Oost via Utrecht CS, 28 Vleuterweide via Centrum, 28 Vleuterweide via Parkwijk, 37 Maarssenbroek via Lage Weide, 38 Maarssen NS via Lage Weide, 39 Maarssen NS via Terwijde, 402 Utrecht CS , 402 Woerden Station, 407 Oudewater , 407 Utrecht CS , 420 Loenen ad Vecht Kerklaan, 19 De Wetering via Terwijde, 28 De Meern-Oost via Utrecht CS, 28 Vleuterweide via Centrum, 28 Vleuterweide via Parkwijk, 37 Maarssenbroek via Lage Weide, 38 Maarssen NS via Lage Weide, 39 Maarssen NS via Terwijde, 402 Utrecht CS , 402 Woerden Station, 407 Oudewater , 407 Utrecht CS , 420 Loenen ad Vecht Kerklaan",bus,nl.bus.50000790,,,,,276,,available,,regular,,2012-08-01 10:29:00,N,Y,langshalte,0,0,60,0,"0,18","0,90","0,90",60,1,N,0,2,"0,12",N,Y,N,N,N,N,Y,0,N,Y,N,Y,Y,N,Y,N,0,N,N,Y,N,Y,Y,0,D24B0B94-CC2C-40BA-B6D5C154AF8D196C.JPG,2012-08-02 10:29:01,,N,N
5.098055527522324,52.093259342249972,PUT,NL:Q:50000800,50000800,0,,Hasebroekstraat,,,Utrecht,,GM0344,Utrecht,Utrecht,,G,,Vleutenseweg,,,"19 Terwijde via De Wetering, 28 De Uithof P+R via Utrecht CS, 28 Rijnsweerd via Utrecht CS, 37 Utrecht CS via Maarssenbr, 38 Utrecht CS via Lage Weide, 39 Utrecht CS Jaarbeurszijde, 39 Utrecht CS via Terwijde, 19 Terwijde via De Wetering, 28 De Uithof P+R via Utrecht CS, 28 Rijnsweerd via Utrecht CS, 37 Utrecht CS via Maarssenbr, 38 Utrecht CS via Lage Weide, 39 Utrecht CS Jaarbeurszijde, 39 Utrecht CS via Terwijde",bus,nl.bus.50000790,,,,,92,,available,,regular,,2012-08-01 10:27:00,N,Y,langshalte,0,0,60,0,"0,18","0,90","0,90",60,1,N,0,2,"0,12",N,Y,N,N,N,N,Y,0,N,Y,N,Y,Y,N,Y,N,0,N,N,Y,N,Y,Y,0,B9488B88-0D50-4ECF-8BCF7EABAF5AF517.JPG,2012-08-02 10:27:05,,N,N
5.173917662624536,52.084864329873028,PUT,NL:Q:50100510,50100510,0,,Heidelberglaan,,,Utrecht,,GM0344,Utrecht,Utrecht,,G,,Heidelberglaan,,,"242 De Uithof WKZ via Bunnik NS, 252 Amersfoort via Vollenhove, 28 De Uithof P+R via Utrecht CS, 281 De Uithof WKZ via Rijnsweerd, 283 De Uithof WKZ via Rijnsweerd, 287 De Uithof WKZ via Rijnsweerd, 30 De Uithof WKZ via Rijnsweerd, 30 Leidsche Rijn Ziekenhuis, 31 De Uithof AZU via Rijnsweerd, 32 De Uithof WKZ via Rijnsweerd, 71 Doorn via De Uithof, 71 Drieb.-Zeist NS, 71 Drieb.-Zeist NS via De Uithof, 72 Bilthoven NS, 72 Bilthoven via De Uithof, 276 Amersfoort Campagnergaarde, 296 Amersfoort Kattenbroek, 299 Leusden-Centrum Carpoolplaats, 242 De Uithof WKZ via Bunnik NS, 252 Amersfoort via Vollenhove, 28 De Uithof P+R via Utrecht CS, 281 De Uithof WKZ via Rijnsweerd, 283 De Uithof WKZ via Rijnsweerd, 287 De Uithof WKZ via Rijnsweerd, 30 De Uithof WKZ via Rijnsweerd, 30 Leidsche Rijn Ziekenhuis, 31 De Uithof AZU via Rijnsweerd, 32 De Uithof WKZ via Rijnsweerd, 71 Doorn via De Uithof, 71 Drieb.-Zeist NS, 71 Drieb.-Zeist NS via De Uithof, 72 Bilthoven NS, 72 Bilthoven via De Uithof, 276 Amersfoort Campagnergaarde, 296 Amersfoort Kattenbroek, 299 Leusden-Centrum Carpoolplaats",bus,nl.bus.50100510,,,,,90,,available,,regular,,2012-03-15 00:00:00,Y,Y,langshalte,0,0,40,0,"0,18",3,3,40,3,N,0,0,0,Y,Y,Y,Y,Y,Y,Y,0,N,Y,Y,Y,Y,Y,Y,N,0,N,N,Y,Y,Y,Y,5,E8B18CBC-2C8B-4295-96668374AFB46525.jpg,2014-12-05 15:27:22,,N,N
5.174457432107377,52.084874292989909,PUT,NL:Q:50100520,50100520,0,,Heidelberglaan,,,Utrecht,,GM0344,Utrecht,Utrecht,,G,,Heidelberglaan,,,"242 Wijk bij Duurstede, 252 Rijnsweerd via De Uithof, 28 Vleuterweide via Centrum, 281 Houten-Zuid via Houten NS, 283 IJsselstein, 287 Vianen Lekbrug, 30 Leidsche Rijn via Overv. NS, 30 Overvecht-Zuid via Overv. NS, 31 Lunetten NS, 32 Maarssen via Zuilen, 71 Nieuwegein-C via De Uithof, 71 Rijnsweerd via De Uithof, 72 Nieuwegein-C via De Uithof, 72 Nieuwegein-Z via De Uithof, 242 Wijk bij Duurstede, 252 Rijnsweerd via De Uithof, 28 Vleuterweide via Centrum, 281 Houten-Zuid via Houten NS, 283 IJsselstein, 287 Vianen Lekbrug, 30 Leidsche Rijn via Overv. NS, 30 Overvecht-Zuid via Overv. NS, 31 Lunetten NS, 32 Maarssen via Zuilen, 71 Nieuwegein-C via De Uithof, 71 Rijnsweerd via De Uithof, 72 Nieuwegein-C via De Uithof, 72 Nieuwegein-Z via De Uithof, 150 Almere Buiten via Blaricum, 276 Utrecht Rijnsweerd Nrd, 296 Utrecht Rijnsweerd Nrd, 299 Utrecht Rijnsweerd Nrd, 150 Almere Buiten via Blaricum, 276 Utrecht Rijnsweerd Nrd, 296 Utrecht Rijnsweerd Nrd, 299 Utrecht Rijnsweerd Nrd",bus,nl.bus.50100510,,,,,269,,available,,regular,,2013-05-20 00:00:00,N,N,langshalte,0,0,0,0,0,0,0,0,0,N,0,0,0,N,N,N,N,N,N,N,0,N,N,N,N,N,N,N,N,0,N,N,N,N,N,N,,,,,N,N
5.175114131013409,52.084839523705746,PUT,NL:Q:50100810,50100810,0,,Heidelberglaan,,,Utrecht,,GM0344,Utrecht,Utrecht,,G,,Heidelberglaan,,,"12 De Uithof AZU via Galgenwaard, 150 Utrecht Uithof via Blaricum, 12 De Uithof AZU via Galgenwaard, 150 Utrecht Uithof via Blaricum",bus,nl.bus.50100510,,,,,108,,available,,regular,,2012-07-31 13:09:00,Y,Y,langshalte,0,0,60,0,"0,18",3,3,60,1,N,0,3,"0,09",N,Y,N,N,N,N,Y,0,N,Y,Y,Y,Y,N,Y,N,0,N,N,Y,N,Y,Y,0,1B6B69FC-140F-4ED7-A42480B8C579926E.JPG,2012-08-01 13:08:44,,N,N
5.173392439961025,52.084863378718886,PUT,NL:Q:50100820,50100820,0,,Heidelberglaan,,,Utrecht,,GM0344,Utrecht,Utrecht,,G,,Heidelberglaan,,,"12 Utrecht CS Centrumzijde, 12 Utrecht CS Centrumzijde",bus,nl.bus.50100510,,,,,270,,available,,regular,,2012-07-31 13:05:00,Y,Y,langshalte,0,0,60,0,"0,18",5,5,60,1,N,0,5,"0,09",N,Y,N,N,N,N,Y,0,N,Y,Y,Y,Y,N,Y,N,0,N,N,Y,N,Y,Y,0,2E596CAD-E264-4604-ACC06FCAF489F2C8.JPG,2012-08-01 13:05:13,,N,N
5.02147034034388,52.108029794035282,PUT,NL:Q:51200295,51200295,0,,Heinsmaat,,,Vleuten,,GM0344,Utrecht,Utrecht,,G,,Heinstmaat,,,"125 Vleuten-Dorp, 125 Vleuten-Dorp",bus,,,,,,200,,available,,regular,,2012-03-15 00:00:00,N,N,langshalte,0,0,"1,5",0,0,"2,40",0,0,"1,30",N,0,"1,50",0,N,N,N,N,N,N,Y,0,N,N,Y,N,N,N,N,N,0,N,N,Y,N,N,N,,B8132B7F-C081-4E77-AE2D3E83B6E6D303.jpg,2014-12-05 15:27:42,,N,N
5.027497651819775,52.119085679103442,PUT,NL:Q:51111690,51111690,0,,Heldinnenlaan,,,Utrecht,,GM0344,Utrecht,Utrecht,,G,,,,,"39 Maarssen NS via Terwijde, 39 Maarssen NS via Terwijde",bus,nl.bus.51111690,,,,,299,,available,,regular,,2012-08-08 12:33:00,Y,Y,langshalte,0,0,22,0,"0,18","2,20","2,20",18,1,N,0,"2,20","0,09",Y,Y,N,N,N,N,Y,0,N,N,Y,N,N,N,N,N,0,N,N,N,N,N,N,,,,,N,N
5.027864327372029,52.118880071451507,PUT,NL:Q:51111695,51111695,0,,Heldinnenlaan,,,Utrecht,,GM0344,Utrecht,Utrecht,,G,,,,,"39 Utrecht CS via Terwijde, 39 Utrecht CS via Terwijde",bus,nl.bus.51111690,,,,,119,,available,,regular,,2012-08-08 12:35:00,Y,Y,langshalte,0,0,22,0,"0,18","2,10","2,10",18,1,N,0,"2,10","0,09",Y,Y,N,N,N,N,Y,0,N,N,Y,N,N,N,N,N,0,N,N,N,N,N,N,,,,,N,N
5.132905399540186,52.102965851800924,PUT,NL:Q:50003327,50003327,0,,Hengeveldstraat,,,Utrecht,,GM0344,Utrecht,Utrecht,,G,,Kardinaal de Jongweg,,,"30 De Uithof WKZ via Rijnsweerd, 30 Leidsche Rijn Ziekenhuis, 32 De Uithof WKZ via Rijnsweerd, 5 Voordorp, 30 De Uithof WKZ via Rijnsweerd, 30 Leidsche Rijn Ziekenhuis, 32 De Uithof WKZ via Rijnsweerd, 5 Voordorp",bus,,,,,,100,,available,,regular,,2012-03-15 00:00:00,Y,Y,haltehaven,"3,1","29,2","29,1","16,1","0,18","1,80","1,80",25,"1,70",N,0,"1,20",0,Y,Y,Y,Y,Y,Y,Y,0,N,Y,Y,Y,Y,Y,Y,N,0,N,N,Y,Y,N,N,,7C57C91E-74E8-48BA-BCABF4EB0E7D18B5.jpg,2014-12-05 15:27:49,,N,N
5.013759073768352,52.110243657716858,PUT,NL:Q:51200370,51200370,0,,Henri Dunantlaan,,,Vleuten,,GM0344,Utrecht,Utrecht,,G,,Schoolstraat,,,"125 Vleuten-Dorp, 127 Kockengen via Haarzuilens, 125 Vleuten-Dorp, 127 Kockengen via Haarzuilens",bus,,,,,,19,,available,,regular,,2013-05-20 00:00:00,N,N,langshalte,0,0,0,0,0,0,0,0,0,N,0,0,0,N,N,N,N,N,N,N,0,N,N,N,N,N,N,N,N,0,N,N,N,N,N,N,,,,,N,N
5.013200743963552,52.108929628804141,PUT,NL:Q:51200380,51200380,0,,Henri Dunantlaan,,,Vleuten,,GM0344,Utrecht,Utrecht,,G,,Schoolstraat,,,"127 Vleuten NS, 127 Vleuten NS via Haarzuilens, 127 Vleuten NS, 127 Vleuten NS via Haarzuilens",bus,,,,,,198,,available,,regular,,2013-05-20 00:00:00,N,N,langshalte,0,0,0,0,0,0,0,0,0,N,0,0,0,N,N,N,N,N,N,N,0,N,N,N,N,N,N,N,N,0,N,N,N,N,N,N,,,,,N,N
5.107711174505724,52.096320590159735,PUT,NL:Q:50000410,50000410,0,,Herenweg,,,Utrecht,,GM0344,Utrecht,Utrecht,,G,,Amsterdamsestraatweg,,,"3 Zuilen, 120 Amsterdam Station Bijlmer, 120 Loenen ad Vecht , 3 Zuilen, 120 Amsterdam Station Bijlmer, 120 Loenen ad Vecht",bus,,,,,,298,,available,,regular,,2011-04-19 14:08:00,Y,Y,semi-haltehaven,"3,5",0,22,15,"0,18","1,50","1,50",22,1,Y,0,"1,50","0,09",Y,Y,N,N,N,N,Y,0,N,Y,Y,Y,Y,N,Y,N,0,N,N,Y,N,N,N,,,,,N,N
5.107828874406074,52.096168072024867,PUT,NL:Q:50000420,50000420,0,,Herenweg,,,Utrecht,,GM0344,Utrecht,Utrecht,,G,,Amsterdamsestraatweg,,,"3 Utrecht CS Centrumzijde, 3 Utrecht CS Centrumzijde, 120 Utrecht Centraal, 120 Utrecht Centraal",bus,,,,,,120,,available,,regular,,2012-08-05 12:33:00,Y,Y,langshalte,0,0,18,0,"0,18","2,40","2,40",20,1,N,0,"0,90","0,09",Y,Y,N,N,N,N,Y,0,N,Y,Y,Y,Y,N,Y,N,0,N,N,Y,N,N,N,,49C4B133-909C-40FD-ABB61583210CDBBF.JPG,2012-08-06 12:32:06,,N,N
5.045669519843951,52.095060662148853,PUT,NL:Q:51111230,51111230,0,,Het Zand,,,Utrecht,,GM0344,Utrecht,Utrecht,,G,,'t Zand,,,"26 Vleuterweide via Langerak, 26 Vleuterweide via Langerak",bus,,,,,,15,,available,,regular,,2012-08-08 13:33:00,Y,Y,langshalte,0,0,18,0,"0,18",3,3,18,1,N,0,3,"0,09",Y,Y,N,N,N,N,Y,0,N,Y,Y,N,N,N,N,Y,0,N,N,N,N,N,N,,70033C00-3758-4905-800DDEF3373C6E4A.JPG,2012-08-03 10:14:04,,N,N
5.045570116841711,52.094700850705472,PUT,NL:Q:51111240,51111240,0,,Het Zand,,,Utrecht,,GM0344,Utrecht,Utrecht,,G,,'t Zand,,,"26 Utrecht CS via Terwijde NS, 26 Utrecht CS via Terwijde NS",bus,,,,,,200,,available,,regular,,2012-08-08 13:33:00,Y,Y,langshalte,0,0,18,0,"0,18",2,2,18,1,N,0,2,"0,09",Y,Y,N,N,N,N,Y,0,N,Y,N,Y,Y,N,N,N,0,N,N,Y,N,N,N,,1651FBB3-B02D-4D6D-8167AA43F6C5CCA2.JPG,2012-08-03 10:12:10,,N,N
5.136241239100958,52.104132454679622,PUT,NL:Q:50002800,50002800,0,,Hijmans vd Berghlaan,,,Utrecht,,GM0344,Utrecht,Utrecht,,G,,Van Everdingenlaan,,,"5 Voordorp, 5 Voordorp",bus,nl.bus.50002800,,,,,8,,available,,regular,,2012-08-09 10:33:00,Y,Y,langshalte,0,0,20,0,"0,18",3,3,20,1,N,0,3,"0,09",Y,Y,N,N,N,N,Y,0,N,Y,Y,Y,Y,N,Y,N,0,N,N,Y,N,Y,Y,0,F5043231-C787-4F1C-9C0C07BF62B17788.JPG,2011-03-22 13:16:50,,N,N
5.143060386524244,52.08489435768017,PUT,NL:Q:50007500,50007500,0,,Hobbemastraat,,,Utrecht,,GM0344,Utrecht,Utrecht,,G,,Frans Halsstraat,,,"18 Oorsprongpark, 4 Utrecht CS via Biltstraat, 18 Oorsprongpark, 4 Utrecht CS via Biltstraat",bus,nl.bus.50007500,,,,,51,,available,,regular,,2011-07-19 13:16:00,Y,Y,langshalte,0,0,18,0,"0,18","2,40","2,40",18,1,N,0,"2,40","0,09",Y,Y,N,N,N,N,Y,0,N,Y,Y,Y,Y,N,Y,N,0,N,N,Y,N,Y,Y,0,5CDF5D46-F69A-4F90-9144FD1A6BDB0FBD.JPG,2011-07-20 13:16:27,,N,N
5.14274089047398,52.084624053677402,PUT,NL:Q:50007510,50007510,0,,Hobbemastraat,,,Utrecht,,GM0344,Utrecht,Utrecht,,G,,Hobbemastraat,,,"4 Diakonessenhuis via Biltstraat, 4 Diakonessenhuis via Biltstraat",bus,nl.bus.50007500,,,,,,,available,,regular,,2011-07-19 13:19:00,Y,Y,langshalte,0,0,18,0,"0,18","2,10","2,10",18,1,N,0,"2,10","0,09",Y,Y,N,N,N,N,Y,0,N,Y,Y,Y,Y,N,Y,N,0,N,N,Y,N,Y,Y,0,7918D353-022D-4B2E-9E3939C71D487DAB.JPG,2011-07-20 13:18:52,,N,N
5.099903803357902,52.075853947117963,PUT,NL:Q:50002005,50002005,0,,Hof van Transwijk,,,Utrecht,,GM0344,Utrecht,Utrecht,,G,,Van Bijnkershoeklaan,,,"14 Transwijk via Kan'eiland, 14 Transwijk via Kan'eiland",bus,,,,,,325,,available,,regular,,2012-03-15 00:00:00,N,Y,langshalte,0,0,10,0,"0,10","1,80","1,80",0,"1,50",N,0,"1,80",0,Y,Y,Y,Y,N,N,Y,0,N,Y,Y,N,N,N,N,N,0,N,N,Y,N,N,N,,DFFC9D12-1E20-4476-A552C02D5EA004A5.jpg,2014-12-05 15:28:38,,N,N
5.135717272737607,52.085696838400388,PUT,NL:Q:50006910,50006910,0,,Homeruslaan,,,Utrecht,,GM0344,Utrecht,Utrecht,,G,,Homeruslaan,,,"8 Diakonessenhuis via Utrecht CS, 8 Diakonessenhuis via Utrecht CS",bus,nl.bus.50006910,,,,,110,,available,,regular,,2011-07-19 14:08:00,Y,Y,langshalte,0,0,18,0,"0,18","2,40","2,40",18,1,N,0,"2,40","0,09",Y,Y,N,N,N,N,Y,0,N,Y,Y,Y,Y,N,Y,N,0,N,N,Y,N,N,N,,0A6204E1-0313-4C0F-93D65F54C8D3A0C4.JPG,2011-07-20 14:08:42,,N,N
5.135293309579366,52.085848730522635,PUT,NL:Q:50006920,50006920,0,,Homeruslaan,,,Utrecht,,GM0344,Utrecht,Utrecht,,G,,Homeruslaan,,,"8 Lunetten via Utrecht CS, 8 Lunetten via Utrecht CS",bus,nl.bus.50006910,,,,,288,,available,,regular,,2011-07-19 14:07:00,Y,Y,semi-haltehaven,"2,5",0,18,10,"0,18","2,40","2,40",18,1,N,0,"2,40","0,09",Y,Y,N,N,N,N,Y,0,N,Y,Y,Y,Y,N,Y,N,0,N,N,Y,N,N,N,,AF9C5FA6-28BA-4283-B07C468F45763645.JPG,2011-07-20 14:06:35,,N,N
5.120033464445109,52.083190622042551,PUT,NL:Q:50002260,50002260,0,,Hoogh Boulandt,,,Utrecht,,GM0344,Utrecht,Utrecht,,G,,Catharijnesingel,,,"2 Museumkwartier, 2 Museumkwartier",bus,,,,,,335,,available,,regular,,2013-05-20 00:00:00,N,N,langshalte,0,0,0,0,0,0,0,0,0,N,0,0,0,N,N,N,N,N,N,N,0,N,N,N,N,N,N,N,N,0,N,N,N,N,N,N,,,,,N,N
5.085185408929897,52.127777137425156,PUT,NL:Q:59151830,59151830,0,,Hudsondreef,,,Utrecht,,GM0344,Utrecht,Utrecht,,G,,Hudsondreef,,,"6 Utrecht CS Centrumzijde, 6 Utrecht CS Centrumzijde",bus,nl.bus.59151830,,,,,58,,available,,regular,,2013-05-20 00:00:00,N,N,langshalte,0,0,0,0,0,0,0,0,0,N,0,0,0,N,N,N,N,N,N,N,0,N,N,N,N,N,N,N,N,0,N,N,N,N,N,N,,,,,N,N
5.085170926972237,52.127759124303466,PUT,NL:Q:59151840,59151840,0,,Hudsondreef,,,Utrecht,,GM0344,Utrecht,Utrecht,,G,,Hudsondreef,,,"6 Overvecht-Noord via Nijenoord, 6 Overvecht-Noord via Nijenoord",bus,nl.bus.59151830,,,,,238,,available,,regular,,2013-05-20 00:00:00,N,N,langshalte,0,0,0,0,0,0,0,0,0,N,0,0,0,N,N,N,N,N,N,N,0,N,N,N,N,N,N,N,N,0,N,N,N,N,N,N,,,,,N,N
5.113851345979968,52.118409618082801,PUT,NL:Q:59150810,59150810,0,,Humberdreef,,,Utrecht,,GM0344,Utrecht,Utrecht,,G,,Humberdreef,,,"9 Utrecht CS Centrumzijde, 9 Utrecht CS Centrumzijde",bus,,,,,,122,,available,,regular,,2013-05-20 00:00:00,N,N,langshalte,0,0,0,0,0,0,0,0,0,N,0,0,0,N,N,N,N,N,N,N,0,N,N,N,N,N,N,N,N,0,N,N,N,N,N,N,,,,,N,N
5.114393645870193,52.118069328461388,PUT,NL:Q:59150820,59150820,0,,Humberdreef,,,Utrecht,,GM0344,Utrecht,Utrecht,,G,,Humberdreef,,,"9 Overvecht-Noord via Talmalaan, 9 Overvecht-Noord via Talmalaan",bus,,,,,,302,,available,,regular,,2013-05-20 00:00:00,N,N,langshalte,0,0,0,0,0,0,0,0,0,N,0,0,0,N,N,N,N,N,N,N,0,N,N,N,N,N,N,N,N,0,N,N,N,N,N,N,,,,,N,N
5.059531530508994,52.113175004665329,PUT,NL:Q:59140111,59140111,0,,Hyperonenweg,,,Utrecht,,GM0344,Utrecht,Utrecht,,G,,Atoomweg,,,"37 Maarssenbroek via Lage Weide, 38 Maarssen NS via Lage Weide, 37 Maarssenbroek via Lage Weide, 38 Maarssen NS via Lage Weide",bus,,,,,,312,,available,,regular,,2013-05-20 00:00:00,N,N,langshalte,0,0,0,0,0,0,0,0,0,N,0,0,0,N,N,N,N,N,N,N,0,N,N,N,N,N,N,N,N,0,N,N,N,N,N,N,,,,,N,N
5.05947274056657,52.113228769641466,PUT,NL:Q:59140120,59140120,0,,Hyperonenweg,,,Utrecht,,GM0344,Utrecht,Utrecht,,G,,Atoomweg,,,"37 Utrecht CS via Maarssenbr, 38 Utrecht CS via Lage Weide, 37 Utrecht CS via Maarssenbr, 38 Utrecht CS via Lage Weide",bus,,,,,,132,,available,,regular,,2013-05-20 00:00:00,N,N,langshalte,0,0,0,0,0,0,0,0,0,N,0,0,0,N,N,N,N,N,N,N,0,N,N,N,N,N,N,N,N,0,N,N,N,N,N,N,,,,,N,N
5.12026162102474,52.059615370616243,PUT,NL:Q:50008050,50008050,0,,IJsselsteinlaan,,,Utrecht,,GM0344,Utrecht,Utrecht,,G,,Bazuinhof,,,"1 Hoograven via Utrecht CS, 1 Overvecht via Utrecht CS, 15 Hoograven, 15 Lunetten NS, 15 Smaragdplein, 1 Hoograven via Utrecht CS, 1 Overvecht via Utrecht CS, 15 Hoograven, 15 Lunetten NS, 15 Smaragdplein",bus,nl.bus.50008050,,,,,205,,available,,regular,,2011-09-22 14:54:00,Y,Y,langshalte,0,0,18,0,"0,18","1,50","1,50",18,1,N,0,"1,50","0,09",Y,Y,N,N,N,N,Y,0,N,Y,Y,Y,Y,N,Y,N,0,N,N,Y,N,Y,Y,0,AE2DFE76-4EDD-4224-A2EE58D5B791BE94.JPG,2011-09-23 14:53:51,,N,N
5.07585320481052,52.085913470427393,PUT,NL:Q:51111020,51111020,0,,Infoctr Leidsche Rijn,,,Utrecht,,GM0344,Utrecht,Utrecht,,G,,,,,"26 Utrecht CS via Terwijde NS, 48 Nieuwegein via L. Rijn NS, 48 Nieuwegein via Papendorp, 26 Vleuterweide via Langerak, 48 Maarssen NS via Papendorp, 48 Papendorp via Nieuwegein, 26 Vleuterweide via Langerak, 48 Maarssen NS via Papendorp, 48 Papendorp via Nieuwegein, 26 Utrecht CS via Terwijde NS, 48 Nieuwegein via L. Rijn NS, 48 Nieuwegein via Papendorp",bus,nl.bus.51111020,,,,,194,,available,,regular,,2014-09-01 13:33:00,Y,Y,haltehaven,3,"11,9","24,1","15,2","0,18",3,3,"18,60","2,90",N,0,"2,90",0,Y,Y,Y,Y,Y,Y,Y,0,N,N,Y,N,N,N,N,N,0,N,N,Y,N,N,N,,0D379D64-D262-4529-860075D54717BC68.jpg,2014-12-05 15:29:53,,N,N
5.087027229715293,52.084027988534039,PUT,NL:Q:50002001,50002001,0,,J Uytdehaageplantsoen,,,Utrecht,,GM0344,Utrecht,Utrecht,,G,,Handelstraat,,,"14 Transwijk via Kan'eiland, 14 Transwijk via Kan'eiland",bus,nl.bus.50002001,,,,,180,,available,,regular,,2012-03-15 00:00:00,N,N,langshalte,0,0,"7,5",0,"0,10","2,80","2,80",0,"2,50",N,0,"2,50",0,Y,N,N,N,N,N,Y,0,N,N,Y,N,N,N,N,N,0,N,N,Y,N,N,N,,F0951458-9A0C-4DCC-A4FCD2E1CD091258.jpg,2014-12-05 15:30:19,,N,N
5.087029038599207,52.083758350543619,PUT,NL:Q:50002002,50002002,0,,J Uytdehaageplantsoen,,,Utrecht,,GM0344,Utrecht,Utrecht,,G,,Handelstraat,,,"14 Transwijk via Kan'eiland, 14 Transwijk via Kan'eiland",bus,nl.bus.50002001,,,,,180,,available,,regular,,2012-03-15 00:00:00,N,N,langshalte,0,0,5,0,"0,10",5,5,0,"1,80",N,0,"1,80",0,Y,N,N,N,N,N,Y,0,N,N,Y,N,N,N,N,N,0,N,N,N,N,N,N,,E2B371AB-8448-40C2-BA729C03B4FFAB90.jpg,2014-12-05 15:30:25,,N,N
5.098011103779531,52.091102096316789,PUT,NL:Q:50007170,50007170,0,,JP Coenstraat,,,Utrecht,,GM0344,Utrecht,Utrecht,,G,,Bantamstraat,,,"14 Transwijk via Kan'eiland, 14 Transwijk via Kan'eiland",bus,nl.bus.50007170,,,,,265,,available,,regular,,2013-05-20 00:00:00,N,N,langshalte,0,0,0,0,0,0,0,0,0,N,0,0,0,N,N,N,N,N,N,N,0,N,N,N,N,N,N,N,N,0,N,N,N,N,N,N,,,,,N,N
5.098506924290325,52.091148251732896,PUT,NL:Q:50007180,50007180,0,,JP Coenstraat,,,Utrecht,,GM0344,Utrecht,Utrecht,,G,,Kanaalstraat,,,"14 Transwijk via Kan'eiland, 14 Transwijk via Kan'eiland",bus,nl.bus.50007170,,,,,265,,available,,regular,,2013-05-20 00:00:00,N,N,langshalte,0,0,0,0,0,0,0,0,0,N,0,0,0,N,N,N,N,N,N,N,0,N,N,N,N,N,N,N,N,0,N,N,N,N,N,N,,,,,N,N
5.105308568764978,52.088531204193714,PUT,NL:Q:50006290,50006290,0,,Jaarbeursplein,,,Utrecht,,GM0344,Utrecht,Utrecht,,G,,Croeselaan,,,"1 Hoograven via Utrecht CS, 19 Terwijde via De Wetering, 25 Utrecht CS Jaarbeurszijde, 26 Utrecht CS via Terwijde NS, 37 Utrecht CS via Maarssenbr, 38 Utrecht CS via Lage Weide, 39 Utrecht CS Jaarbeurszijde, 39 Utrecht CS via Terwijde, 1 Hoograven via Utrecht CS, 19 Terwijde via De Wetering, 25 Utrecht CS Jaarbeurszijde, 26 Utrecht CS via Terwijde NS, 37 Utrecht CS via Maarssenbr, 38 Utrecht CS via Lage Weide, 39 Utrecht CS Jaarbeurszijde, 39 Utrecht CS via Terwijde",bus,nl.bus.50006290,,,,,136,,available,,regular,,2013-05-20 00:00:00,N,N,langshalte,0,0,0,0,0,0,0,0,0,N,0,0,0,N,N,N,N,N,N,N,0,N,N,N,N,N,N,N,N,0,N,N,N,N,N,N,,,,,N,N
5.105629110634379,52.088603874718451,PUT,NL:Q:50006300,50006300,0,,Jaarbeursplein,,,Utrecht,,GM0344,Utrecht,Utrecht,,G,,Croeselaan,,,"1 Overvecht via Utrecht CS, 19 De Wetering via Terwijde, 25 Cartesiusweg via Oog in Al, 26 Vleuterweide via Langerak, 37 Maarssenbroek via Lage Weide, 38 Maarssen NS via Lage Weide, 39 Maarssen NS via Terwijde, 1 Overvecht via Utrecht CS, 19 De Wetering via Terwijde, 25 Cartesiusweg via Oog in Al, 26 Vleuterweide via Langerak, 37 Maarssenbroek via Lage Weide, 38 Maarssen NS via Lage Weide, 39 Maarssen NS via Terwijde",bus,nl.bus.50006290,,,,,318,,available,,regular,,2013-05-20 00:00:00,N,N,langshalte,0,0,0,0,0,0,0,0,0,N,0,0,0,N,N,N,N,N,N,N,0,N,N,N,N,N,N,N,N,0,N,N,N,N,N,N,,,,,N,N
5.075651469404095,52.114881476786209,PUT,NL:Q:59150050,59150050,0,,Jacvan Campenstraat,,,utrecht,,GM0344,Utrecht,Utrecht,,G,,Amsterdamsestraatweg,,,"120 Amsterdam Station Bijlmer, 120 Loenen ad Vecht , 120 Amsterdam Station Bijlmer, 120 Loenen ad Vecht",bus,,,,,,320,,available,,regular,,2012-03-15 00:00:00,Y,Y,langshalte,0,0,20,0,"0,18","2,10","2,10",20,"2,10",Y,"1,70","1,20",0,Y,Y,Y,Y,Y,Y,Y,0,N,N,Y,N,N,N,N,N,0,N,N,Y,N,N,N,,7E44686A-A1B0-42EA-BFF627BFCC2690B3.jpg,2014-12-05 15:30:32,,N,N
5.076005229508535,52.114397056220852,PUT,NL:Q:59150570,59150570,0,,Jacvan Campenstraat,,,utrecht,,GM0344,Utrecht,Utrecht,,G,,Amsterdamsestraatweg,,,"120 Utrecht Centraal, 120 Utrecht Centraal",bus,,,,,,140,,available,,regular,,2012-03-15 00:00:00,Y,Y,langshalte,0,0,20,0,"0,18","1,60","1,60",20,"1,60",N,0,2,0,Y,Y,Y,Y,Y,Y,Y,0,N,N,Y,N,N,N,N,N,0,N,N,Y,N,N,N,,46A04223-4D12-4679-935533B49AFEE849.jpg,2014-12-05 15:30:39,,N,N
5.072378579697376,52.121470008980246,PUT,NL:Q:59150520,59150520,0,,Jan van Zutphenlaan,,,Utrecht,,GM0344,Utrecht,Utrecht,,G,,Jan van Zutphenlaan,,,"32 De Uithof WKZ via Rijnsweerd, 34 Utrecht CS via Maarssen-D, 36 Utrecht CS via Maarssen-D, 32 De Uithof WKZ via Rijnsweerd, 34 Utrecht CS via Maarssen-D, 36 Utrecht CS via Maarssen-D",bus,nl.bus.59150520,,,,,141,,available,,regular,,2012-08-05 12:13:00,Y,Y,langshalte,0,0,18,0,"0,18","2,40","2,40",22,1,N,0,"1,50","0,09",Y,Y,N,N,N,N,Y,0,N,Y,Y,Y,Y,N,Y,N,0,N,N,Y,N,N,N,,985E93D6-EDA1-44E8-B2F8A1A6B5966652.JPG,2012-08-06 12:12:17,,N,N
5.073625308960538,52.120673394524331,PUT,NL:Q:59150590,59150590,0,,Jan van Zutphenlaan,,,Utrecht,,GM0344,Utrecht,Utrecht,,G,,Burg Norbruislaan,,,"32 Maarssen via Zuilen, 34 Maarssen via Zuilen, 36 Maarssen via Zuilen, 32 Maarssen via Zuilen, 34 Maarssen via Zuilen, 36 Maarssen via Zuilen",bus,nl.bus.59150520,,,,,300,,available,,regular,,2012-08-05 12:11:00,Y,Y,langshalte,0,0,18,0,"0,18","2,80","2,80",22,1,N,0,"1,50","0,09",Y,Y,N,N,N,N,Y,0,N,Y,Y,Y,Y,N,Y,N,0,N,N,Y,N,N,N,,308C2303-9AD7-4DE1-B4F2344593F87AD0.JPG,2012-08-06 12:08:58,,N,N
5.062055616178941,52.097327043773959,PUT,NL:Q:51112505,51112505,0,,Jan Wolkerssingel,,,Utrecht,,GM0344,Utrecht,Utrecht,,G,,,,,"10 Leidsche Rijn via Kan'eiland, 19 De Wetering via Terwijde, 30 Leidsche Rijn via Overv. NS, 30 Leidsche Rijn via Zuilen NS, 39 Maarssen NS via Terwijde, 48 Maarssen NS via Papendorp, 48 Papendorp via Nieuwegein, 10 Leidsche Rijn via Kan'eiland, 19 De Wetering via Terwijde, 30 Leidsche Rijn via Overv. NS, 30 Leidsche Rijn via Zuilen NS, 39 Maarssen NS via Terwijde, 48 Maarssen NS via Papendorp, 48 Papendorp via Nieuwegein",bus,,,,,,330,,available,,regular,,2014-09-01 15:04:00,Y,N,langshalte,0,0,23,0,"0,18","1,80","1,80",21,"1,80",N,0,"1,20",0,Y,N,N,N,N,N,Y,0,N,N,Y,N,N,N,N,N,0,N,N,Y,N,N,N,,852BF0D1-36E2-4FDA-833BE5A296718963.jpg,2014-12-05 15:30:46,,N,N
5.062188133127432,52.097165623744687,PUT,NL:Q:51112506,51112506,0,,Jan Wolkerssingel,,,Utrecht,,GM0344,Utrecht,Utrecht,,G,,,,,"10 Leidsche Rijn Ziekenhuis, 19 Terwijde via De Wetering, 30 Leidsche Rijn Ziekenhuis, 39 Utrecht CS Jaarbeurszijde, 39 Utrecht CS via Terwijde, 48 Nieuwegein via L. Rijn NS, 48 Nieuwegein via Papendorp, 10 Leidsche Rijn Ziekenhuis, 19 Terwijde via De Wetering, 30 Leidsche Rijn Ziekenhuis, 39 Utrecht CS Jaarbeurszijde, 39 Utrecht CS via Terwijde, 48 Nieuwegein via L. Rijn NS, 48 Nieuwegein via Papendorp",bus,,,,,,150,,available,,regular,,2014-09-01 15:02:00,N,N,langshalte,0,0,21,0,"0,12","1,80","1,80",0,"0,70",N,0,"4,20",0,Y,N,N,N,N,N,Y,0,N,N,Y,Y,Y,Y,Y,N,0,N,N,Y,N,N,N,,FA73691A-3037-4CFA-A7E7AE042B21E420.jpg,2014-12-05 15:30:53,,N,N
5.122775530843928,52.093182547899382,PUT,NL:Q:50000370,50000370,0,,Janskerkhof,,,Utrecht,,GM0344,Utrecht,Utrecht,,G,,Janskerkhof,,,"251 Zeist Handelsc. via Zeist-Centr., 28 De Uithof P+R via Utrecht CS, 28 Rijnsweerd via Utrecht CS, 4 Diakonessenhuis via Biltstraat, 412 Zeist via De Uithof, 441 Wijk bij Duurstede, 452 Amersfoort via Vollenhove, 477 Bilthoven via De Uithof, 5 Voordorp, 51 Drieb.-Zeist NS via Kerckebosch, 52 Amersfoort via Vollenhove, 52 Soesterberg via Vollenhove, 52 Zeist via Vollenhove, 53 Zeist via Vollenhove, 55 Maartensdijk via Tuindorp, 74 Zeist via Utrecht CS, 77 Bilthoven via Utrecht CS, 77 Sartreweg, 8 Diakonessenhuis via Utrecht CS, 450 Amerongen Dorp , 50 Amerongen Dorp , 50 Doorn Postkantoor, 50 Driebergen-Zeist Station, 50 Wageningen Busstation, 450 Amerongen Dorp , 50 Amerongen Dorp , 50 Doorn Postkantoor, 50 Driebergen-Zeist Station, 50 Wageningen Busstation, 251 Zeist Handelsc. via Zeist-Centr., 28 De Uithof P+R via Utrecht CS, 28 Rijnsweerd via Utrecht CS, 4 Diakonessenhuis via Biltstraat, 412 Zeist via De Uithof, 441 Wijk bij Duurstede, 452 Amersfoort via Vollenhove, 477 Bilthoven via De Uithof, 5 Voordorp, 51 Drieb.-Zeist NS via Kerckebosch, 52 Amersfoort via Vollenhove, 52 Soesterberg via Vollenhove, 52 Zeist via Vollenhove, 53 Zeist via Vollenhove, 55 Maartensdijk via Tuindorp, 74 Zeist via Utrecht CS, 77 Bilthoven via Utrecht CS, 77 Sartreweg, 8 Diakonessenhuis via Utrecht CS",bus,nl.bus.50000370,,,,,90,,available,,regular,,2012-08-05 10:08:00,Y,Y,langshalte,0,0,28,0,"0,18",2,2,28,1,N,0,"1,20","0,12",N,Y,N,N,N,N,Y,0,N,Y,Y,Y,Y,N,Y,N,0,N,N,Y,N,Y,Y,0,974C9A73-4954-4FF9-B654D8578F18F586.JPG,2012-08-06 10:07:17,,N,N
5.121842057303319,52.09310854642208,PUT,NL:Q:50003370,50003370,0,,Janskerkhof,,,Utrecht,,GM0344,Utrecht,Utrecht,,G,,Janskerkhof,,,"251 Utrecht CS via Zeist-Centr., 28 De Meern-Oost via Utrecht CS, 28 Vleuterweide via Centrum, 4 Utrecht CS via Biltstraat, 412 Utrecht CS Centrumzijde, 447 Houten via Lunetten, 452 Utrecht CS Centrumzijde, 474 Vianen via Galecop, 495 IJsselstein via Jutphaas, 51 Utrecht CS via Kerckebosch, 52 Utrecht CS Centrumzijde, 52 Utrecht CS via Zeist, 53 Utrecht CS Centrumzijde, 74 Nieuwegein-C via Utrecht CS, 74 Vianen via Utrecht CS, 77 Nieuwegein-C via Utrecht CS, 77 Nieuwegein-Z via Utrecht CS, 8 Lunetten via Utrecht CS, 407 Oudewater , 407 Utrecht CS , 50 Utrecht CS , 407 Oudewater , 407 Utrecht CS , 50 Utrecht CS , 251 Utrecht CS via Zeist-Centr., 28 De Meern-Oost via Utrecht CS, 28 Vleuterweide via Centrum, 4 Utrecht CS via Biltstraat, 412 Utrecht CS Centrumzijde, 447 Houten via Lunetten, 452 Utrecht CS Centrumzijde, 474 Vianen via Galecop, 495 IJsselstein via Jutphaas, 51 Utrecht CS via Kerckebosch, 52 Utrecht CS Centrumzijde, 52 Utrecht CS via Zeist, 53 Utrecht CS Centrumzijde, 74 Nieuwegein-C via Utrecht CS, 74 Vianen via Utrecht CS, 77 Nieuwegein-C via Utrecht CS, 77 Nieuwegein-Z via Utrecht CS, 8 Lunetten via Utrecht CS",bus,nl.bus.50000370,,,,,,,available,,regular,,2012-08-05 10:09:00,Y,Y,langshalte,0,0,26,0,"0,18",2,2,26,1,N,0,"1,20","0,12",N,Y,N,N,N,N,Y,0,N,Y,Y,Y,Y,N,Y,N,0,N,N,Y,N,Y,Y,0,B31C0022-6C7B-4133-9068D79FAA0037B0.JPG,2012-08-06 10:08:31,,N,N
5.122050129889515,52.092470862082791,PUT,NL:Q:50006610,50006610,0,,Janskerkhof,,,Utrecht,,GM0344,Utrecht,Utrecht,,G,,Jansdam,,,"2 Museumkwartier, 2 Museumkwartier",bus,nl.bus.50000370,,,,,161,,available,,regular,,2012-08-05 09:51:00,Y,Y,langshalte,0,0,12,0,"0,18","1,80","1,80",12,1,N,0,"1,80","0,09",Y,Y,N,N,N,N,Y,0,N,Y,Y,N,N,N,N,N,0,N,N,N,N,N,N,,15631624-6AB9-4403-A6113108BD0F580F.JPG,2012-08-06 09:50:33,,N,N
5.058447578029102,52.10175714805851,PUT,NL:Q:51115111,51115111,0,,JazzsingelAntonius Zkh,,,Utrecht,,GM0344,Utrecht,Utrecht,,G,,Jazzsingel,,,"19 De Wetering via Terwijde, 39 Maarssen NS via Terwijde, 19 De Wetering via Terwijde, 39 Maarssen NS via Terwijde",bus,nl.bus.51115111,,,,,273,,available,,regular,,2012-08-08 13:09:00,Y,Y,langshalte,0,0,22,0,"0,18",2,2,18,1,N,0,2,"0,09",Y,Y,N,N,N,N,Y,0,N,Y,Y,N,N,N,N,N,0,N,N,N,N,N,N,,,,,N,N
5.060010023709365,52.10165363690929,PUT,NL:Q:51115112,51115112,0,,JazzsingelAntonius Zkh,,,Utrecht,,GM0344,Utrecht,Utrecht,,G,,Jazzsingel,,,"19 Terwijde via De Wetering, 39 Utrecht CS Jaarbeurszijde, 39 Utrecht CS via Terwijde, 19 Terwijde via De Wetering, 39 Utrecht CS Jaarbeurszijde, 39 Utrecht CS via Terwijde",bus,nl.bus.51115111,,,,,93,,available,,regular,,2012-08-08 13:08:00,Y,Y,langshalte,0,0,22,0,"0,18",2,2,18,1,N,0,2,"0,09",Y,Y,N,N,N,N,Y,0,N,Y,Y,Y,Y,N,Y,N,0,N,N,Y,N,N,N,,,,,N,N
5.085955928518919,52.117460848547729,PUT,NL:Q:59151200,59151200,0,,JM de Muinck Keizerlaan,,,Utrecht,,GM0344,Utrecht,Utrecht,,G,,Prinses Irenelaan,,,"16 Utrecht CS Centrumzijde, 34 Utrecht CS via Maarssen-D, 16 Utrecht CS Centrumzijde, 34 Utrecht CS via Maarssen-D",bus,nl.bus.59151200,,,,,95,,available,,regular,,2013-05-20 00:00:00,N,N,langshalte,0,0,0,0,0,0,0,0,0,N,0,0,0,N,N,N,N,N,N,N,0,N,N,N,N,N,N,N,N,0,N,N,N,N,N,N,,,,,N,N
5.085253971157562,52.117629826426295,PUT,NL:Q:59151750,59151750,0,,JM de Muinck Keizerlaan,,,Utrecht,,GM0344,Utrecht,Utrecht,,G,,J M de Muinck Keizerbrug,,,"16 Vechtsebanen via Zuilen, 16 Vechtsebanen via Zuilen",bus,nl.bus.59151200,,,,,18,,available,,regular,,2013-05-20 00:00:00,N,N,langshalte,0,0,0,0,0,0,0,0,0,N,0,0,0,N,N,N,N,N,N,N,0,N,N,N,N,N,N,N,N,0,N,N,N,N,N,N,,,,,N,N
5.083873789327358,52.116619624830832,PUT,NL:Q:59151760,59151760,0,,JM de Muinck Keizerlaan,,,Utrecht,,GM0344,Utrecht,Utrecht,,G,,J M de Muinck Keizerlaan,,,"34 Maarssen via Zuilen, 34 Maarssen via Zuilen",bus,nl.bus.59151200,,,,,237,,available,,regular,,2013-05-20 00:00:00,N,N,langshalte,0,0,0,0,0,0,0,0,0,N,0,0,0,N,N,N,N,N,N,N,0,N,N,N,N,N,N,N,N,0,N,N,N,N,N,N,,,,,N,N
5.004206321698375,52.117718063548232,PUT,NL:Q:59230020,59230020,0,,Joostenlaan,,,Haarzuilens,,GM0344,Utrecht,Utrecht,,G,,Thematerweg,,,"127 Vleuten NS, 127 Vleuten NS via Haarzuilens, 127 Vleuten NS, 127 Vleuten NS via Haarzuilens",bus,,,,,,97,,available,,regular,,2013-05-20 00:00:00,N,N,langshalte,0,0,0,0,0,0,0,0,0,N,0,0,0,N,N,N,N,N,N,N,0,N,N,N,N,N,N,N,N,0,N,N,N,N,N,N,,,,,N,N
5.004147921444443,52.117717873885709,PUT,NL:Q:59230030,59230030,0,,Joostenlaan,,,Haarzuilens,,GM0344,Utrecht,Utrecht,,G,,Thematerweg,,,"127 Kockengen via Haarzuilens, 127 Kockengen via Haarzuilens",bus,,,,,,277,,available,,regular,,2013-05-20 00:00:00,N,N,langshalte,0,0,0,0,0,0,0,0,0,N,0,0,0,N,N,N,N,N,N,N,0,N,N,N,N,N,N,N,N,0,N,N,N,N,N,N,,,,,N,N
5.127001437517495,52.104229276285409,PUT,NL:Q:50003310,50003310,0,,Juliusstraat,,,Utrecht,,GM0344,Utrecht,Utrecht,,G,,Kardinaal de Jongweg,,,"30 De Uithof WKZ via Rijnsweerd, 30 Leidsche Rijn Ziekenhuis, 32 De Uithof WKZ via Rijnsweerd, 30 De Uithof WKZ via Rijnsweerd, 30 Leidsche Rijn Ziekenhuis, 32 De Uithof WKZ via Rijnsweerd",bus,,,,,,103,,available,,regular,,2013-05-20 00:00:00,N,N,langshalte,0,0,0,0,0,0,0,0,0,N,0,0,0,N,N,N,N,N,N,N,0,N,N,N,N,N,N,N,N,0,N,N,N,N,N,N,,,,,N,N
5.125860444126753,52.104658179577577,PUT,NL:Q:50003320,50003320,0,,Juliusstraat,,,Utrecht,,GM0344,Utrecht,Utrecht,,G,,Kardinaal de Jongweg,,,"30 Leidsche Rijn via Overv. NS, 30 Overvecht-Zuid via Overv. NS, 32 Maarssen via Zuilen, 30 Leidsche Rijn via Overv. NS, 30 Overvecht-Zuid via Overv. NS, 32 Maarssen via Zuilen",bus,,,,,,283,,available,,regular,,2013-05-20 00:00:00,N,N,langshalte,0,0,0,0,0,0,0,0,0,N,0,0,0,N,N,N,N,N,N,N,0,N,N,N,N,N,N,N,N,0,N,N,N,N,N,N,,,,,N,N
5.106545116422776,52.117026280450247,PUT,NL:Q:59150990,59150990,0,,Kaap Hoorndreef,,,Utrecht,,GM0344,Utrecht,Utrecht,,G,,Falklanddreef,,,"6 Utrecht CS Centrumzijde, 6 Utrecht CS Centrumzijde",bus,,,,,,58,,available,,regular,,2013-05-20 00:00:00,N,N,langshalte,0,0,0,0,0,0,0,0,0,N,0,0,0,N,N,N,N,N,N,N,0,N,N,N,N,N,N,N,N,0,N,N,N,N,N,N,,,,,N,N
5.105876063604781,52.116620225224068,PUT,NL:Q:59151240,59151240,0,,Kaap Hoorndreef,,,Utrecht,,GM0344,Utrecht,Utrecht,,G,,Paranadreef,,,"6 Overvecht-Noord via Nijenoord, 6 Overvecht-Noord via Nijenoord",bus,,,,,,236,,available,,regular,,2013-05-20 00:00:00,N,N,langshalte,0,0,0,0,0,0,0,0,0,N,0,0,0,N,N,N,N,N,N,N,0,N,N,N,N,N,N,N,N,0,N,N,N,N,N,N,,,,,N,N
5.094451147084699,52.073198030995002,PUT,NL:Q:50003790,50003790,0,,Kanaleneiland,,,Utrecht,,GM0344,Utrecht,Utrecht,,G,,Churchilllaan,,,"24 De Meern-Oost via Papendorp, 29 Papendorp Zuid, 102 Woerden Station, 103 Woerden Station (Zuid), 107 Gouda Station, 107 Montfoort , 107 Montfoort Kasteelplein, 107 Oudewater , 195 Rotterdam Capelsebrug, 195 Schoonhoven , 207 Oudewater , 295 Rotterdam Capelsebrug, 295 Schoonhoven Henri Dunantpl., 24 De Meern-Oost via Papendorp, 29 Papendorp Zuid, 195 Rotterdam CB via Benschop, 195 Schoonhoven via Benschop, 295 Rotterdam Capelsebrug, 295 Schoonhoven, 195 Rotterdam CB via Benschop, 195 Schoonhoven via Benschop, 295 Rotterdam Capelsebrug, 295 Schoonhoven, 102 Woerden Station, 103 Woerden Station (Zuid), 107 Gouda Station, 107 Montfoort , 107 Montfoort Kasteelplein, 107 Oudewater , 195 Rotterdam Capelsebrug, 195 Schoonhoven , 207 Oudewater , 295 Rotterdam Capelsebrug, 295 Schoonhoven Henri Dunantpl.",bus,nl.bus.50003790,,,,,250,,available,,regular,,2013-05-20 00:00:00,N,N,langshalte,0,0,0,0,0,0,0,0,0,N,0,0,0,N,N,N,N,N,N,N,0,N,N,N,N,N,N,N,N,0,N,N,N,N,N,N,,,,,N,N
5.094611236618658,52.073252357080442,PUT,NL:Q:50003800,50003800,0,,Kanaleneiland,,,Utrecht,,GM0344,Utrecht,Utrecht,,G,,Churchilllaan,,,"24 Utrecht CS via Papendorp, 29 Utrecht CS Jaarbeurszijde, 24 Utrecht CS via Papendorp, 29 Utrecht CS Jaarbeurszijde, 102 Utrecht CS/Jaarbeurs, 103 Utrecht CS/Jaarbeurs, 107 Utrecht CS/Jaarbeurs, 195 Utrecht CS/Jaarbeurs, 207 Utrecht CS/Jaarbeurs, 295 Utrecht CS/Jaarbeurs, 102 Utrecht CS/Jaarbeurs, 103 Utrecht CS/Jaarbeurs, 107 Utrecht CS/Jaarbeurs, 195 Utrecht CS/Jaarbeurs, 207 Utrecht CS/Jaarbeurs, 295 Utrecht CS/Jaarbeurs",bus,nl.bus.50003790,,,,,70,,available,,regular,,2013-05-20 00:00:00,N,N,langshalte,0,0,0,0,0,0,0,0,0,N,0,0,0,N,N,N,N,N,N,N,0,N,N,N,N,N,N,N,N,0,N,N,N,N,N,N,,,,,N,N
5.094684164915234,52.07325253808397,PUT,NL:Q:51113800,51113800,0,,Kanaleneiland,,,Utrecht,,GM0344,Utrecht,Utrecht,,G,,Churchilllaan,,,"195 Utrecht CS/West, 195 Utrecht CS/West via Benschop, 295 Utrecht CS/West, 195 Utrecht CS/West, 195 Utrecht CS/West via Benschop, 295 Utrecht CS/West",bus,nl.bus.50003790,,,,,60,,available,,regular,,2012-03-15 00:00:00,N,Y,langshalte,0,0,40,0,"0,16","2,80","2,80",32,"1,50",N,0,"1,50",0,Y,Y,N,Y,Y,Y,Y,0,N,Y,Y,Y,Y,Y,Y,N,0,N,N,Y,Y,Y,Y,6,2C560223-1385-4BDA-A8D2805CFDED759F.jpg,2014-12-05 15:31:23,,N,N
5.10678254597149,52.062873718165996,PUT,NL:Q:50001210,50001210,0,,Kanaleneiland Zuid,,,Utrecht,,GM0344,Utrecht,Utrecht,,G,,Europalaan,,,"247 Houten NS, 265 Nieuwegein-Z via Plettenburg, 474 Vianen via Galecop, 495 IJsselstein via Jutphaas, 63 Vianen, 65 Nieuwegein Het Klooster, 65 Vianen via Plettenburg, 66 Nieuwegein-C via De Liesbosch, 71 Nieuwegein-C via De Uithof, 72 Nieuwegein-C via De Uithof, 72 Nieuwegein-Z via De Uithof, 74 Nieuwegein-C via Utrecht CS, 74 Vianen via Utrecht CS, 77 Nieuwegein-C via Utrecht CS, 77 Nieuwegein-Z via Utrecht CS, 81 Gorinchem Station, 247 Houten NS, 265 Nieuwegein-Z via Plettenburg, 474 Vianen via Galecop, 495 IJsselstein via Jutphaas, 63 Vianen, 65 Nieuwegein Het Klooster, 65 Vianen via Plettenburg, 66 Nieuwegein-C via De Liesbosch, 71 Nieuwegein-C via De Uithof, 72 Nieuwegein-C via De Uithof, 72 Nieuwegein-Z via De Uithof, 74 Nieuwegein-C via Utrecht CS, 74 Vianen via Utrecht CS, 77 Nieuwegein-C via Utrecht CS, 77 Nieuwegein-Z via Utrecht CS, 81 Gorinchem Station",bus,nl.bus.50001210,,,,,197,,available,,regular,,2013-05-20 00:00:00,N,N,langshalte,0,0,0,0,0,0,0,0,0,N,0,0,0,N,N,N,N,N,N,N,0,N,N,N,N,N,N,N,N,0,N,N,N,N,N,N,,,,,N,N
5.107415256995322,52.061967422781116,PUT,NL:Q:50001220,50001220,0,,Kanaleneiland Zuid,,,Utrecht,,GM0344,Utrecht,Utrecht,,G,,Europalaan,,,"247 Kanaleneiland-Zuid, 265 De Uithof WKZ via Rijnsweerd, 474 Utrecht CS Centrumzijde, 495 Utrecht CS Centrumzijde, 63 Utrecht CS Jaarbeurszijde, 65 Utrecht CS Jaarbeurszijde, 65 Utrecht CS via Plettenburg, 66 Utrecht CS via De Liesbosch, 71 Doorn via De Uithof, 71 Drieb.-Zeist NS via De Uithof, 72 Bilthoven via De Uithof, 74 Zeist via Utrecht CS, 77 Bilthoven via Utrecht CS, 247 Kanaleneiland-Zuid, 265 De Uithof WKZ via Rijnsweerd, 474 Utrecht CS Centrumzijde, 495 Utrecht CS Centrumzijde, 63 Utrecht CS Jaarbeurszijde, 65 Utrecht CS Jaarbeurszijde, 65 Utrecht CS via Plettenburg, 66 Utrecht CS via De Liesbosch, 71 Doorn via De Uithof, 71 Drieb.-Zeist NS via De Uithof, 72 Bilthoven via De Uithof, 74 Zeist via Utrecht CS, 77 Bilthoven via Utrecht CS, 81 Utrecht Busstation West, 81 Utrecht Busstation West",bus,nl.bus.50001210,,,,,356,,available,,regular,,2013-05-20 00:00:00,N,N,langshalte,0,0,0,0,0,0,0,0,0,N,0,0,0,N,N,N,N,N,N,N,0,N,N,N,N,N,N,N,N,0,N,N,N,N,N,N,,,,,N,N
5.106886929079702,52.062505453979917,PUT,NL:Q:50002150,50002150,0,,Kanaleneiland Zuid,,,Utrecht,,GM0344,Utrecht,Utrecht,,G,,Decimalaan,,,"260 Spitstram Nieuwegein Zuid, 60 Nieuwegein Zuid, 61 IJsselstein Zuid, 61 Utrecht P+R Westraven, 260 Spitstram Nieuwegein Zuid, 60 Nieuwegein Zuid, 61 IJsselstein Zuid, 61 Utrecht P+R Westraven",tram,nl.tram.50002150,,,,,195,,available,,regular,,2014-09-24 18:11:00,Y,Y,langshalte,0,0,0,0,"0,80","1,85","1,75","64,60","1,46",Y,"12,10","1,40","0,80",N,Y,Y,Y,Y,Y,N,0,N,Y,Y,Y,Y,N,Y,Y,30,Y,Y,Y,Y,Y,Y,3,C6960BAF-EFB4-4712-8F5413225BC01C02.jpg,2014-12-05 15:31:29,,N,N
5.107240104473729,52.061993971173983,PUT,NL:Q:50002160,50002160,0,,Kanaleneiland Zuid,,,Utrecht,,GM0344,Utrecht,Utrecht,,G,,Europalaan,,,"260 Spitstram Utrecht CS Jaarbeursplein, 60 Utrecht CS Jaarbeursplein, 61 Utrecht CS Jaarbeursplein, 260 Spitstram Utrecht CS Jaarbeursplein, 60 Utrecht CS Jaarbeursplein, 61 Utrecht CS Jaarbeursplein",tram,nl.tram.50002150,,,,,5,,available,,regular,,2014-09-24 18:19:00,Y,Y,langshalte,0,0,0,0,"0,84","2,50","2,10","64,80","1,76",Y,12,"2,50","0,84",N,Y,Y,Y,Y,Y,N,0,N,Y,Y,Y,Y,N,Y,Y,30,Y,Y,Y,Y,Y,Y,3,9290FCB1-2EDB-4B7D-8EED8E2000DF4598.jpg,2014-12-05 15:31:36,,N,N
5.103938743122891,52.092869159404522,PUT,NL:Q:50000771,50000771,0,,Kanonstraat,,,utrecht,,GM0344,Utrecht,Utrecht,,G,,Daalsetunnel,,,"420 Loenen ad Vecht Kerklaan, 420 Loenen ad Vecht Kerklaan",bus,,,,,,,,available,,regular,,2013-05-20 00:00:00,N,N,langshalte,0,0,0,0,0,0,0,0,0,N,0,0,0,N,N,N,N,N,N,N,0,N,N,N,N,N,N,N,N,0,N,N,N,N,N,N,,,,,N,N
5.104644442066124,52.092034962276294,PUT,NL:Q:50000781,50000781,0,,Kanonstraat,,,Utrecht,,GM0344,Utrecht,Utrecht,,G,,Kanonstraat,,,"28 De Uithof P+R via Utrecht CS, 28 Rijnsweerd via Utrecht CS, 407 Utrecht CS , 407 Utrecht CS , 28 De Uithof P+R via Utrecht CS, 28 Rijnsweerd via Utrecht CS",bus,,,,,,,,available,,regular,,2013-05-20 00:00:00,N,N,langshalte,0,0,0,0,0,0,0,0,0,N,0,0,0,N,N,N,N,N,N,N,0,N,N,N,N,N,N,N,N,0,N,N,N,N,N,N,,,,,N,N
5.119152399024965,52.106063235432224,PUT,NL:Q:50006150,50006150,0,,Kardinaal de Jongweg,,,Utrecht,,GM0344,Utrecht,Utrecht,,G,,Kardinaal de Jongweg,,,"32 Maarssen via Zuilen, 32 Maarssen via Zuilen",bus,nl.bus.50006150,,,,,279,,available,,regular,,2011-04-26 11:49:00,Y,Y,haltehaven,"3,5",10,22,6,"0,19","1,50","1,50",22,1,N,0,"1,50","0,09",Y,Y,N,N,N,N,Y,0,N,Y,Y,Y,Y,N,Y,N,0,N,N,Y,N,Y,Y,0,378C2158-76FC-4416-A036D3DA720B2BD5.JPG,2011-04-22 10:35:00,,N,N
5.11856897533931,52.105990003657922,PUT,NL:Q:50006160,50006160,0,,Kardinaal de Jongweg,,,Utrecht,,GM0344,Utrecht,Utrecht,,G,,Aalbersestraat,,,"32 De Uithof WKZ via Rijnsweerd, 32 De Uithof WKZ via Rijnsweerd",bus,nl.bus.50006150,,,,,98,,available,,regular,,2011-04-26 11:50:00,Y,Y,haltehaven,3,10,18,10,"0,19",2,2,18,1,N,0,1,"0,09",Y,Y,N,N,N,N,Y,0,N,Y,Y,Y,Y,N,Y,N,0,N,N,Y,N,Y,Y,0,038E4E37-B874-4F93-99050A227FEDF38D.JPG,2011-04-22 10:30:36,,N,N
5.118402048335955,52.063332220604494,PUT,NL:Q:50002370,50002370,0,,Karperstraat,,,Utrecht,,GM0344,Utrecht,Utrecht,,G,,Hooft Graaflandstraat,,,"1 Hoograven via Utrecht CS, 15 Hoograven, 1 Hoograven via Utrecht CS, 15 Hoograven",bus,nl.bus.50002370,,,,,205,,available,,regular,,2011-09-22 14:47:00,Y,Y,langshalte,0,0,14,0,"0,18","2,40","2,40",14,1,N,0,"2,40","0,09",Y,Y,N,N,N,N,Y,0,N,Y,Y,N,N,N,N,N,0,N,N,Y,N,N,N,,192535BF-A33A-43F8-83163AC1BB3F06F8.JPG,2011-09-23 14:47:35,,N,N
5.11853156454953,52.063620135270931,PUT,NL:Q:50002380,50002380,0,,Karperstraat,,,Utrecht,,GM0344,Utrecht,Utrecht,,G,,Hooft Graaflandstraat,,,"1 Overvecht via Utrecht CS, 15 Lunetten NS, 15 Smaragdplein, 1 Overvecht via Utrecht CS, 15 Lunetten NS, 15 Smaragdplein",bus,nl.bus.50002370,,,,,25,,available,,regular,,2011-09-22 14:51:00,Y,Y,langshalte,0,0,12,0,"0,18","2,40","2,40",12,1,N,0,"2,40","0,09",Y,Y,N,N,N,N,Y,0,N,Y,Y,Y,Y,N,Y,N,0,N,N,Y,N,N,N,,838E95E1-8E53-45EF-968B966AAE3DACB9.JPG,2011-09-23 14:50:21,,N,N
4.998180928685209,52.118866792271263,PUT,NL:Q:59230040,59230040,0,,Kasteel,,,Haarzuilens,,GM0344,Utrecht,Utrecht,,G,,Thematerweg,,,"127 Kockengen via Haarzuilens, 127 Vleuten NS, 127 Vleuten NS via Haarzuilens, 127 Vleuten NS, 127 Vleuten NS via Haarzuilens, 127 Kockengen via Haarzuilens",bus,,,,,,102,,available,,regular,,2013-05-20 00:00:00,N,N,langshalte,0,0,0,0,0,0,0,0,0,N,0,0,0,N,N,N,N,N,N,N,0,N,N,N,N,N,N,N,N,0,N,N,N,N,N,N,,,,,N,N
5.117890973718534,52.061021110437096,PUT,NL:Q:50002390,50002390,0,,Kastelenplantsoen,,,Utrecht,,GM0344,Utrecht,Utrecht,,G,,Kastelenplantsoen,,,"1 Hoograven via Utrecht CS, 15 Hoograven, 1 Hoograven via Utrecht CS, 15 Hoograven",bus,,,,,,100,,available,,regular,,2012-08-01 09:17:00,Y,Y,langshalte,"0,1",0,"18,5",0,"0,18","2,40","2,40",18,1,N,0,"2,40","0,09",Y,Y,N,N,N,N,Y,0,N,Y,Y,N,N,N,Y,N,0,N,N,Y,N,N,N,,1D42CEFC-D02E-4ECE-9A8D1075D91E431A.JPG,2012-08-02 09:16:51,,N,N
5.116976611937737,52.060308956865427,PUT,NL:Q:50002400,50002400,0,,Kastelenplantsoen,,,Utrecht,,GM0344,Utrecht,Utrecht,,G,,Hooft Graaflandstraat,,,"1 Overvecht via Utrecht CS, 15 Lunetten NS, 15 Smaragdplein, 1 Overvecht via Utrecht CS, 15 Lunetten NS, 15 Smaragdplein",bus,,,,,,25,,available,,regular,,2011-09-22 14:57:00,Y,Y,langshalte,0,0,18,0,"0,18","2,40","2,40",0,1,N,0,"2,40","0,09",Y,Y,N,N,N,N,Y,0,N,Y,Y,Y,Y,N,Y,N,0,N,N,Y,N,N,N,,7D508851-B125-4FB7-8793DB2956EEBA4D.JPG,2011-09-23 14:56:55,,N,N
5.142547888157299,52.106581463635379,PUT,NL:Q:50001690,50001690,0,,Kemal Ataturkstraat,,,Utrecht,,GM0344,Utrecht,Utrecht,,G,,Tomas Masarykstraat,,,"5 Kanaleneiland via Utrecht CS, 5 Kanaleneiland via Utrecht CS",bus,,,,,,250,,available,,regular,,2012-08-09 10:34:00,Y,Y,langshalte,0,0,16,0,"0,18","1,50","1,50",16,1,N,0,"1,50","0,09",Y,Y,N,N,N,N,Y,0,N,Y,Y,Y,Y,N,Y,N,0,N,N,Y,N,N,N,,5DEEEDFC-507C-48F4-97ACF9E70201CA6D.JPG,2011-03-22 11:34:48,,N,N
5.143159963672946,52.106762492351422,PUT,NL:Q:50001700,50001700,0,,Kemal Ataturkstraat,,,Utrecht,,GM0344,Utrecht,Utrecht,,G,,Kemal Ataturkstraat,,,"5 Voordorp, 5 Voordorp",bus,,,,,,56,,available,,regular,,2011-03-28 14:29:00,Y,Y,langshalte,0,0,16,0,"0,18","1,50","1,50",16,1,N,0,"1,50","0,09",Y,Y,N,N,N,N,Y,0,N,Y,Y,N,N,N,N,N,0,N,N,Y,N,N,N,,AC3F13EC-5C1F-48CC-9B553D1A17A6637A.JPG,2011-03-22 11:38:30,,N,N
5.066851382426917,52.106256334338042,PUT,NL:Q:59140051,59140051,0,,Kernweg,,,Utrecht,,GM0344,Utrecht,Utrecht,,G,,Atoomweg,,,"37 Maarssenbroek via Lage Weide, 38 Maarssen NS via Lage Weide, 37 Maarssenbroek via Lage Weide, 38 Maarssen NS via Lage Weide",bus,,,,,,318,,available,,regular,,2013-05-20 00:00:00,N,N,langshalte,0,0,0,0,0,0,0,0,0,N,0,0,0,N,N,N,N,N,N,N,0,N,N,N,N,N,N,N,N,0,N,N,N,N,N,N,,,,,N,N
5.066985968316393,52.105807296766493,PUT,NL:Q:59140060,59140060,0,,Kernweg,,,Utrecht,,GM0344,Utrecht,Utrecht,,G,,Atoomweg,,,"37 Utrecht CS via Maarssenbr, 38 Utrecht CS via Lage Weide, 37 Utrecht CS via Maarssenbr, 38 Utrecht CS via Lage Weide",bus,,,,,,135,,available,,regular,,2013-05-20 00:00:00,N,N,langshalte,0,0,0,0,0,0,0,0,0,N,0,0,0,N,N,N,N,N,N,N,0,N,N,N,N,N,N,N,N,0,N,N,N,N,N,N,,,,,N,N
5.128496579847615,52.098084740701765,PUT,NL:Q:50000310,50000310,0,,Kleine Singel,,,Utrecht,,GM0344,Utrecht,Utrecht,,G,,Kleine Singel,,,"5 Voordorp, 55 Maartensdijk via Tuindorp, 5 Voordorp, 55 Maartensdijk via Tuindorp",bus,,,,,,85,,available,,regular,,2012-08-09 10:48:00,N,Y,langshalte,0,0,16,0,"0,18","1,20","1,20",16,1,N,0,"1,20","0,09",Y,Y,N,N,N,N,Y,0,N,Y,Y,Y,Y,N,Y,N,0,N,N,Y,N,Y,Y,0,BD2357B2-FA62-428D-B07F5D0DC1EEF4CD.JPG,2011-03-22 13:41:27,,N,N
5.128336100123326,52.098075400487055,PUT,NL:Q:50000320,50000320,0,,Kleine Singel,,,Utrecht,,GM0344,Utrecht,Utrecht,,G,,Kleine Singel,,,"5 Kanaleneiland via Utrecht CS, 55 Utrecht CS Centrumzijde, 5 Kanaleneiland via Utrecht CS, 55 Utrecht CS Centrumzijde",bus,,,,,,265,,available,,regular,,2012-08-09 10:35:00,N,Y,langshalte,0,0,16,0,"0,18","1,20","1,20",16,1,N,0,"1,20","0,09",Y,Y,N,N,N,N,Y,0,N,Y,Y,Y,Y,N,Y,N,0,N,N,Y,N,Y,Y,0,99CFC50C-0080-45E3-AB245B371A525D4F.JPG,2011-03-22 13:39:10,,N,N
5.056974202070879,52.085844123279905,PUT,NL:Q:51111150,51111150,0,,Klifrakplantsoen,,,Utrecht,,GM0344,Utrecht,Utrecht,,G,,Zuid-oostraklaan,,,"26 Vleuterweide via Langerak, 26 Vleuterweide via Langerak",bus,,,,,,270,,available,,regular,,2013-05-20 00:00:00,N,N,langshalte,0,0,0,0,0,0,0,0,0,N,0,0,0,N,N,N,N,N,N,N,0,N,N,N,N,N,N,N,N,0,N,N,N,N,N,N,,,,,N,N
5.059892476212513,52.08580732127372,PUT,NL:Q:51111160,51111160,0,,Klifrakplantsoen,,,Utrecht,,GM0344,Utrecht,Utrecht,,G,,Langerakbaan,,,"26 Utrecht CS via Terwijde NS, 26 Utrecht CS via Terwijde NS",bus,,,,,,91,,available,,regular,,2013-05-20 00:00:00,N,N,langshalte,0,0,0,0,0,0,0,0,0,N,0,0,0,N,N,N,N,N,N,N,0,N,N,N,N,N,N,N,N,0,N,N,N,N,N,N,,,,,N,N
5.094761598684085,52.123900462388036,PUT,NL:Q:59150250,59150250,0,,Klopvaart,,,Utrecht,,GM0344,Utrecht,Utrecht,,G,,Rio Brancodreef,,,"122 Nieuw-Loosdrecht via Westbroek, 122 Westbroek, 35 Maarssen-Dorp via Maarsseveen, 6 Overvecht-Noord via Nijenoord, 122 Nieuw-Loosdrecht via Westbroek, 122 Westbroek, 35 Maarssen-Dorp via Maarsseveen, 6 Overvecht-Noord via Nijenoord",bus,nl.bus.59150250,,,,,287,,available,,regular,,2011-01-03 15:39:00,Y,Y,langshalte,0,18,0,0,"0,18",2,2,18,1,N,0,2,"0,09",Y,Y,N,N,N,N,Y,0,N,Y,Y,Y,Y,N,Y,N,0,N,N,Y,N,Y,Y,0,177AF7F8-1ECB-4FA6-9443ABA0B699E3AF.JPG,2011-01-04 15:32:53,,N,N
5.095229867103479,52.123748825861206,PUT,NL:Q:59150260,59150260,0,,Klopvaart,,,Utrecht,,GM0344,Utrecht,Utrecht,,G,,Grenadadreef,,,"122 Utrecht Overvecht NS, 35 Overvecht NS via Maarsseveen, 6 Utrecht CS Centrumzijde, 9 Utrecht CS Centrumzijde, 122 Utrecht Overvecht NS, 35 Overvecht NS via Maarsseveen, 6 Utrecht CS Centrumzijde, 9 Utrecht CS Centrumzijde",bus,nl.bus.59150250,,,,,109,,available,,regular,,2011-01-03 15:26:00,Y,Y,langshalte,0,18,0,0,"0,18",2,2,18,1,N,0,2,"0,09",Y,Y,N,N,N,N,Y,0,N,Y,Y,Y,Y,N,Y,N,0,N,N,Y,N,N,N,,CA610BAF-4EFF-41C3-94FADDDC9326428D.JPG,2011-01-04 15:25:19,,N,N
5.094907032820363,52.123990703081759,PUT,NL:Q:59150481,59150481,0,,Klopvaart,,,Utrecht,,GM0344,Utrecht,Utrecht,,G,,Rio Brancodreef,,,"9 Overvecht-Noord via Talmalaan, 9 Utrecht CS Centrumzijde, 9 Overvecht-Noord via Talmalaan, 9 Utrecht CS Centrumzijde",bus,nl.bus.59150250,,,,,231,,available,,regular,,2011-01-03 15:43:00,Y,Y,langshalte,0,18,0,0,"0,18",2,2,18,1,N,0,2,"0,09",Y,Y,N,N,N,N,Y,0,N,Y,Y,N,N,N,N,N,0,N,N,N,N,N,N,,5CCE9E7B-48EC-4A7F-BA168CF3BCACC699.JPG,2011-01-04 15:42:12,,N,N
5.099937014549838,52.075224861479178,PUT,NL:Q:50001550,50001550,0,,Koningin Wilhelminalaan,,,Utrecht,,GM0344,Utrecht,Utrecht,,G,,Koningin Wilhelminalaan,,,"24 De Meern-Oost via Papendorp, 29 Papendorp Zuid, 195 Rotterdam CB via Benschop, 195 Schoonhoven via Benschop, 295 Rotterdam Capelsebrug, 295 Schoonhoven, 24 De Meern-Oost via Papendorp, 29 Papendorp Zuid, 102 Woerden Station, 103 Woerden Station (Zuid), 107 Gouda Station, 107 Montfoort , 107 Montfoort Kasteelplein, 107 Oudewater , 195 Rotterdam Capelsebrug, 195 Schoonhoven , 295 Rotterdam Capelsebrug, 295 Schoonhoven Henri Dunantpl., 102 Woerden Station, 103 Woerden Station (Zuid), 107 Gouda Station, 107 Montfoort , 107 Montfoort Kasteelplein, 107 Oudewater , 195 Rotterdam Capelsebrug, 195 Schoonhoven , 295 Rotterdam Capelsebrug, 295 Schoonhoven Henri Dunantpl., 195 Rotterdam CB via Benschop, 195 Schoonhoven via Benschop, 295 Rotterdam Capelsebrug, 295 Schoonhoven",bus,nl.bus.50001550,,,,,252,,available,,regular,,2011-04-26 11:49:00,Y,Y,semi-haltehaven,"3,5",0,22,0,"0,18","1,50","1,50",22,1,N,0,"1,50","0,09",Y,Y,N,N,N,N,Y,0,N,Y,Y,Y,Y,N,Y,N,0,N,N,Y,N,N,N,,31A5043A-0E42-41A4-ABDD4B1B969BFA05.JPG,2011-03-30 15:42:55,,N,N
5.101189714069415,52.075497550416316,PUT,NL:Q:50001560,50001560,0,,Koningin Wilhelminalaan,,,Utrecht,,GM0344,Utrecht,Utrecht,,G,,Koningin Wilhelminalaan,,,"24 Utrecht CS via Papendorp, 29 Utrecht CS Jaarbeurszijde, 102 Utrecht CS/Jaarbeurs, 103 Utrecht CS/Jaarbeurs, 107 Utrecht CS/Jaarbeurs, 195 Utrecht CS/Jaarbeurs, 295 Utrecht CS/Jaarbeurs, 195 Utrecht CS/West, 195 Utrecht CS/West via Benschop, 295 Utrecht CS/West, 24 Utrecht CS via Papendorp, 29 Utrecht CS Jaarbeurszijde, 195 Utrecht CS/West, 195 Utrecht CS/West via Benschop, 295 Utrecht CS/West, 102 Utrecht CS/Jaarbeurs, 103 Utrecht CS/Jaarbeurs, 107 Utrecht CS/Jaarbeurs, 195 Utrecht CS/Jaarbeurs, 295 Utrecht CS/Jaarbeurs",bus,nl.bus.50001550,,,,,70,,available,,regular,,2011-04-04 09:52:00,Y,Y,semi-haltehaven,3,8,18,0,"0,18","2,10","2,10",18,1,N,0,"2,10","0,09",Y,Y,N,N,N,N,Y,0,N,Y,Y,Y,Y,N,Y,N,0,N,N,Y,N,Y,Y,0,95FEACBA-5D1A-4121-9A69D443FB9837B6.JPG,2011-03-30 15:40:05,,N,N
5.117520971450654,52.115182374312823,PUT,NL:Q:59152130,59152130,0,,Korfoedreef,,,Utrecht,,GM0344,Utrecht,Utrecht,,G,,Moezeldreef,,,"30 De Uithof WKZ via Rijnsweerd, 30 Leidsche Rijn Ziekenhuis, 30 De Uithof WKZ via Rijnsweerd, 30 Leidsche Rijn Ziekenhuis",bus,nl.bus.59152130,,,,,121,,available,,regular,,2013-05-20 00:00:00,N,N,langshalte,0,0,0,0,0,0,0,0,0,N,0,0,0,N,N,N,N,N,N,N,0,N,N,N,N,N,N,N,N,0,N,N,N,N,N,N,,,,,N,N
5.117622733456891,52.11525451116939,PUT,NL:Q:59152140,59152140,0,,Korfoedreef,,,Utrecht,,GM0344,Utrecht,Utrecht,,G,,Moezeldreef,,,"30 Leidsche Rijn via Overv. NS, 30 Leidsche Rijn via Zuilen NS, 30 Overvecht-Zuid via Overv. NS, 30 Leidsche Rijn via Overv. NS, 30 Leidsche Rijn via Zuilen NS, 30 Overvecht-Zuid via Overv. NS",bus,nl.bus.59152130,,,,,302,,available,,regular,,2013-05-20 00:00:00,N,N,langshalte,0,0,0,0,0,0,0,0,0,N,0,0,0,N,N,N,N,N,N,N,0,N,N,N,N,N,N,N,N,0,N,N,N,N,N,N,,,,,N,N
5.061746052552671,52.091735603584816,PUT,NL:Q:51111310,51111310,0,,Korianderstraat,,,Utrecht,,GM0344,Utrecht,Utrecht,,G,,Busbaan Parkwijk,,,"28 De Meern-Oost via Utrecht CS, 28 Vleuterweide via Centrum, 28 Vleuterweide via Parkwijk, 28 De Meern-Oost via Utrecht CS, 28 Vleuterweide via Centrum, 28 Vleuterweide via Parkwijk, 402 Utrecht CS , 402 Woerden Station, 407 Oudewater , 407 Utrecht CS , 420 Loenen ad Vecht Kerklaan, 402 Utrecht CS , 402 Woerden Station, 407 Oudewater , 407 Utrecht CS , 420 Loenen ad Vecht Kerklaan",bus,nl.bus.51111310,,,,,253,,available,,regular,,2013-03-27 12:24:00,Y,Y,langshalte,0,0,60,0,"0,18","2,40","2,40",60,1,N,0,"2,40","0,12",N,Y,N,N,N,N,Y,0,N,Y,Y,Y,Y,N,Y,N,0,N,N,Y,N,Y,Y,0,95F9BF93-EDA2-4303-904E35C5572E81EB.JPG,2012-08-02 11:14:26,,N,N
5.062270242163147,52.091889846837717,PUT,NL:Q:51111320,51111320,0,,Korianderstraat,,,Utrecht,,GM0344,Utrecht,Utrecht,,G,,Maartvlinder,,,"28 De Uithof P+R via Utrecht CS, 28 Rijnsweerd via Utrecht CS, 407 Utrecht CS , 407 Utrecht CS , 28 De Uithof P+R via Utrecht CS, 28 Rijnsweerd via Utrecht CS",bus,nl.bus.51111310,,,,,73,,available,,regular,,2013-03-27 12:24:00,Y,Y,langshalte,0,0,60,0,"0,18","2,40","2,40",60,1,N,0,"2,40","0,12",Y,Y,N,N,N,N,Y,0,N,Y,Y,Y,Y,N,Y,N,0,N,N,Y,N,Y,Y,0,3406F239-4DC3-429D-8959268B76CE1B7D.JPG,2012-08-02 11:13:20,,N,N
5.04866940729981,52.072751858871136,PUT,NL:Q:51110851,51110851,0,,KPMG,,,De Meern,,GM0344,Utrecht,Utrecht,,G,,Veldzigt,,,"24 De Meern-Oost via Papendorp, 24 De Meern-Oost via Papendorp",bus,,,,,,10,,available,,regular,,2014-09-01 12:49:00,N,N,langshalte,0,0,22,0,"0,12","1,50","1,50",0,1,N,0,"1,20","0,12",Y,N,N,N,N,N,Y,0,N,N,Y,N,N,N,N,N,0,N,N,Y,N,N,N,,FEF4E2DA-5653-495D-A7353817DF6F4AA2.jpg,2014-12-05 15:33:02,,N,N
5.049182884573968,52.072357855438113,PUT,NL:Q:51110852,51110852,0,,KPMG,,,De Meern,,GM0344,Utrecht,Utrecht,,G,,Rijnzathe,,,"24 Utrecht CS via Papendorp, 24 Utrecht CS via Papendorp",bus,,,,,,110,,available,,regular,,2014-09-01 12:54:00,N,N,semi-haltehaven,2,0,"20,8",3,"0,12","1,80","1,80",0,"0,30",N,0,"1,80",0,Y,N,N,N,N,N,Y,0,N,Y,Y,Y,Y,Y,Y,N,0,N,N,Y,Y,N,N,,6A1E6B19-DC40-4706-B1C7C5C7B2ED346A.jpg,2014-12-05 15:33:09,,N,N
5.052288076474587,52.086208403483177,PUT,NL:Q:51111170,51111170,0,,Kreekraklaan,,,Utrecht,,GM0344,Utrecht,Utrecht,,G,,Langerakbaan,,,"26 Vleuterweide via Langerak, 26 Vleuterweide via Langerak",bus,nl.bus.51111170,,,,,265,,available,,regular,,2013-05-20 00:00:00,N,N,langshalte,0,0,0,0,0,0,0,0,0,N,0,0,0,N,N,N,N,N,N,N,0,N,N,N,N,N,N,N,N,0,N,N,N,N,N,N,,,,,N,N
5.052419721290106,52.086163836921997,PUT,NL:Q:51111180,51111180,0,,Kreekraklaan,,,Utrecht,,GM0344,Utrecht,Utrecht,,G,,Langerakbaan,,,"26 Utrecht CS via Terwijde NS, 26 Utrecht CS via Terwijde NS",bus,nl.bus.51111170,,,,,87,,available,,regular,,2013-05-20 00:00:00,N,N,langshalte,0,0,0,0,0,0,0,0,0,N,0,0,0,N,N,N,N,N,N,N,0,N,N,N,N,N,N,N,N,0,N,N,N,N,N,N,,,,,N,N
5.04794798564229,52.110194169187849,PUT,NL:Q:51112543,51112543,0,,Krommewetering Zuid,,,Utrecht,,GM0344,Utrecht,Utrecht,,G,,Proostwetering,,,"19 Terwijde via De Wetering, 19 Terwijde via De Wetering",bus,,,,,,310,,available,,regular,,2014-09-01 15:46:00,Y,Y,langshalte,0,0,26,0,"0,18","2,20","2,20",22,"1,40",N,0,"1,20",0,Y,Y,Y,Y,Y,Y,Y,0,N,N,Y,N,N,N,N,N,0,N,N,Y,N,N,N,,AE8378EF-D486-47A4-9B09E2F5C5B151E1.jpg,2014-12-05 15:33:16,,N,N
5.048475135823425,52.109979970934099,PUT,NL:Q:51112548,51112548,0,,Krommewetering Zuid,,,Utrecht,,GM0344,Utrecht,Utrecht,,G,,Proostwetering,,,"19 De Wetering via Terwijde, 19 De Wetering via Terwijde",bus,,,,,,130,,available,,regular,,2014-09-01 15:45:00,Y,Y,langshalte,0,0,26,0,"0,18","2,10","2,10",22,"1,20",Y,"3,30","1,50",0,Y,Y,Y,N,Y,Y,Y,0,N,Y,Y,Y,Y,Y,Y,N,0,N,N,Y,Y,N,N,,173D09E9-CA17-4C48-BC676462B1BFF0C0.jpg,2014-12-05 15:33:23,,N,N
5.149312097863101,52.075280911473051,PUT,NL:Q:50190110,50190110,0,,L v Maarschalkerweerd,,,Utrecht,,GM0344,Utrecht,Utrecht,,G,,Ln van Maarschalkerweerd,,,"41 Wijk bij Duurstede, 41 Wijk bij Duurstede",bus,,,,,,208,,available,,regular,,2013-05-20 00:00:00,N,N,langshalte,0,0,0,0,0,0,0,0,0,N,0,0,0,N,N,N,N,N,N,N,0,N,N,N,N,N,N,N,N,0,N,N,N,N,N,N,,,,,N,N
5.149470924993976,52.075586826531101,PUT,NL:Q:50190120,50190120,0,,L v Maarschalkerweerd,,,Utrecht,,GM0344,Utrecht,Utrecht,,G,,Ln van Maarschalkerweerd,,,"41 Utrecht CS Centrumzijde, 41 Utrecht CS Centrumzijde",bus,,,,,,28,,available,,regular,,2013-05-20 00:00:00,N,N,langshalte,0,0,0,0,0,0,0,0,0,N,0,0,0,N,N,N,N,N,N,N,0,N,N,N,N,N,N,N,N,0,N,N,N,N,N,N,,,,,N,N
5.033780843942457,52.077849358682521,PUT,NL:Q:51110730,51110730,0,,Laan 1954,,,de meern,,GM0344,Utrecht,Utrecht,,G,,Meerndijk,,,"107 Gouda Station, 107 Montfoort , 107 Montfoort Kasteelplein, 107 Oudewater , 407 Oudewater , 407 Utrecht CS , 107 Gouda Station, 107 Montfoort , 107 Montfoort Kasteelplein, 107 Oudewater , 407 Oudewater , 407 Utrecht CS",bus,,,,,,210,,available,,regular,,2014-09-01 10:20:00,Y,Y,langshalte,0,0,24,0,"0,18","2,70","2,70",20,"1,50",N,0,"1,50",0,Y,Y,Y,Y,Y,Y,Y,0,N,Y,Y,Y,Y,Y,Y,N,0,N,N,Y,Y,N,N,,E2308CF9-22ED-4289-A395356AF9E4276C.jpg,2014-12-05 15:33:30,,N,N
5.035058354368869,52.078635148217423,PUT,NL:Q:51110740,51110740,0,,Laan 1954,,,de meern,,GM0344,Utrecht,Utrecht,,G,,Meerndijk,,,"107 Utrecht CS/Jaarbeurs, 407 Utrecht CS , 107 Utrecht CS/Jaarbeurs, 407 Utrecht CS",bus,,,,,,30,,available,,regular,,2014-09-01 10:40:00,Y,Y,langshalte,0,0,24,0,"0,18","2,70","2,70",20,2,Y,"4,50","1,50","0,30",Y,Y,Y,Y,Y,Y,Y,0,N,Y,Y,Y,Y,Y,Y,N,0,N,N,Y,Y,N,N,,B2690423-6161-4A7F-B45FD81251A9A9F9.jpg,2014-12-05 15:33:36,,N,N
5.088813917209627,52.091762273173721,PUT,NL:Q:50007130,50007130,0,,Laan van Nieuw Guinea,,,Utrecht,,GM0344,Utrecht,Utrecht,,G,,Laan van Nieuw Guinea,,,"14 Transwijk via Kan'eiland, 14 Transwijk via Kan'eiland",bus,nl.bus.50007130,,,,,116,,available,,regular,,2013-05-20 00:00:00,N,N,langshalte,0,0,0,0,0,0,0,0,0,N,0,0,0,N,N,N,N,N,N,N,0,N,N,N,N,N,N,N,N,0,N,N,N,N,N,N,,,,,N,N
5.08875531059457,52.09179807714046,PUT,NL:Q:50007140,50007140,0,,Laan van Nieuw Guinea,,,Utrecht,,GM0344,Utrecht,Utrecht,,G,,Laan van Nieuw Guinea,,,"14 Transwijk via Kan'eiland, 14 Transwijk via Kan'eiland",bus,nl.bus.50007130,,,,,296,,available,,regular,,2013-05-20 00:00:00,N,N,langshalte,0,0,0,0,0,0,0,0,0,N,0,0,0,N,N,N,N,N,N,N,0,N,N,N,N,N,N,N,N,0,N,N,N,N,N,N,,,,,N,N
5.118126240340878,52.118922776122766,PUT,NL:Q:59151270,59151270,0,,Landskroondreef,,,Utrecht,,GM0344,Utrecht,Utrecht,,G,,Neckardreef,,,"1 Hoograven via Utrecht CS, 1 Hoograven via Utrecht CS",bus,,,,,,58,,available,,regular,,2013-05-20 00:00:00,N,N,langshalte,0,0,0,0,0,0,0,0,0,N,0,0,0,N,N,N,N,N,N,N,0,N,N,N,N,N,N,N,N,0,N,N,N,N,N,N,,,,,N,N
5.117966229305634,52.118823542752494,PUT,NL:Q:59151280,59151280,0,,Landskroondreef,,,Utrecht,,GM0344,Utrecht,Utrecht,,G,,Theemsdreef,,,"1 Overvecht via Utrecht CS, 1 Overvecht via Utrecht CS",bus,,,,,,238,,available,,regular,,2013-05-20 00:00:00,N,N,langshalte,0,0,0,0,0,0,0,0,0,N,0,0,0,N,N,N,N,N,N,N,0,N,N,N,N,N,N,N,N,0,N,N,N,N,N,N,,,,,N,N
5.124077057284166,52.06541229005397,PUT,NL:Q:50006452,50006452,0,,Linschotensingel,,,Utrecht,,GM0344,Utrecht,Utrecht,,G,,'t Goylaan,,,"10 Leidsche Rijn Ziekenhuis, 10 Lunetten NS, 47 Houten via Hoograven, 10 Leidsche Rijn Ziekenhuis, 10 Lunetten NS, 47 Houten via Hoograven",bus,,,,,,100,,available,,regular,,2012-08-09 10:49:00,Y,Y,langshalte,"0,1",0,18,0,"0,18","1,80","1,80",18,1,N,0,"1,20","0,09",Y,Y,N,N,N,N,Y,0,N,Y,Y,Y,Y,N,Y,N,0,N,N,Y,N,N,N,,8D4478CA-369A-438D-BF6037E269632B4C.JPG,2012-08-01 14:29:56,,N,N
5.110339316461602,52.107894413259757,PUT,NL:Q:50002111,50002111,0,,Loevenhoutsedijk,,,Utrecht,,GM0344,Utrecht,Utrecht,,G,,Loevenhoutsedijk,,,"6 Utrecht CS Centrumzijde, 6 Utrecht CS Centrumzijde",bus,,,,,,252,,available,,regular,,2012-07-31 12:16:00,Y,Y,langshalte,"0,1",0,18,0,"0,18","2,40","2,40",18,1,N,0,"2,40","0,09",Y,Y,N,N,N,N,Y,0,N,Y,Y,Y,Y,N,Y,N,0,N,N,Y,N,Y,Y,0,3CDD5086-0F16-4504-8755AF36C0F2D714.JPG,2012-08-01 12:15:35,,N,N
5.110718059928145,52.108021134346082,PUT,NL:Q:59152100,59152100,0,,Loevenhoutsedijk,,,Utrecht,,GM0344,Utrecht,Utrecht,,G,,Loevenhoutsedijk,,,"6 Overvecht-Noord via Nijenoord, 6 Overvecht-Noord via Nijenoord",bus,,,,,,73,,available,,regular,,2012-07-31 12:14:00,Y,Y,langshalte,"0,1",0,18,0,"0,18","1,50","1,50",18,1,N,0,"2,40","0,09",Y,Y,N,N,N,N,Y,0,N,N,Y,N,N,N,N,N,0,N,N,Y,N,Y,Y,0,275DC8F5-99F3-4567-98894785979CC9B8.JPG,2012-08-01 12:14:04,,N,N
5.128338866823666,52.064810536260318,PUT,NL:Q:50006470,50006470,0,,Lunettenbaan,,,Utrecht,,GM0344,Utrecht,Utrecht,,G,,Lunettenbaan,,,"10 Leidsche Rijn via Kan'eiland, 31 De Uithof AZU via Rijnsweerd, 447 Houten via Lunetten, 10 Leidsche Rijn via Kan'eiland, 31 De Uithof AZU via Rijnsweerd, 447 Houten via Lunetten",bus,,,,,,279,,available,,regular,,2012-07-31 14:26:00,Y,Y,haltehaven,3,24,26,15,"0,18","3,90","3,90",26,1,N,0,"2,10","0,12",Y,Y,N,N,N,N,Y,0,N,Y,Y,Y,Y,N,Y,N,0,N,N,Y,N,Y,Y,0,E9F3C809-A825-497F-85516B839494421D.JPG,2012-08-01 14:25:58,,N,N
5.129521481749572,52.064570448938923,PUT,NL:Q:50006480,50006480,0,,Lunettenbaan,,,Utrecht,,GM0344,Utrecht,Utrecht,,G,,Lunettenbaan,,,"10 Leidsche Rijn Ziekenhuis, 10 Lunetten NS, 31 Lunetten NS, 447 Utrecht CS Centrumzijde, 10 Leidsche Rijn Ziekenhuis, 10 Lunetten NS, 31 Lunetten NS, 447 Utrecht CS Centrumzijde",bus,,,,,,92,,available,,regular,,2012-08-07 12:22:00,Y,Y,haltehaven,3,18,26,15,"0,18","3,30","3,30",26,1,N,0,"2,10","0,09",Y,Y,N,N,N,N,Y,0,N,Y,Y,Y,Y,N,Y,N,0,N,N,Y,N,N,N,,2702BC7E-ACE2-4399-96151461B4DDB956.JPG,2012-08-01 14:27:41,,N,N
5.113744919162932,52.071356869501471,PUT,NL:Q:50006410,50006410,0,,Maasplein,,,Utrecht,,GM0344,Utrecht,Utrecht,,G,,Rijnlaan,,,"1 Hoograven via Utrecht CS, 1 Hoograven via Utrecht CS",bus,,,,,,198,,available,,regular,,2012-08-01 10:01:00,Y,Y,langshalte,0,0,"18,45",0,"0,18","1,50","1,50",18,1,N,0,2,"0,09",Y,Y,N,N,N,N,Y,0,N,Y,Y,Y,Y,N,Y,N,0,N,N,Y,N,Y,Y,0,0E7DDBE0-C811-4E25-BACDD38D062CDFFE.JPG,2012-08-02 10:00:51,,N,N
5.113659495897829,52.071015123665461,PUT,NL:Q:50006420,50006420,0,,Maasplein,,,Utrecht,,GM0344,Utrecht,Utrecht,,G,,Rijnlaan,,,"1 Overvecht via Utrecht CS, 1 Overvecht via Utrecht CS",bus,,,,,,31,,available,,regular,,2012-08-01 09:59:00,Y,Y,langshalte,0,0,"18,45",0,"0,18","1,80","1,80",18,1,N,0,3,"0,09",Y,Y,N,N,N,N,Y,0,N,Y,Y,Y,Y,N,Y,N,0,N,N,Y,N,Y,Y,0,FFCDB59C-5C6A-4A8B-A827D774F9067EA3.JPG,2012-08-02 09:58:37,,N,N
5.064763818903121,52.094143713082232,PUT,NL:Q:51112503,51112503,0,,Madridstraat,,,Utrecht,,GM0344,Utrecht,Utrecht,,G,,Grauwaartsingel,,,"10 Leidsche Rijn via Kan'eiland, 19 De Wetering via Terwijde, 30 Leidsche Rijn via Overv. NS, 30 Leidsche Rijn via Zuilen NS, 39 Maarssen NS via Terwijde, 48 Maarssen NS via Papendorp, 48 Papendorp via Nieuwegein, 10 Leidsche Rijn via Kan'eiland, 19 De Wetering via Terwijde, 30 Leidsche Rijn via Overv. NS, 30 Leidsche Rijn via Zuilen NS, 39 Maarssen NS via Terwijde, 48 Maarssen NS via Papendorp, 48 Papendorp via Nieuwegein",bus,,,,,,330,,available,,regular,,2014-09-01 14:38:00,Y,N,langshalte,0,0,22,0,"0,18","1,80","1,80",20,"1,20",N,0,1,0,Y,N,N,N,N,N,Y,0,N,N,Y,N,N,N,N,N,0,N,N,Y,N,N,N,,D286F126-3806-4F78-9661751AEEB91B95.jpg,2014-12-05 15:34:27,,N,N
5.0649109090077,52.093982329797804,PUT,NL:Q:51112504,51112504,0,,Madridstraat,,,Utrecht,,GM0344,Utrecht,Utrecht,,G,,Grauwaartsingel,,,"10 Leidsche Rijn Ziekenhuis, 19 Terwijde via De Wetering, 30 Leidsche Rijn Ziekenhuis, 39 Utrecht CS Jaarbeurszijde, 39 Utrecht CS via Terwijde, 48 Nieuwegein via L. Rijn NS, 48 Nieuwegein via Papendorp, 10 Leidsche Rijn Ziekenhuis, 19 Terwijde via De Wetering, 30 Leidsche Rijn Ziekenhuis, 39 Utrecht CS Jaarbeurszijde, 39 Utrecht CS via Terwijde, 48 Nieuwegein via L. Rijn NS, 48 Nieuwegein via Papendorp",bus,,,,,,150,,available,,regular,,2014-09-01 00:00:00,N,N,langshalte,0,0,22,0,"0,15","1,80","1,80",20,"0,80",N,0,4,0,Y,N,N,N,N,N,Y,0,N,N,Y,N,N,N,Y,N,0,N,N,Y,N,N,N,,4F2E0E72-2430-429B-AD2BA14B47ED8B59.jpg,2014-12-05 15:34:34,,N,N
5.087524450208756,52.094743043039649,PUT,NL:Q:50000830,50000830,0,,Majellapark,,,Utrecht,,GM0344,Utrecht,Utrecht,,G,,Majellapark,,,"19 De Wetering via Terwijde, 28 De Meern-Oost via Utrecht CS, 28 Vleuterweide via Centrum, 28 Vleuterweide via Parkwijk, 37 Maarssenbroek via Lage Weide, 38 Maarssen NS via Lage Weide, 39 Maarssen NS via Terwijde, 402 Utrecht CS , 402 Woerden Station, 407 Oudewater , 407 Utrecht CS , 420 Loenen ad Vecht Kerklaan, 19 De Wetering via Terwijde, 28 De Meern-Oost via Utrecht CS, 28 Vleuterweide via Centrum, 28 Vleuterweide via Parkwijk, 37 Maarssenbroek via Lage Weide, 38 Maarssen NS via Lage Weide, 39 Maarssen NS via Terwijde, 402 Utrecht CS , 402 Woerden Station, 407 Oudewater , 407 Utrecht CS , 420 Loenen ad Vecht Kerklaan",bus,nl.bus.50000830,,,,,279,,available,,regular,,2012-08-01 10:38:00,Y,Y,langshalte,0,0,60,0,"0,18","2,40","2,40",60,1,N,0,"2,40","0,12",N,Y,N,N,N,N,Y,0,N,Y,N,Y,Y,N,Y,N,0,N,N,Y,N,Y,Y,0,F5356FB6-259A-4229-809984C3B68711BD.JPG,2012-08-02 10:37:50,,N,N
5.087978025244856,52.094564433533783,PUT,NL:Q:50000841,50000841,0,,Majellapark,,,Utrecht,,GM0344,Utrecht,Utrecht,,G,,Curacaostraat,,,"19 Terwijde via De Wetering, 28 De Uithof P+R via Utrecht CS, 28 Rijnsweerd via Utrecht CS, 37 Utrecht CS via Maarssenbr, 38 Utrecht CS via Lage Weide, 39 Utrecht CS Jaarbeurszijde, 39 Utrecht CS via Terwijde, 19 Terwijde via De Wetering, 28 De Uithof P+R via Utrecht CS, 28 Rijnsweerd via Utrecht CS, 37 Utrecht CS via Maarssenbr, 38 Utrecht CS via Lage Weide, 39 Utrecht CS Jaarbeurszijde, 39 Utrecht CS via Terwijde, 407 Utrecht CS , 407 Utrecht CS",bus,nl.bus.50000830,,,,,97,,available,,regular,,2012-08-01 10:36:00,Y,Y,langshalte,0,0,60,0,"0,18",2,2,60,1,N,0,2,"0,12",N,Y,N,N,N,N,Y,0,N,Y,N,Y,Y,N,Y,N,0,N,N,Y,N,Y,Y,0,161BE6D1-1E04-4273-AEC850D8E5F43366.JPG,2012-08-02 10:36:11,,N,N
5.132314681938194,52.091369988936364,PUT,NL:Q:50006830,50006830,0,,Maliebaan,,,Utrecht,,GM0344,Utrecht,Utrecht,,G,,Nachtegaalstraat,,,"477 Bilthoven via De Uithof, 8 Diakonessenhuis via Utrecht CS, 477 Bilthoven via De Uithof, 8 Diakonessenhuis via Utrecht CS",bus,,,,,,108,,available,,regular,,2012-02-20 11:14:00,N,Y,langshalte,"0,1",0,16,0,"0,18","0,90","0,90",16,1,N,0,"1,80","0,09",Y,Y,N,N,N,N,Y,0,N,Y,Y,Y,N,N,Y,N,0,N,N,Y,N,N,N,,,,,N,N
5.13221233578869,52.091405719905445,PUT,NL:Q:50006840,50006840,0,,Maliebaan,,,Utrecht,,GM0344,Utrecht,Utrecht,,G,,Nachtegaalstraat,,,"8 Lunetten via Utrecht CS, 8 Lunetten via Utrecht CS",bus,,,,,,290,,available,,regular,,2012-02-20 11:16:00,N,N,langshalte,"0,1",0,16,0,"0,18","0,90","0,90",16,1,N,0,"1,80","0,09",N,N,N,N,N,N,Y,0,N,N,Y,N,N,N,N,N,0,N,N,Y,N,N,N,,,,,N,N
5.108821397308261,52.124276022977867,PUT,NL:Q:59150750,59150750,0,,Maniladreef,,,Utrecht,,GM0344,Utrecht,Utrecht,,G,,Tigrisdreef,,,"9 Utrecht CS Centrumzijde, 9 Utrecht CS Centrumzijde",bus,,,,,,117,,available,,regular,,2011-03-20 14:36:00,Y,Y,langshalte,0,18,0,0,"0,18",2,2,18,1,N,0,2,"0,09",Y,Y,N,N,N,N,Y,0,N,Y,Y,Y,Y,N,Y,N,0,N,N,Y,N,N,N,,5AA8F362-A8F5-4C66-97C442394510E311.JPG,2011-03-21 14:36:15,,N,N
5.108674925897785,52.124347581414952,PUT,NL:Q:59150760,59150760,0,,Maniladreef,,,Utrecht,,GM0344,Utrecht,Utrecht,,G,,Tigrisdreef,,,"9 Overvecht-Noord via Talmalaan, 9 Overvecht-Noord via Talmalaan",bus,,,,,,297,,available,,regular,,2011-03-20 14:37:00,Y,Y,langshalte,0,18,0,0,"0,18",2,2,18,1,N,0,2,"0,09",Y,Y,N,N,N,N,Y,0,N,Y,Y,Y,Y,N,Y,N,0,N,N,Y,N,N,N,,E6D96AF2-2899-4A0B-A558C7A6FAE02068.JPG,2011-03-21 14:37:18,,N,N
5.095016021130611,52.071572586444027,PUT,NL:Q:50002590,50002590,0,,Marco Pololaan,,,Utrecht,,GM0344,Utrecht,Utrecht,,G,,Marco Pololaan,,,"7 Kanaleneiland, 7 Kanaleneiland",bus,nl.bus.50002590,,,,,135,,available,,regular,,2012-03-15 00:00:00,Y,Y,langshalte,0,0,12,0,"0,18",2,2,0,"0,80",N,0,0,"0,09",Y,Y,N,N,N,N,Y,0,N,N,N,N,N,N,N,N,0,N,N,Y,N,N,N,,,,,N,N
5.095618050598961,52.070953898258878,PUT,NL:Q:50002600,50002600,0,,Marco Pololaan,,,Utrecht,,GM0344,Utrecht,Utrecht,,G,,Jan Cornelisz Maylaan,,,"7 Voordorp via Utrecht CS, 7 Voordorp via Utrecht CS",bus,nl.bus.50002590,,,,,319,,available,,regular,,2011-01-03 14:31:00,Y,Y,langshalte,0,18,0,0,"0,18","2,50","2,50",18,1,N,0,"2,50","0,09",Y,Y,N,N,N,N,Y,0,N,Y,Y,Y,Y,N,Y,N,0,N,N,Y,N,N,N,,,,,N,N
5.091056060835398,52.105744365082259,PUT,NL:Q:50000520,50000520,0,,Marnixlaan,,,Utrecht,,GM0344,Utrecht,Utrecht,,G,,Amsterdamsestraatweg,,,"3 Utrecht CS Centrumzijde, 120 Utrecht Centraal, 3 Utrecht CS Centrumzijde, 120 Utrecht Centraal",bus,nl.bus.50000520,,,,,119,,available,,regular,,2012-07-30 13:16:00,Y,Y,langshalte,0,0,18,0,"0,18",2,2,18,1,N,0,3,"0,09",Y,Y,N,N,N,N,Y,0,N,Y,Y,Y,Y,N,Y,N,0,N,N,Y,N,Y,Y,0,083937A3-B909-4CFE-AD3544BE491B4A6A.jpg,2012-07-31 13:15:31,,N,N
5.093897910237436,52.106425571008224,PUT,NL:Q:50000581,50000581,0,,Marnixlaan,,,Utrecht,,GM0344,Utrecht,Utrecht,,G,,Marnixlaan,,,"30 Leidsche Rijn via Overv. NS, 30 Leidsche Rijn via Zuilen NS, 30 Leidsche Rijn via Overv. NS, 30 Leidsche Rijn via Zuilen NS",bus,nl.bus.50000581,,,,,236,,available,,regular,,2013-05-20 00:00:00,N,N,langshalte,0,0,0,0,0,0,0,0,0,N,0,0,0,N,N,N,N,N,N,N,0,N,N,N,N,N,N,N,N,0,N,N,N,N,N,N,,,,,N,N
5.091684650336344,52.105602133029407,PUT,NL:Q:59150150,59150150,0,,Marnixlaan,,,Utrecht,,GM0344,Utrecht,Utrecht,,G,,Amsterdamsestraatweg,,,"3 Zuilen, 120 Amsterdam Station Bijlmer, 120 Loenen ad Vecht , 3 Zuilen, 120 Amsterdam Station Bijlmer, 120 Loenen ad Vecht",bus,nl.bus.50000520,,,,,303,,available,,regular,,2012-08-09 10:51:00,N,Y,semi-haltehaven,3,0,18,6,"0,18","1,20","1,20",18,1,N,0,3,"0,09",Y,Y,N,N,N,N,Y,0,N,Y,Y,Y,Y,N,Y,N,0,N,N,Y,N,Y,Y,0,CB523C10-AE3E-4DEA-9719E9ED86032422.jpg,2012-07-31 13:10:15,,N,N
5.093099359924084,52.105776442542719,PUT,NL:Q:59150370,59150370,0,,Marnixlaan,,,Utrecht,,GM0344,Utrecht,Utrecht,,G,,Marnixlaan,,,"30 Leidsche Rijn Ziekenhuis, 30 Leidsche Rijn Ziekenhuis",bus,nl.bus.50000581,,,,,56,,available,,regular,,2013-05-20 00:00:00,N,N,langshalte,0,0,0,0,0,0,0,0,0,N,0,0,0,N,N,N,N,N,N,N,0,N,N,N,N,N,N,N,N,0,N,N,N,N,N,N,,,,,N,N
5.090144208475193,52.073816422530768,PUT,NL:Q:50008170,50008170,0,,Marshalllaan,,,Utrecht,,GM0344,Utrecht,Utrecht,,G,,Marshalllaan,,,"7 Kanaleneiland, 7 Kanaleneiland",bus,,,,,,137,,available,,regular,,2011-03-24 15:33:00,Y,Y,langshalte,0,0,18,0,"0,18",3,3,18,1,N,0,3,"0,09",Y,Y,N,N,N,N,Y,0,N,Y,Y,N,N,N,N,N,0,N,N,Y,N,Y,Y,0,C7E8A30A-1946-4027-B1B107AA558655BB.JPG,2011-03-25 14:07:28,,N,N
5.089833666119108,52.074453794571674,PUT,NL:Q:50008180,50008180,0,,Marshalllaan,,,Utrecht,,GM0344,Utrecht,Utrecht,,G,,Marshalllaan,,,"7 Voordorp via Utrecht CS, 7 Voordorp via Utrecht CS",bus,,,,,,317,,available,,regular,,2011-03-24 15:37:00,Y,Y,langshalte,0,0,20,0,"0,18","1,50","1,50",20,1,N,0,"1,50","0,09",Y,Y,N,N,N,N,Y,0,N,Y,Y,Y,Y,N,Y,N,0,N,N,Y,N,Y,Y,0,CBAAFDD6-0783-467D-BD9BCA9CC5C1D554.JPG,2011-03-25 14:05:02,,N,N
5.037872014445866,52.082598288942357,PUT,NL:Q:51110100,51110100,0,,Meernbrug,,,De Meern,,GM0344,Utrecht,Utrecht,,G,,Rijksstraatweg,,,"28 De Uithof P+R via Utrecht CS, 102 Utrecht CS/Jaarbeurs, 103 Utrecht CS/Jaarbeurs, 107 Utrecht CS/Jaarbeurs, 407 Utrecht CS , 102 Utrecht CS/Jaarbeurs, 103 Utrecht CS/Jaarbeurs, 107 Utrecht CS/Jaarbeurs, 407 Utrecht CS , 28 De Uithof P+R via Utrecht CS",bus,nl.bus.51110100,,,,,100,,available,,regular,,2013-03-27 12:26:00,Y,Y,langshalte,0,0,36,0,"0,18","2,40","2,40",36,1,N,0,2,"0,12",N,Y,N,N,N,N,Y,0,N,Y,Y,Y,Y,N,Y,Y,0,N,N,Y,N,Y,Y,6,1A6B6F3F-D8BE-47BD-ABB80A1C30642933.JPG,2012-08-02 11:24:33,,N,N
5.037185363979983,52.082722085595002,PUT,NL:Q:51110110,51110110,0,,Meernbrug,,,De Meern,,GM0344,Utrecht,Utrecht,,G,,Rijksstraatweg,,,"28 Vleuterweide via Centrum, 28 Vleuterweide via Parkwijk, 102 Woerden Station, 103 Woerden Station (Zuid), 402 Utrecht CS , 402 Woerden Station, 28 Vleuterweide via Centrum, 28 Vleuterweide via Parkwijk, 102 Woerden Station, 103 Woerden Station (Zuid), 402 Utrecht CS , 402 Woerden Station",bus,nl.bus.51110100,,,,,280,,available,,regular,,2013-03-27 12:26:00,Y,Y,langshalte,0,0,36,0,"0,18","2,10","2,10",36,1,N,0,"2,10","0,12",N,Y,N,N,N,N,Y,0,N,Y,Y,Y,Y,N,Y,Y,0,N,N,Y,N,Y,Y,6,303C7356-6286-4FF7-9FE6FDA67C52515C.JPG,2012-08-02 11:25:29,,N,N
5.036477563954022,52.081821170980817,PUT,NL:Q:51110310,51110310,0,,Meernbrug,,,de meern,,GM0344,Utrecht,Utrecht,,G,,Meerndijk,,,"107 Gouda Station, 107 Montfoort , 107 Montfoort Kasteelplein, 107 Oudewater , 407 Oudewater , 407 Utrecht CS , 107 Gouda Station, 107 Montfoort , 107 Montfoort Kasteelplein, 107 Oudewater , 407 Oudewater , 407 Utrecht CS",bus,nl.bus.51110100,,,,,280,,available,,regular,,2014-09-01 11:05:00,N,N,langshalte,0,0,18,0,"0,12","2,40","2,40",0,"0,90",N,0,"2,40",0,N,N,N,N,N,N,N,0,N,N,Y,Y,Y,Y,Y,N,0,N,N,N,N,N,N,,931E0AFE-E612-45EE-84CEFE721FD588B5.jpg,2014-12-05 15:34:58,,N,N
5.035500034519458,52.11523595968994,PUT,NL:Q:51111590,51111590,0,,Meijewetering,,,Utrecht,,GM0344,Utrecht,Utrecht,,G,,Proostwetering,,,"39 Maarssen NS via Terwijde, 39 Maarssen NS via Terwijde",bus,,,,,,290,,available,,regular,,2012-08-02 08:25:00,Y,Y,langshalte,0,0,18,0,"0,18","1,50","1,50",18,1,N,0,"1,50","0,09",Y,Y,N,N,N,N,Y,0,N,Y,Y,Y,Y,N,Y,N,0,N,N,Y,N,N,N,,117C6280-7E60-4B63-96D6994CFE587E26.JPG,2012-08-03 08:24:48,,N,N
5.035675720819181,52.11517356703721,PUT,NL:Q:51111600,51111600,0,,Meijewetering,,,Utrecht,,GM0344,Utrecht,Utrecht,,G,,Proostwetering,,,"39 Utrecht CS via Terwijde, 39 Utrecht CS via Terwijde",bus,,,,,,110,,available,,regular,,2012-08-02 08:27:00,Y,Y,langshalte,0,0,18,0,"0,18","1,50","1,50",18,1,N,0,"1,50","0,09",Y,Y,N,N,N,N,Y,0,N,Y,Y,Y,Y,N,Y,N,0,N,N,Y,N,N,N,,A54F30D1-98D1-4D0A-9CA396AD2374C4A7.JPG,2012-08-03 08:26:33,,N,N
5.084260259554057,52.068201857226775,PUT,NL:Q:51111420,51111420,0,,Mercatorlaan,,,Utrecht,,GM0344,Utrecht,Utrecht,,G,,Mercatorlaan,,,"29 Utrecht CS Jaarbeurszijde, 29 Utrecht CS Jaarbeurszijde",bus,nl.bus.51111420,,,,,316,,available,,regular,,2013-05-20 00:00:00,N,N,langshalte,0,0,0,0,0,0,0,0,0,N,0,0,0,N,N,N,N,N,N,N,0,N,N,N,N,N,N,N,N,0,N,N,N,N,N,N,,,,,N,N
5.061706724303997,52.111176691645589,PUT,NL:Q:59140091,59140091,0,,Mesonweg,,,Utrecht,,GM0344,Utrecht,Utrecht,,G,,Atoomweg,,,"37 Maarssenbroek via Lage Weide, 38 Maarssen NS via Lage Weide, 37 Maarssenbroek via Lage Weide, 38 Maarssen NS via Lage Weide",bus,,,,,,313,,available,,regular,,2013-05-20 00:00:00,N,N,langshalte,0,0,0,0,0,0,0,0,0,N,0,0,0,N,N,N,N,N,N,N,0,N,N,N,N,N,N,N,N,0,N,N,N,N,N,N,,,,,N,N
5.06229469408659,52.110621053417688,PUT,NL:Q:59140100,59140100,0,,Mesonweg,,,Utrecht,,GM0344,Utrecht,Utrecht,,G,,Atoomweg,,,"37 Utrecht CS via Maarssenbr, 38 Utrecht CS via Lage Weide, 37 Utrecht CS via Maarssenbr, 38 Utrecht CS via Lage Weide",bus,,,,,,133,,available,,regular,,2013-05-20 00:00:00,N,N,langshalte,0,0,0,0,0,0,0,0,0,N,0,0,0,N,N,N,N,N,N,N,0,N,N,N,N,N,N,N,N,0,N,N,N,N,N,N,,,,,N,N
5.072698055369879,52.117570051900294,PUT,NL:Q:59151620,59151620,0,,Minister Talmastraat,,,Utrecht,,GM0344,Utrecht,Utrecht,,G,,Minister Talmastraat,,,"3 Zuilen, 3 Zuilen",bus,,,,,,301,,available,,regular,,2013-05-20 00:00:00,N,N,langshalte,0,0,0,0,0,0,0,0,0,N,0,0,0,N,N,N,N,N,N,N,0,N,N,N,N,N,N,N,N,0,N,N,N,N,N,N,,,,,N,N
5.088689489352143,52.123525732187119,PUT,NL:Q:59151791,59151791,0,,Mississippidreef,,,Utrecht,,GM0344,Utrecht,Utrecht,,G,,Mississippidreef,,,"16 Vechtsebanen via Zuilen, 16 Vechtsebanen via Zuilen",bus,nl.bus.59151791,,,,,290,,available,,regular,,2012-03-15 00:00:00,Y,Y,langshalte,0,0,18,0,"0,18",3,3,18,3,N,0,3,0,Y,Y,Y,N,Y,Y,Y,0,N,Y,Y,N,N,N,N,N,0,N,N,Y,N,Y,Y,3,ED622FFE-A74D-4E72-A50C7CBB99A5C490.jpg,2014-12-05 15:35:45,,N,N
5.088880096120382,52.123409369999791,PUT,NL:Q:59151802,59151802,0,,Mississippidreef,,,Utrecht,,GM0344,Utrecht,Utrecht,,G,,Mississippidreef,,,"16 Utrecht CS Centrumzijde, 16 Utrecht CS Centrumzijde",bus,nl.bus.59151791,,,,,110,,available,,regular,,2012-03-15 00:00:00,Y,Y,langshalte,0,0,18,0,"0,18","2,40","2,40",18,"1,50",N,0,"1,50",0,Y,Y,Y,N,Y,Y,Y,0,N,N,Y,Y,Y,Y,Y,N,0,N,N,Y,Y,N,Y,,0DD03F5F-30BD-4461-85B24EB65E88923F.jpg,2014-12-05 15:35:52,,N,N
5.05102760055745,52.079203084482032,PUT,NL:Q:51110871,51110871,0,,Molensteijn,,,De Meern,,GM0344,Utrecht,Utrecht,,G,,Veldzigt,,,"24 De Meern-Oost via Papendorp, 24 De Meern-Oost via Papendorp",bus,,,,,,10,,available,,regular,,2014-09-01 12:31:00,N,N,langshalte,0,0,11,0,"0,12","1,20","1,20",0,"0,70",N,0,0,0,Y,N,N,N,N,N,Y,0,N,N,Y,N,N,N,N,N,0,N,N,Y,N,N,N,,01A17D45-6FE4-4AE7-B7BB3BA40F1FE061.jpg,2014-12-05 15:35:58,,N,N
5.0511712487797,52.079500101587925,PUT,NL:Q:51110872,51110872,0,,Molensteijn,,,De Meern,,GM0344,Utrecht,Utrecht,,G,,Veldzigt,,,"24 Utrecht CS via Papendorp, 24 Utrecht CS via Papendorp",bus,,,,,,190,,available,,regular,,2014-09-01 12:23:00,N,N,langshalte,0,0,"11,6",0,"0,12","1,20","1,20",0,"1,20",N,0,"0,90",0,Y,N,N,N,N,N,Y,0,N,N,Y,N,N,N,N,N,0,N,N,Y,N,N,N,,045153AB-A982-4089-8DF84540480C6FA7.jpg,2014-12-05 15:36:05,,N,N
5.113972896908015,52.088965052154862,PUT,NL:Q:50002200,50002200,0,,MoreelseparkHC,,,Utrecht,,GM0344,Utrecht,Utrecht,,G,,Moreelsepark,,,"2 Museumkwartier, 2 Museumkwartier",bus,,,,,,248,,available,,regular,,2013-05-20 00:00:00,N,N,langshalte,0,0,0,0,0,0,0,0,0,N,0,0,0,N,N,N,N,N,N,N,0,N,N,N,N,N,N,N,N,0,N,N,N,N,N,N,,,,,N,N
5.121597599880534,52.107246200910602,PUT,NL:Q:50006130,50006130,0,,Mr Tripkade,,,Utrecht,,GM0344,Utrecht,Utrecht,,G,,Mr. Tripkade,,,"1 Hoograven via Utrecht CS, 30 De Uithof WKZ via Rijnsweerd, 30 Leidsche Rijn Ziekenhuis, 1 Hoograven via Utrecht CS, 30 De Uithof WKZ via Rijnsweerd, 30 Leidsche Rijn Ziekenhuis",bus,,,,,,212,,available,,regular,,2013-05-20 00:00:00,N,N,langshalte,0,0,0,0,0,0,0,0,0,N,0,0,0,N,N,N,N,N,N,N,0,N,N,N,N,N,N,N,N,0,N,N,N,N,N,N,,,,,N,N
5.122133205466694,52.108002401252548,PUT,NL:Q:50006140,50006140,0,,Mr Tripkade,,,Utrecht,,GM0344,Utrecht,Utrecht,,G,,Christiaan Krammlaan,,,"1 Overvecht via Utrecht CS, 30 Leidsche Rijn via Overv. NS, 30 Overvecht-Zuid via Overv. NS, 1 Overvecht via Utrecht CS, 30 Leidsche Rijn via Overv. NS, 30 Overvecht-Zuid via Overv. NS",bus,,,,,,27,,available,,regular,,2013-05-20 00:00:00,N,N,langshalte,0,0,0,0,0,0,0,0,0,N,0,0,0,N,N,N,N,N,N,N,0,N,N,N,N,N,N,N,N,0,N,N,N,N,N,N,,,,,N,N
5.043794771264092,52.105454424571306,PUT,NL:Q:51111550,51111550,0,,Musicalkade,,,Utrecht,,GM0344,Utrecht,Utrecht,,G,,Rijnkennemerlaan,,,"19 De Wetering via Terwijde, 39 Maarssen NS via Terwijde, 19 De Wetering via Terwijde, 39 Maarssen NS via Terwijde",bus,,,,,,32,,available,,regular,,2013-05-20 00:00:00,N,N,langshalte,0,0,0,0,0,0,0,0,0,N,0,0,0,N,N,N,N,N,N,N,0,N,N,N,N,N,N,N,N,0,N,N,N,N,N,N,,,,,N,N
5.043823687391627,52.105490461062629,PUT,NL:Q:51111560,51111560,0,,Musicalkade,,,Utrecht,,GM0344,Utrecht,Utrecht,,G,,Rijnkennemerlaan,,,"19 Terwijde via De Wetering, 39 Utrecht CS Jaarbeurszijde, 39 Utrecht CS via Terwijde, 19 Terwijde via De Wetering, 39 Utrecht CS Jaarbeurszijde, 39 Utrecht CS via Terwijde",bus,,,,,,212,,available,,regular,,2013-05-20 00:00:00,N,N,langshalte,0,0,0,0,0,0,0,0,0,N,0,0,0,N,N,N,N,N,N,N,0,N,N,N,N,N,N,N,N,0,N,N,N,N,N,N,,,,,N,N
5.08341984543608,52.11037176541452,PUT,NL:Q:59150330,59150330,0,,Muyskenweg,,,Utrecht,,GM0344,Utrecht,Utrecht,,G,,Amsterdamsestraatweg,,,"3 Zuilen, 120 Amsterdam Station Bijlmer, 120 Loenen ad Vecht , 3 Zuilen, 120 Amsterdam Station Bijlmer, 120 Loenen ad Vecht",bus,,,,,,300,,available,,regular,,2013-05-20 00:00:00,N,N,langshalte,0,0,0,0,0,0,0,0,0,N,0,0,0,N,N,N,N,N,N,N,0,N,N,N,N,N,N,N,N,0,N,N,N,N,N,N,,,,,N,N
5.082790244669321,52.110648771577694,PUT,NL:Q:59150340,59150340,0,,Muyskenweg,,,Utrecht,,GM0344,Utrecht,Utrecht,,G,,Amsterdamsestraatweg,,,"3 Utrecht CS Centrumzijde, 3 Utrecht CS Centrumzijde, 120 Utrecht Centraal, 120 Utrecht Centraal",bus,,,,,,119,,available,,regular,,2013-05-20 00:00:00,N,N,langshalte,0,0,0,0,0,0,0,0,0,N,0,0,0,N,N,N,N,N,N,N,0,N,N,N,N,N,N,N,N,0,N,N,N,N,N,N,,,,,N,N
5.050264709519418,52.075902270104073,PUT,NL:Q:51110861,51110861,0,,Naamrijk,,,De Meern,,GM0344,Utrecht,Utrecht,,G,,Veldzigt,,,"24 De Meern-Oost via Papendorp, 24 De Meern-Oost via Papendorp",bus,,,,,,10,,available,,regular,,2013-05-20 00:00:00,N,N,langshalte,0,0,10,0,"0,12","1,20","4,50",0,1,N,0,"2,40",0,Y,N,N,N,N,N,Y,0,N,Y,Y,N,N,N,N,N,0,N,N,Y,N,N,N,,A6092D83-3A79-4E8D-BDF9545509B3D5C3.jpg,2014-12-05 15:36:13,,N,N
5.050221559199596,52.07582125374082,PUT,NL:Q:51110862,51110862,0,,Naamrijk,,,De Meern,,GM0344,Utrecht,Utrecht,,G,,Veldzigt,,,"24 Utrecht CS via Papendorp, 24 Utrecht CS via Papendorp",bus,,,,,,190,,available,,regular,,2014-09-01 12:30:00,N,N,langshalte,0,0,10,0,"0,12","1,50","1,50",0,"0,90",Y,3,"1,20","0,12",Y,N,N,N,N,N,Y,0,N,Y,Y,N,N,N,N,N,0,N,N,Y,N,N,N,,9C47D774-41DB-44C8-A463C480F34980FA.jpg,2014-12-05 15:36:20,,N,N
5.091830943418707,52.125439101241547,PUT,NL:Q:59151870,59151870,0,,Nebraskadreef,,,Utrecht,,GM0344,Utrecht,Utrecht,,G,,St.-Laurensdreef,,,"6 Utrecht CS Centrumzijde, 6 Utrecht CS Centrumzijde",bus,,,,,,122,,available,,regular,,2013-05-20 00:00:00,N,N,langshalte,0,0,0,0,0,0,0,0,0,N,0,0,0,N,N,N,N,N,N,N,0,N,N,N,N,N,N,N,N,0,N,N,N,N,N,N,,,,,N,N
5.091728249169484,52.125510748265135,PUT,NL:Q:59151880,59151880,0,,Nebraskadreef,,,Utrecht,,GM0344,Utrecht,Utrecht,,G,,St.-Laurensdreef,,,"6 Overvecht-Noord via Nijenoord, 6 Overvecht-Noord via Nijenoord",bus,,,,,,302,,available,,regular,,2013-05-20 00:00:00,N,N,langshalte,0,0,0,0,0,0,0,0,0,N,0,0,0,N,N,N,N,N,N,N,0,N,N,N,N,N,N,N,N,0,N,N,N,N,N,N,,,,,N,N
5.120972833455085,52.116565384035106,PUT,NL:Q:59151290,59151290,0,,Neckardreef,,,Utrecht,,GM0344,Utrecht,Utrecht,,G,,Neckardreef,,,"1 Hoograven via Utrecht CS, 1 Hoograven via Utrecht CS",bus,nl.bus.59151290,,,,,126,,available,,regular,,2011-03-28 14:33:00,Y,Y,langshalte,0,0,18,0,"0,18","1,50","1,50",18,1,N,0,"2,50","0,09",Y,Y,N,N,N,N,Y,0,N,Y,Y,Y,Y,N,Y,N,0,N,N,Y,N,Y,Y,0,48848476-FB54-4C21-95DCA331C726E5B1.JPG,2011-03-21 15:23:58,,N,N
5.120501242272828,52.11730133697062,PUT,NL:Q:59151300,59151300,0,,Neckardreef,,,Utrecht,,GM0344,Utrecht,Utrecht,,G,,Karpathosdreef,,,"1 Overvecht via Utrecht CS, 1 Overvecht via Utrecht CS",bus,nl.bus.59151290,,,,,335,,available,,regular,,2011-03-28 14:33:00,Y,Y,langshalte,0,0,18,0,"0,18","1,50","1,50",18,1,N,0,"2,50","0,09",Y,Y,N,N,N,N,Y,0,N,Y,Y,Y,Y,N,Y,N,0,N,N,Y,N,Y,Y,0,07FAE55E-2A97-4432-B6E282BCA3F519BE.JPG,2011-03-21 15:22:04,,N,N
5.117826940059485,52.093476941048735,PUT,NL:Q:50000360,50000360,0,,Neude,,,Utrecht,,GM0344,Utrecht,Utrecht,,G,,Potterstraat,,,"2 Museumkwartier, 251 Zeist Handelsc. via Zeist-Centr., 28 De Uithof P+R via Utrecht CS, 28 Rijnsweerd via Utrecht CS, 4 Diakonessenhuis via Biltstraat, 412 Zeist via De Uithof, 441 Wijk bij Duurstede, 452 Amersfoort via Vollenhove, 477 Bilthoven via De Uithof, 5 Voordorp, 51 Drieb.-Zeist NS via Kerckebosch, 52 Amersfoort via Vollenhove, 52 Soesterberg via Vollenhove, 52 Zeist via Vollenhove, 53 Zeist via Vollenhove, 55 Maartensdijk via Tuindorp, 74 Zeist via Utrecht CS, 77 Bilthoven via Utrecht CS, 77 Sartreweg, 8 Diakonessenhuis via Utrecht CS, 2 Museumkwartier, 251 Zeist Handelsc. via Zeist-Centr., 28 De Uithof P+R via Utrecht CS, 28 Rijnsweerd via Utrecht CS, 4 Diakonessenhuis via Biltstraat, 412 Zeist via De Uithof, 441 Wijk bij Duurstede, 452 Amersfoort via Vollenhove, 477 Bilthoven via De Uithof, 5 Voordorp, 51 Drieb.-Zeist NS via Kerckebosch, 52 Amersfoort via Vollenhove, 52 Soesterberg via Vollenhove, 52 Zeist via Vollenhove, 53 Zeist via Vollenhove, 55 Maartensdijk via Tuindorp, 74 Zeist via Utrecht CS, 77 Bilthoven via Utrecht CS, 77 Sartreweg, 8 Diakonessenhuis via Utrecht CS, 450 Amerongen Dorp , 50 Amerongen Dorp , 50 Doorn Postkantoor, 50 Driebergen-Zeist Station, 50 Wageningen Busstation, 450 Amerongen Dorp , 50 Amerongen Dorp , 50 Doorn Postkantoor, 50 Driebergen-Zeist Station, 50 Wageningen Busstation",bus,nl.bus.50000360,,,,,,,available,,regular,,2012-08-05 10:10:00,Y,Y,langshalte,0,0,60,0,"0,18","2,50","2,50",60,1,N,0,"1,50","0,12",N,Y,N,N,N,N,Y,0,N,Y,Y,Y,Y,N,Y,N,0,N,N,Y,N,Y,Y,0,1E9E7C14-ABE6-43CF-89AD6E99E589D7D9.JPG,2012-08-06 10:10:05,,N,N
5.117170558733686,52.093430499435001,PUT,NL:Q:50003360,50003360,0,,Neude,,,Utrecht,,GM0344,Utrecht,Utrecht,,G,,Potterstraat,,,"251 Utrecht CS via Zeist-Centr., 28 De Meern-Oost via Utrecht CS, 28 Vleuterweide via Centrum, 4 Utrecht CS via Biltstraat, 412 Utrecht CS Centrumzijde, 447 Houten via Lunetten, 452 Utrecht CS Centrumzijde, 474 Vianen via Galecop, 495 IJsselstein via Jutphaas, 5 Kanaleneiland via Utrecht CS, 51 Utrecht CS via Kerckebosch, 52 Utrecht CS Centrumzijde, 52 Utrecht CS via Zeist, 53 Utrecht CS Centrumzijde, 55 Utrecht CS Centrumzijde, 74 Nieuwegein-C via Utrecht CS, 74 Vianen via Utrecht CS, 77 Nieuwegein-C via Utrecht CS, 77 Nieuwegein-Z via Utrecht CS, 8 Lunetten via Utrecht CS, 251 Utrecht CS via Zeist-Centr., 28 De Meern-Oost via Utrecht CS, 28 Vleuterweide via Centrum, 4 Utrecht CS via Biltstraat, 412 Utrecht CS Centrumzijde, 447 Houten via Lunetten, 452 Utrecht CS Centrumzijde, 474 Vianen via Galecop, 495 IJsselstein via Jutphaas, 5 Kanaleneiland via Utrecht CS, 51 Utrecht CS via Kerckebosch, 52 Utrecht CS Centrumzijde, 52 Utrecht CS via Zeist, 53 Utrecht CS Centrumzijde, 55 Utrecht CS Centrumzijde, 74 Nieuwegein-C via Utrecht CS, 74 Vianen via Utrecht CS, 77 Nieuwegein-C via Utrecht CS, 77 Nieuwegein-Z via Utrecht CS, 8 Lunetten via Utrecht CS, 407 Oudewater , 407 Utrecht CS , 50 Utrecht CS , 407 Oudewater , 407 Utrecht CS , 50 Utrecht CS",bus,nl.bus.50000360,,,,,266,,available,,regular,,2012-08-05 10:11:00,Y,Y,langshalte,0,0,60,0,"0,18","2,50","2,50",60,1,N,0,"1,50","0,12",N,Y,N,N,N,N,Y,0,N,Y,Y,Y,Y,N,Y,N,0,N,N,Y,N,Y,Y,0,AD475F90-F17D-4F9C-82B96BB4F27796D6.JPG,2012-08-06 10:11:12,,N,N
5.117945504493253,52.085900270721382,PUT,NL:Q:50002240,50002240,0,,Nicolaas Beetsstraat,,,Utrecht,,GM0344,Utrecht,Utrecht,,G,,Catharijnesingel,,,"2 Museumkwartier, 2 Museumkwartier",bus,nl.bus.50002240,,,,,318,,available,,regular,,2012-08-05 09:40:00,Y,Y,langshalte,0,0,18,0,"0,18",18,18,18,1,N,0,"1,20","0,09",Y,Y,N,N,N,N,Y,0,N,Y,Y,Y,Y,N,Y,N,0,N,N,Y,N,N,N,,01FF23E1-771C-497E-97A89AC5A25585E1.JPG,2012-08-06 09:39:10,,N,N
5.045771101981472,52.119984868941074,PUT,NL:Q:59140200,59140200,0,,Niels Bohrweg,,,Utrecht,,GM0344,Utrecht,Utrecht,,G,,Niels Bohrweg,,,"38 Utrecht CS via Lage Weide, 48 Nieuwegein via L. Rijn NS, 38 Utrecht CS via Lage Weide, 48 Nieuwegein via L. Rijn NS",bus,,,,,,240,,available,,regular,,2013-05-20 00:00:00,N,N,langshalte,0,0,0,0,0,0,0,0,0,N,0,0,0,N,N,N,N,N,N,N,0,N,N,N,N,N,N,N,N,0,N,N,N,N,N,N,,,,,N,N
5.046672383508196,52.120508781273742,PUT,NL:Q:59140210,59140210,0,,Niels Bohrweg,,,Utrecht,,GM0344,Utrecht,Utrecht,,G,,Niels Bohrweg,,,"38 Maarssen NS via Lage Weide, 48 Maarssen NS via Papendorp, 48 Papendorp via Nieuwegein, 38 Maarssen NS via Lage Weide, 48 Maarssen NS via Papendorp, 48 Papendorp via Nieuwegein",bus,,,,,,60,,available,,regular,,2013-05-20 00:00:00,N,N,langshalte,0,0,0,0,0,0,0,0,0,N,0,0,0,N,N,N,N,N,N,N,0,N,N,N,N,N,N,N,N,0,N,N,N,N,N,N,,,,,N,N
5.089337890734909,52.116067303455075,PUT,NL:Q:59151170,59151170,0,,Niftarlakeplantsoen,,,Utrecht,,GM0344,Utrecht,Utrecht,,G,,Niftarlakeplantsoen,,,"16 Vechtsebanen via Zuilen, 34 Maarssen via Zuilen, 16 Vechtsebanen via Zuilen, 34 Maarssen via Zuilen",bus,,,,,,338,,available,,regular,,2012-08-05 11:57:00,Y,Y,langshalte,0,0,18,0,"0,18","2,10","2,10",22,1,N,0,"2,10","0,09",Y,Y,N,N,N,N,Y,0,N,N,Y,N,N,N,N,N,0,N,N,N,N,N,N,,F25440AC-19EB-4F62-BFB77A0561FC79E8.JPG,2012-08-06 11:56:12,,N,N
5.089426865521146,52.115860803211994,PUT,NL:Q:59151180,59151180,0,,Niftarlakeplantsoen,,,Utrecht,,GM0344,Utrecht,Utrecht,,G,,Muiderslotplantsoen,,,"16 Utrecht CS Centrumzijde, 34 Utrecht CS via Maarssen-D, 16 Utrecht CS Centrumzijde, 34 Utrecht CS via Maarssen-D",bus,,,,,,158,,available,,regular,,2012-08-05 11:55:00,Y,Y,langshalte,0,0,18,0,"0,18","2,40","2,40",22,1,N,0,"1,50","0,09",Y,Y,N,N,N,N,Y,0,N,N,Y,Y,Y,N,Y,N,0,N,N,Y,N,N,N,,7EF9E022-4438-4B79-82C80E9A51FF860B.JPG,2012-08-06 11:54:42,,N,N
5.105509381549915,52.102984489528914,PUT,NL:Q:50000530,50000530,0,,Nijenoord,,,Utrecht,,GM0344,Utrecht,Utrecht,,G,,Nijenoord,,,"16 Utrecht CS Centrumzijde, 34 Utrecht CS via Maarssen-D, 36 Utrecht CS via Maarssen-D, 6 Utrecht CS Centrumzijde, 16 Utrecht CS Centrumzijde, 34 Utrecht CS via Maarssen-D, 36 Utrecht CS via Maarssen-D, 6 Utrecht CS Centrumzijde",bus,nl.bus.50000530,,,,,109,,available,,regular,,2012-08-05 11:27:00,Y,Y,langshalte,0,0,24,0,"0,18","2,80","2,80",24,1,N,0,"1,50","0,09",Y,Y,N,N,N,N,Y,0,N,Y,Y,Y,Y,N,Y,N,0,N,N,Y,N,Y,Y,0,1F70651F-6310-4964-8554F59D8966062D.JPG,2012-08-06 11:26:36,,N,N
5.105815205747061,52.103093076258745,PUT,NL:Q:50000540,50000540,0,,Nijenoord,,,Utrecht,,GM0344,Utrecht,Utrecht,,G,,Nijenoord,,,"16 Vechtsebanen via Zuilen, 34 Maarssen via Zuilen, 36 Maarssen via Zuilen, 6 Nijenoord, 6 Overvecht-Noord via Nijenoord, 16 Vechtsebanen via Zuilen, 34 Maarssen via Zuilen, 36 Maarssen via Zuilen, 6 Nijenoord, 6 Overvecht-Noord via Nijenoord",bus,nl.bus.50000530,,,,,297,,available,,regular,,2012-08-05 11:28:00,Y,Y,langshalte,0,0,24,0,"0,18","2,80","2,80",24,1,N,0,"1,50","0,09",Y,Y,N,N,N,N,Y,0,N,Y,Y,Y,Y,N,Y,N,0,N,N,Y,N,Y,Y,0,02196518-48C6-4EC9-975ED8D261266D4F.JPG,2012-08-06 11:27:55,,N,N
5.112045586214514,52.122387114788516,PUT,NL:Q:59150770,59150770,0,,Nijldreef,,,Utrecht,,GM0344,Utrecht,Utrecht,,G,,Nijldreef,,,"9 Utrecht CS Centrumzijde, 9 Utrecht CS Centrumzijde",bus,,,,,,120,,available,,regular,,2011-03-20 14:42:00,Y,Y,langshalte,0,18,0,0,"0,18",2,2,18,1,N,0,2,"0,09",Y,Y,N,N,N,N,Y,0,N,Y,Y,Y,Y,N,Y,N,0,N,N,Y,N,N,N,,6F9E1516-009B-48AF-8D12DB43DD8CB510.JPG,2011-03-21 14:41:58,,N,N
5.112354211942905,52.122064265447435,PUT,NL:Q:59150780,59150780,0,,Nijldreef,,,Utrecht,,GM0344,Utrecht,Utrecht,,G,,Nijldreef,,,"9 Overvecht-Noord via Talmalaan, 9 Overvecht-Noord via Talmalaan",bus,,,,,,51,,available,,regular,,2011-03-20 14:43:00,Y,Y,langshalte,0,18,0,0,"0,18","2,50","2,50",18,1,N,0,"2,50","0,09",Y,Y,N,N,N,N,Y,0,N,Y,Y,Y,Y,N,Y,N,0,N,N,Y,N,N,N,,2FB2BD71-9349-49C6-A4723789B0DDF78A.JPG,2011-03-21 14:43:08,,N,N
5.085311259750423,52.100498748516102,PUT,NL:Q:50007070,50007070,0,,Nijverheidsweg,,,Utrecht,,GM0344,Utrecht,Utrecht,,G,,Nijverheidsweg,,,"25 Utrecht CS Jaarbeurszijde, 25 Utrecht CS Jaarbeurszijde",bus,,,,,,100,,available,,regular,,2011-04-26 11:50:00,Y,Y,langshalte,0,0,18,0,"0,18","2,85","2,85",18,1,N,0,"2,85","0,09",Y,Y,N,N,N,N,Y,0,N,N,Y,N,N,N,N,N,0,N,N,Y,N,N,N,,ABE70BAD-3EE2-49EE-B7D5747DD7C0C4A4.JPG,2011-04-22 10:25:25,,N,N
5.085457326425457,52.100481146243574,PUT,NL:Q:50007080,50007080,0,,Nijverheidsweg,,,Utrecht,,GM0344,Utrecht,Utrecht,,G,,Nijverheidsweg,,,"25 Cartesiusweg via Oog in Al, 25 Cartesiusweg via Oog in Al",bus,,,,,,280,,available,,regular,,2012-08-02 10:23:00,Y,Y,langshalte,0,0,18,0,"0,18","3,90","3,90",18,1,N,0,"2,40","0,09",Y,Y,N,N,N,N,Y,0,N,Y,N,Y,Y,N,Y,N,0,N,N,Y,N,N,N,,47B268EC-7B24-4E21-9EED3D539B397998.JPG,2012-08-03 10:23:02,,N,N
5.029758402071237,52.088344329786828,PUT,NL:Q:51110140,51110140,0,,Noorderbreedte,,,De Meern,,GM0344,Utrecht,Utrecht,,G,,Burg Middelweerdbaan,,,"126 De Meern Oost via Vleuten, 126 De Meern Oost via Vleuten",bus,,,,,,95,,available,,regular,,2012-08-09 10:52:00,Y,Y,langshalte,0,0,18,0,"0,18","2,40","2,40",18,1,N,0,"1,20","0,09",Y,Y,N,N,N,N,Y,0,N,Y,Y,Y,Y,N,Y,N,0,N,N,Y,N,N,N,,ABA6C043-C8AA-4D54-82C9462C2F2E6057.JPG,2012-08-02 14:23:25,,N,N
5.029422604797726,52.088370275466922,PUT,NL:Q:51110150,51110150,0,,Noorderbreedte,,,De Meern,,GM0344,Utrecht,Utrecht,,G,,Burg Middelweerdbaan,,,"126 Maarssen NS via Vleuten, 126 Maarssen NS via Vleuten",bus,,,,,,275,,available,,regular,,2012-08-09 10:53:00,Y,Y,langshalte,0,0,18,0,"0,18","2,40","2,40",18,1,N,0,"1,20","0,09",Y,Y,N,N,N,N,Y,0,N,Y,Y,Y,Y,N,Y,N,0,N,N,Y,N,N,N,,496E9C77-EA5D-42CF-B7E27EE8A36C335B.JPG,2012-08-02 14:24:20,,N,N
4.998709094366142,52.123614233244112,PUT,NL:Q:59230130,59230130,0,,Ockhuizerweg,,,Haarzuilens,,GM0344,Utrecht,Utrecht,,G,,Ockhuizerweg,,,"127 Kockengen via Haarzuilens, 127 Kockengen via Haarzuilens",bus,,,,,,298,,available,,regular,,2013-05-20 00:00:00,N,N,langshalte,0,0,0,0,0,0,0,0,0,N,0,0,0,N,N,N,N,N,N,N,0,N,N,N,N,N,N,N,N,0,N,N,N,N,N,N,,,,,N,N
4.99882645702307,52.123551703291085,PUT,NL:Q:59230140,59230140,0,,Ockhuizerweg,,,Haarzuilens,,GM0344,Utrecht,Utrecht,,G,,Ockhuizerweg,,,"127 Vleuten NS via Haarzuilens, 127 Vleuten NS via Haarzuilens",bus,,,,,,118,,available,,regular,,2013-05-20 00:00:00,N,N,langshalte,0,0,0,0,0,0,0,0,0,N,0,0,0,N,N,N,N,N,N,N,0,N,N,N,N,N,N,N,N,0,N,N,N,N,N,N,,,,,N,N
5.12619878482514,52.116711883233755,PUT,NL:Q:59151310,59151310,0,,Oderdreef,,,Utrecht,,GM0344,Utrecht,Utrecht,,G,,Elbedreef,,,"1 Hoograven via Utrecht CS, 1 Hoograven via Utrecht CS",bus,,,,,,121,,available,,regular,,2011-03-28 14:32:00,Y,Y,langshalte,0,0,20,0,"0,18","2,40","2,40",20,1,N,0,"2,40","0,09",Y,Y,N,N,N,N,Y,0,N,Y,Y,Y,Y,N,Y,N,0,N,N,Y,N,Y,Y,0,F47EA322-137A-48E4-943E895CA7EBD415.JPG,2011-03-21 15:34:12,,N,N
5.125759264231313,52.116971562675168,PUT,NL:Q:59151320,59151320,0,,Oderdreef,,,Utrecht,,GM0344,Utrecht,Utrecht,,G,,Elbedreef,,,"1 Overvecht via Utrecht CS, 1 Overvecht via Utrecht CS",bus,,,,,,301,,available,,regular,,2012-08-14 12:30:00,N,Y,langshalte,0,0,18,0,"0,18","1,40","1,40",20,1,N,0,"1,40","0,09",Y,Y,N,N,N,N,Y,0,N,Y,Y,Y,Y,N,Y,N,0,N,N,Y,N,Y,Y,0,E93DAB51-8516-4F21-82072172221E5496.JPG,2011-03-21 15:30:06,,N,N
5.101601355743075,52.106992748724139,PUT,NL:Q:50003630,50003630,0,,Ondiep,,,Utrecht,,GM0344,Utrecht,Utrecht,,G,,Laan van Chartroise,,,"16 Vechtsebanen via Zuilen, 34 Maarssen via Zuilen, 36 Maarssen via Zuilen, 16 Vechtsebanen via Zuilen, 34 Maarssen via Zuilen, 36 Maarssen via Zuilen",bus,,,,,,293,,available,,regular,,2013-05-20 00:00:00,N,N,langshalte,0,0,0,0,0,0,0,0,0,N,0,0,0,N,N,N,N,N,N,N,0,N,N,N,N,N,N,N,N,0,N,N,N,N,N,N,,,,,N,N
5.102581735930303,52.106617620746377,PUT,NL:Q:50003640,50003640,0,,Ondiep,,,Utrecht,,GM0344,Utrecht,Utrecht,,G,,Laan van Chartroise,,,"16 Utrecht CS Centrumzijde, 34 Utrecht CS via Maarssen-D, 36 Utrecht CS via Maarssen-D, 16 Utrecht CS Centrumzijde, 34 Utrecht CS via Maarssen-D, 36 Utrecht CS via Maarssen-D",bus,,,,,,110,,available,,regular,,2013-05-20 00:00:00,N,N,langshalte,0,0,0,0,0,0,0,0,0,N,0,0,0,N,N,N,N,N,N,N,0,N,N,N,N,N,N,N,N,0,N,N,N,N,N,N,,,,,N,N
5.138259245608351,52.095589098901428,PUT,NL:Q:50000650,50000650,0,,Oorsprongpark,,,Utrecht,,GM0344,Utrecht,Utrecht,,G,,Biltstraat,,,"251 Zeist Handelsc. via Zeist-Centr., 28 De Uithof P+R via Utrecht CS, 28 Rijnsweerd via Utrecht CS, 4 Diakonessenhuis via Biltstraat, 412 Zeist via De Uithof, 441 Wijk bij Duurstede, 452 Amersfoort via Vollenhove, 51 Drieb.-Zeist NS via Kerckebosch, 52 Amersfoort via Vollenhove, 52 Soesterberg via Vollenhove, 52 Zeist via Vollenhove, 53 Zeist via Vollenhove, 74 Zeist via Utrecht CS, 77 Bilthoven via Utrecht CS, 77 Sartreweg, 450 Amerongen Dorp , 50 Amerongen Dorp , 50 Doorn Postkantoor, 50 Driebergen-Zeist Station, 50 Wageningen Busstation, 450 Amerongen Dorp , 50 Amerongen Dorp , 50 Doorn Postkantoor, 50 Driebergen-Zeist Station, 50 Wageningen Busstation, 251 Zeist Handelsc. via Zeist-Centr., 28 De Uithof P+R via Utrecht CS, 28 Rijnsweerd via Utrecht CS, 4 Diakonessenhuis via Biltstraat, 412 Zeist via De Uithof, 441 Wijk bij Duurstede, 452 Amersfoort via Vollenhove, 51 Drieb.-Zeist NS via Kerckebosch, 52 Amersfoort via Vollenhove, 52 Soesterberg via Vollenhove, 52 Zeist via Vollenhove, 53 Zeist via Vollenhove, 74 Zeist via Utrecht CS, 77 Bilthoven via Utrecht CS, 77 Sartreweg",bus,nl.bus.50000650,,,,,89,,available,,regular,,2012-08-05 09:56:00,Y,Y,langshalte,0,0,60,0,"0,18","1,50","1,50",60,1,N,0,"1,50","0,12",N,Y,N,N,N,N,Y,0,N,Y,Y,Y,Y,N,Y,N,0,N,N,Y,N,Y,Y,0,F06DE0EB-6E15-4B30-91F38B09B675E7BD.JPG,2012-08-06 09:55:11,,N,N
5.137646189673916,52.095614767305705,PUT,NL:Q:50000660,50000660,0,,Oorsprongpark,,,Utrecht,,GM0344,Utrecht,Utrecht,,G,,Biltstraat,,,"251 Utrecht CS via Zeist-Centr., 28 De Meern-Oost via Utrecht CS, 28 Vleuterweide via Centrum, 4 Utrecht CS via Biltstraat, 412 Utrecht CS Centrumzijde, 441 Utrecht CS Centrumzijde, 447 Houten via Lunetten, 452 Utrecht CS Centrumzijde, 474 Vianen via Galecop, 477 Utrecht CS Centrumzijde, 495 IJsselstein via Jutphaas, 51 Utrecht CS via Kerckebosch, 52 Utrecht CS Centrumzijde, 52 Utrecht CS via Zeist, 53 Utrecht CS Centrumzijde, 74 Nieuwegein-C via Utrecht CS, 74 Vianen via Utrecht CS, 77 Nieuwegein-C via Utrecht CS, 77 Nieuwegein-Z via Utrecht CS, 407 Oudewater , 407 Utrecht CS , 450 Amerongen Dorp , 50 Utrecht CS , 251 Utrecht CS via Zeist-Centr., 28 De Meern-Oost via Utrecht CS, 28 Vleuterweide via Centrum, 4 Utrecht CS via Biltstraat, 412 Utrecht CS Centrumzijde, 441 Utrecht CS Centrumzijde, 447 Houten via Lunetten, 452 Utrecht CS Centrumzijde, 474 Vianen via Galecop, 477 Utrecht CS Centrumzijde, 495 IJsselstein via Jutphaas, 51 Utrecht CS via Kerckebosch, 52 Utrecht CS Centrumzijde, 52 Utrecht CS via Zeist, 53 Utrecht CS Centrumzijde, 74 Nieuwegein-C via Utrecht CS, 74 Vianen via Utrecht CS, 77 Nieuwegein-C via Utrecht CS, 77 Nieuwegein-Z via Utrecht CS, 407 Oudewater , 407 Utrecht CS , 450 Amerongen Dorp , 50 Utrecht CS",bus,nl.bus.50000650,,,,,269,,available,,regular,,2012-08-05 09:57:00,Y,Y,langshalte,0,0,60,0,"0,18","1,50","1,50",60,1,N,0,"1,50","0,12",N,Y,N,N,N,N,Y,0,N,Y,Y,Y,Y,N,Y,N,0,N,N,Y,N,Y,Y,0,84455F3E-8711-422F-932004B249819E33.JPG,2012-08-06 09:56:34,,N,N
5.132886093819344,52.085825586793462,PUT,NL:Q:50006890,50006890,0,,Oosterstraat,,,Utrecht,,GM0344,Utrecht,Utrecht,,G,,Homeruslaan,,,"8 Diakonessenhuis via Utrecht CS, 8 Diakonessenhuis via Utrecht CS",bus,,,,,,111,,available,,regular,,2013-05-20 00:00:00,N,N,langshalte,0,0,0,0,0,0,0,0,0,N,0,0,0,N,N,N,N,N,N,N,0,N,N,N,N,N,N,N,N,0,N,N,N,N,N,N,,,,,N,N
5.132842222243349,52.085843468294989,PUT,NL:Q:50006900,50006900,0,,Oosterstraat,,,Utrecht,,GM0344,Utrecht,Utrecht,,G,,Homeruslaan,,,"8 Lunetten via Utrecht CS, 8 Lunetten via Utrecht CS",bus,,,,,,291,,available,,regular,,2013-05-20 00:00:00,N,N,langshalte,0,0,0,0,0,0,0,0,0,N,0,0,0,N,N,N,N,N,N,N,0,N,N,N,N,N,N,N,N,0,N,N,N,N,N,N,,,,,N,N
5.03626656295159,52.080822862804467,PUT,NL:Q:51110120,51110120,0,,Oranjelaan,,,de meern,,GM0344,Utrecht,Utrecht,,G,,Meerndijk,,,"107 Utrecht CS/Jaarbeurs, 407 Utrecht CS , 107 Utrecht CS/Jaarbeurs, 407 Utrecht CS",bus,,,,,,30,,available,,regular,,2014-09-01 10:50:00,N,N,haltehaven,3,"2,4",10,"21,4","0,12","0,70","0,70",0,"0,70",N,0,"1,20","0,12",N,N,N,N,N,N,Y,0,N,Y,Y,Y,Y,Y,Y,N,0,N,N,Y,Y,N,N,,A4DED6B0-9683-4C44-B7A883CE381ADA6B.jpg,2014-12-05 15:44:29,,N,N
5.035674525012495,52.080048121151286,PUT,NL:Q:51110130,51110130,0,,Oranjelaan,,,de meern,,GM0344,Utrecht,Utrecht,,G,,Meerndijk,,,"107 Gouda Station, 107 Montfoort , 107 Montfoort Kasteelplein, 107 Oudewater , 407 Oudewater , 407 Utrecht CS , 107 Gouda Station, 107 Montfoort , 107 Montfoort Kasteelplein, 107 Oudewater , 407 Oudewater , 407 Utrecht CS",bus,,,,,,210,,available,,regular,,2014-09-01 10:42:00,N,N,haltehaven,"2,5","4,3",14,"19,4","0,12","0,40","0,40",0,"0,30",Y,1,"0,30",0,N,N,N,N,N,N,Y,0,N,N,Y,N,N,N,N,N,0,N,N,Y,N,N,N,,C86E10D1-FA57-48EF-89F824AF78DC2CF1.jpg,2014-12-05 15:44:36,,N,N
5.11052748314119,52.119947809567002,PUT,NL:Q:59150790,59150790,0,,Oranjerivierdreef,,,Utrecht,,GM0344,Utrecht,Utrecht,,G,,Oranjerivierdreef,,,"9 Utrecht CS Centrumzijde, 9 Utrecht CS Centrumzijde",bus,nl.bus.59150790,,,,,107,,available,,regular,,2011-02-01 08:50:00,Y,Y,langshalte,0,0,"18,9",0,"0,18",2,2,"18,90",1,N,0,"1,80","0,09",Y,Y,N,N,N,N,Y,0,N,Y,Y,Y,Y,N,Y,N,0,N,N,Y,N,Y,Y,0,51919EF8-B440-4EB9-8081125B615EC3C0.JPG,2011-02-02 08:49:47,,N,N
5.11101036863508,52.119778168653504,PUT,NL:Q:59150800,59150800,0,,Oranjerivierdreef,,,Utrecht,,GM0344,Utrecht,Utrecht,,G,,Kasaidreef,,,"9 Overvecht-Noord via Talmalaan, 9 Overvecht-Noord via Talmalaan",bus,nl.bus.59150790,,,,,290,,available,,regular,,2011-02-01 08:46:00,Y,Y,langshalte,0,0,"18,5",0,"0,18","3,40","3,40","18,50",1,N,0,2,"0,09",Y,Y,N,N,N,N,Y,0,N,Y,Y,Y,Y,N,Y,N,0,N,N,Y,N,N,N,,,,,N,N
5.085008874722122,52.125808307973699,PUT,NL:Q:59151810,59151810,0,,Oregondreef,,,Utrecht,,GM0344,Utrecht,Utrecht,,G,,Mississippidreef,,,"6 Utrecht CS Centrumzijde, 6 Utrecht CS Centrumzijde",bus,,,,,,302,,available,,regular,,2013-05-20 00:00:00,N,N,langshalte,0,0,0,0,0,0,0,0,0,N,0,0,0,N,N,N,N,N,N,N,0,N,N,N,N,N,N,N,N,0,N,N,N,N,N,N,,,,,N,N
5.086152676952245,52.125101178365831,PUT,NL:Q:59151820,59151820,0,,Oregondreef,,,Utrecht,,GM0344,Utrecht,Utrecht,,G,,Mississippidreef,,,"6 Overvecht-Noord via Nijenoord, 6 Overvecht-Noord via Nijenoord",bus,,,,,,122,,available,,regular,,2013-05-20 00:00:00,N,N,langshalte,0,0,0,0,0,0,0,0,0,N,0,0,0,N,N,N,N,N,N,N,0,N,N,N,N,N,N,N,N,0,N,N,N,N,N,N,,,,,N,N
5.096374117338804,52.12069572305731,PUT,NL:Q:59151930,59151930,0,,Orinocodreef,,,Utrecht,,GM0344,Utrecht,Utrecht,,G,,Japuradreef,,,"6 Utrecht CS Centrumzijde, 6 Utrecht CS Centrumzijde",bus,,,,,,220,,available,,regular,,2013-05-20 00:00:00,N,N,langshalte,0,0,0,0,0,0,0,0,0,N,0,0,0,N,N,N,N,N,N,N,0,N,N,N,N,N,N,N,N,0,N,N,N,N,N,N,,,,,N,N
5.096388601532447,52.120713734825593,PUT,NL:Q:59151940,59151940,0,,Orinocodreef,,,Utrecht,,GM0344,Utrecht,Utrecht,,G,,Japuradreef,,,"6 Overvecht-Noord via Nijenoord, 6 Overvecht-Noord via Nijenoord",bus,,,,,,40,,available,,regular,,2013-05-20 00:00:00,N,N,langshalte,0,0,0,0,0,0,0,0,0,N,0,0,0,N,N,N,N,N,N,N,0,N,N,N,N,N,N,N,N,0,N,N,N,N,N,N,,,,,N,N
5.083384238539845,52.06619525343735,PUT,NL:Q:51111450,51111450,0,,Orteliuslaan,,,Utrecht,,GM0344,Utrecht,Utrecht,,G,,Orteliuslaan,,,"29 Papendorp Zuid, 48 Nieuwegein via L. Rijn NS, 48 Nieuwegein via Papendorp, 29 Papendorp Zuid, 48 Nieuwegein via L. Rijn NS, 48 Nieuwegein via Papendorp, 195 Rotterdam Capelsebrug, 195 Schoonhoven , 207 Oudewater , 295 Rotterdam Capelsebrug, 295 Schoonhoven Henri Dunantpl., 195 Rotterdam CB via Benschop, 195 Schoonhoven via Benschop, 295 Rotterdam Capelsebrug, 295 Schoonhoven, 195 Rotterdam CB via Benschop, 195 Schoonhoven via Benschop, 295 Rotterdam Capelsebrug, 295 Schoonhoven, 195 Rotterdam Capelsebrug, 195 Schoonhoven , 207 Oudewater , 295 Rotterdam Capelsebrug, 295 Schoonhoven Henri Dunantpl.",bus,nl.bus.51111450,,,,,137,,available,,regular,,2013-05-20 00:00:00,N,N,langshalte,0,0,0,0,0,0,0,0,0,N,0,0,0,N,N,N,N,N,N,N,0,N,N,N,N,N,N,N,N,0,N,N,N,N,N,N,,,,,N,N
5.084439041585029,52.065487906887192,PUT,NL:Q:51111471,51111471,0,,Orteliuslaan,,,Utrecht,,GM0344,Utrecht,Utrecht,,G,,,,,"48 Maarssen NS via Papendorp, 48 Papendorp via Nieuwegein, 48 Maarssen NS via Papendorp, 48 Papendorp via Nieuwegein",bus,nl.bus.51111450,,,,,340,,available,,temporary,,2012-03-15 00:00:00,N,N,langshalte,0,0,12,0,"0,10",0,0,0,0,N,0,0,0,N,N,N,N,N,N,Y,0,N,N,Y,N,N,N,N,N,0,N,N,N,N,N,N,,EC9E8FEA-FD83-4E6B-9D161F8E37803E64.jpg,2014-12-05 15:44:43,,N,N
5.051157865836265,52.116243333918675,PUT,NL:Q:59140131,59140131,0,,Otto Hahnweg,,,Utrecht,,GM0344,Utrecht,Utrecht,,G,,Atoomweg,,,"37 Maarssenbroek via Lage Weide, 38 Maarssen NS via Lage Weide, 48 Maarssen NS via Papendorp, 48 Papendorp via Nieuwegein, 37 Maarssenbroek via Lage Weide, 38 Maarssen NS via Lage Weide, 48 Maarssen NS via Papendorp, 48 Papendorp via Nieuwegein",bus,nl.bus.59140131,,,,,275,,available,,regular,,2013-05-20 00:00:00,N,N,langshalte,0,0,0,0,0,0,0,0,0,N,0,0,0,N,N,N,N,N,N,N,0,N,N,N,N,N,N,N,N,0,N,N,N,N,N,N,,,,,N,N
5.051757867621521,52.116056292790041,PUT,NL:Q:59140140,59140140,0,,Otto Hahnweg,,,Utrecht,,GM0344,Utrecht,Utrecht,,G,,Atoomweg,,,"37 Utrecht CS via Maarssenbr, 38 Utrecht CS via Lage Weide, 48 Nieuwegein via L. Rijn NS, 37 Utrecht CS via Maarssenbr, 38 Utrecht CS via Lage Weide, 48 Nieuwegein via L. Rijn NS",bus,nl.bus.59140131,,,,,95,,available,,regular,,2013-05-20 00:00:00,N,N,langshalte,0,0,0,0,0,0,0,0,0,N,0,0,0,N,N,N,N,N,N,N,0,N,N,N,N,N,N,N,N,0,N,N,N,N,N,N,,,,,N,N
5.111800464734298,52.098181751713902,PUT,NL:Q:50001470,50001470,0,,Oudenoord,,,Utrecht,,GM0344,Utrecht,Utrecht,,G,,Oudenoord,,,"16 Utrecht CS Centrumzijde, 34 Utrecht CS via Maarssen-D, 36 Utrecht CS via Maarssen-D, 6 Utrecht CS Centrumzijde, 9 Utrecht CS Centrumzijde, 16 Utrecht CS Centrumzijde, 34 Utrecht CS via Maarssen-D, 36 Utrecht CS via Maarssen-D, 6 Utrecht CS Centrumzijde, 9 Utrecht CS Centrumzijde",bus,,,,,,117,,available,,regular,,2012-08-05 11:25:00,Y,Y,langshalte,0,0,18,0,"0,18","1,50","1,50",18,1,N,0,"1,50","0,09",Y,Y,N,N,N,N,Y,0,N,Y,Y,Y,Y,N,Y,N,0,N,N,Y,N,Y,Y,0,40EA2B1B-7E74-42A4-97119C718B80974D.JPG,2012-08-06 11:24:49,,N,N
5.111097687116278,52.098548618692099,PUT,NL:Q:50001480,50001480,0,,Oudenoord,,,Utrecht,,GM0344,Utrecht,Utrecht,,G,,Oudenoord,,,"16 Vechtsebanen via Zuilen, 34 Maarssen via Zuilen, 36 Maarssen via Zuilen, 6 Nijenoord, 6 Overvecht-Noord via Nijenoord, 9 Overvecht-Noord via Talmalaan, 16 Vechtsebanen via Zuilen, 34 Maarssen via Zuilen, 36 Maarssen via Zuilen, 6 Nijenoord, 6 Overvecht-Noord via Nijenoord, 9 Overvecht-Noord via Talmalaan",bus,,,,,,284,,available,,regular,,2013-05-20 00:00:00,N,N,langshalte,0,0,0,0,0,0,0,0,0,N,0,0,0,N,N,N,N,N,N,N,0,N,N,N,N,N,N,N,N,0,N,N,N,N,N,N,,,,,N,N
5.134235221751428,52.087194675264186,PUT,NL:Q:50006870,50006870,0,,Oudwijkerdwarsstraat,,,Utrecht,,GM0344,Utrecht,Utrecht,,G,,Eikstraat,,,"8 Diakonessenhuis via Utrecht CS, 8 Diakonessenhuis via Utrecht CS",bus,,,,,,228,,available,,regular,,2012-08-14 12:32:00,Y,Y,langshalte,0,0,18,0,"0,18","1,80","1,80",18,1,N,0,"1,80","0,09",Y,Y,N,N,N,N,Y,0,N,Y,N,N,N,N,N,N,0,N,N,Y,N,N,N,,7C091947-174C-4E2A-A7113950043269D7.JPG,2011-07-20 14:02:00,,N,N
5.13493205710551,52.087816344743764,PUT,NL:Q:50006880,50006880,0,,Oudwijkerdwarsstraat,,,Utrecht,,GM0344,Utrecht,Utrecht,,G,,Bolstraat,,,"8 Lunetten via Utrecht CS, 8 Lunetten via Utrecht CS",bus,,,,,,46,,available,,regular,,2012-08-14 12:31:00,Y,Y,langshalte,0,0,18,0,"0,18","1,80","1,80",18,1,N,0,"1,80","0,09",Y,Y,N,N,N,N,Y,0,N,Y,N,N,N,N,N,N,0,N,N,Y,N,N,N,,0681488B-0605-4A96-B7062821A8D76409.JPG,2011-07-20 13:59:48,,N,N
5.09775649477712,52.083093093899251,PUT,NL:Q:50002530,50002530,0,,Overste den Oudenlaan,,,Utrecht,,GM0344,Utrecht,Utrecht,,G,,Admiraal Helfrichlaan,,,"7 Kanaleneiland, 7 Kanaleneiland",bus,,,,,,230,,available,,regular,,2013-05-20 00:00:00,N,N,langshalte,0,0,0,0,0,0,0,0,0,N,0,0,0,N,N,N,N,N,N,N,0,N,N,N,N,N,N,N,N,0,N,N,N,N,N,N,,,,,N,N
5.097746378252238,52.084656995470894,PUT,NL:Q:50002540,50002540,0,,Overste den Oudenlaan,,,Utrecht,,GM0344,Utrecht,Utrecht,,G,,SOWETOBRUG,,,"25 Utrecht CS Jaarbeurszijde, 26 Utrecht CS via Terwijde NS, 7 Voordorp via Utrecht CS, 25 Utrecht CS Jaarbeurszijde, 26 Utrecht CS via Terwijde NS, 7 Voordorp via Utrecht CS",bus,,,,,,53,,available,,regular,,2013-05-20 00:00:00,N,N,langshalte,0,0,0,0,0,0,0,0,0,N,0,0,0,N,N,N,N,N,N,N,0,N,N,N,N,N,N,N,N,0,N,N,N,N,N,N,,,,,N,N
5.178104386744481,52.091217393575995,PUT,NL:Q:50100500,50100500,0,,PR De Uithof,,,Utrecht,,GM0344,Utrecht,Utrecht,,G,,,,,"28 De Uithof P+R via Utrecht CS, 28 Vleuterweide via Centrum, 28 De Uithof P+R via Utrecht CS, 28 Vleuterweide via Centrum",bus,nl.bus.50100500,,,,,140,,available,,regular,,2012-03-15 00:00:00,Y,N,langshalte,0,0,25,0,"0,18",5,5,25,"2,50",N,0,0,0,Y,N,N,N,N,N,Y,0,N,Y,N,Y,N,N,N,N,0,N,N,Y,N,N,N,,F8FFF911-2840-4030-8AF76AE35944EBB9.jpg,2014-12-05 15:45:38,,N,N
5.083406091991282,52.06942204151219,PUT,NL:Q:51111413,51111413,0,,PR Papendorp,,,Utrecht,,GM0344,Utrecht,Utrecht,,G,,Churchilllaan,,,"24 De Meern-Oost via Papendorp, 29 Papendorp Zuid, 102 Woerden Station, 103 Woerden Station (Zuid), 107 Gouda Station, 107 Montfoort , 107 Montfoort Kasteelplein, 107 Oudewater , 195 Rotterdam Capelsebrug, 195 Schoonhoven , 295 Rotterdam Capelsebrug, 295 Schoonhoven Henri Dunantpl., 24 De Meern-Oost via Papendorp, 29 Papendorp Zuid, 195 Rotterdam CB via Benschop, 195 Schoonhoven via Benschop, 295 Rotterdam Capelsebrug, 295 Schoonhoven, 195 Rotterdam CB via Benschop, 195 Schoonhoven via Benschop, 295 Rotterdam Capelsebrug, 295 Schoonhoven, 102 Woerden Station, 103 Woerden Station (Zuid), 107 Gouda Station, 107 Montfoort , 107 Montfoort Kasteelplein, 107 Oudewater , 195 Rotterdam Capelsebrug, 195 Schoonhoven , 295 Rotterdam Capelsebrug, 295 Schoonhoven Henri Dunantpl.",bus,nl.bus.51111413,,,,,240,,available,,regular,,2012-03-15 00:00:00,N,N,langshalte,0,0,34,0,"0,10","1,60","1,40",0,"0,90",N,0,"1,50",0,Y,N,N,N,N,N,Y,0,N,N,Y,N,N,N,N,N,0,N,N,Y,N,N,N,,DD865B92-208B-4D70-9A4E3E883191A08B.jpg,2014-12-05 15:45:44,,N,N
5.083624614153521,52.069458556987662,PUT,NL:Q:51111414,51111414,0,,PR Papendorp,,,Utrecht,,GM0344,Utrecht,Utrecht,,G,,Churchilllaan,,,"24 Utrecht CS via Papendorp, 29 Utrecht CS Jaarbeurszijde, 195 Utrecht CS/West, 195 Utrecht CS/West via Benschop, 295 Utrecht CS/West, 102 Utrecht CS/Jaarbeurs, 103 Utrecht CS/Jaarbeurs, 107 Utrecht CS/Jaarbeurs, 195 Utrecht CS/Jaarbeurs, 295 Utrecht CS/Jaarbeurs, 24 Utrecht CS via Papendorp, 29 Utrecht CS Jaarbeurszijde, 102 Utrecht CS/Jaarbeurs, 103 Utrecht CS/Jaarbeurs, 107 Utrecht CS/Jaarbeurs, 195 Utrecht CS/Jaarbeurs, 295 Utrecht CS/Jaarbeurs, 195 Utrecht CS/West, 195 Utrecht CS/West via Benschop, 295 Utrecht CS/West",bus,nl.bus.51111413,,,,,55,,available,,regular,,2012-03-15 00:00:00,N,N,langshalte,0,0,33,0,"0,10","1,20","1,50",0,"1,10",N,0,"1,50",0,Y,N,N,N,N,N,Y,0,N,N,Y,Y,Y,Y,Y,N,0,N,N,Y,N,N,N,,32CAA17F-4DEA-4AC9-B1D669BD2E49A1E3.jpg,2014-12-05 15:45:51,,N,N
5.106790700767771,52.056914618172662,PUT,NL:Q:50000140,50000140,0,,PR Westraven,,,Utrecht,,GM0344,Utrecht,Utrecht,,G,,Europalaan,,,"265 De Uithof WKZ via Rijnsweerd, 474 Utrecht CS Centrumzijde, 495 Utrecht CS Centrumzijde, 531 Stadion Galgenwaard, 65 Utrecht CS Jaarbeurszijde, 65 Utrecht CS via Plettenburg, 71 Doorn via De Uithof, 71 Drieb.-Zeist NS via De Uithof, 72 Bilthoven via De Uithof, 74 Zeist via Utrecht CS, 77 Bilthoven via Utrecht CS, 265 De Uithof WKZ via Rijnsweerd, 474 Utrecht CS Centrumzijde, 495 Utrecht CS Centrumzijde, 531 Stadion Galgenwaard, 65 Utrecht CS Jaarbeurszijde, 65 Utrecht CS via Plettenburg, 71 Doorn via De Uithof, 71 Drieb.-Zeist NS via De Uithof, 72 Bilthoven via De Uithof, 74 Zeist via Utrecht CS, 77 Bilthoven via Utrecht CS",bus,nl.bus.50000140,,,,,332,,available,,regular,,2013-05-20 00:00:00,N,N,langshalte,0,0,0,0,0,0,0,0,0,N,0,0,0,N,N,N,N,N,N,N,0,N,N,N,N,N,N,N,N,0,N,N,N,N,N,N,,,,,N,N
5.106863264911387,52.056968719521684,PUT,NL:Q:50002180,50002180,0,,PR Westraven,,,Utrecht,,GM0344,Utrecht,Utrecht,,G,,Europalaan,,,"260 Spitstram Utrecht CS Jaarbeursplein, 60 Utrecht CS Jaarbeursplein, 61 Utrecht CS Jaarbeursplein, 260 Spitstram Utrecht CS Jaarbeursplein, 60 Utrecht CS Jaarbeursplein, 61 Utrecht CS Jaarbeursplein",tram,nl.tram.50002180,,,,,322,,available,,regular,,2014-09-24 17:48:00,Y,Y,langshalte,0,0,0,0,"0,74","2,60","2,60","64,60","1,90",Y,"12,20","2,10","0,86",N,Y,Y,Y,Y,Y,Y,0,N,Y,Y,Y,Y,N,Y,N,0,Y,Y,Y,Y,Y,Y,3,7052038B-BD78-474F-B391C5BA62EF220D.jpg,2014-12-05 15:45:58,,N,N
5.106970951839759,52.056070163806147,PUT,NL:Q:51111010,51111010,0,,PR Westraven,,,Utrecht,,GM0344,Utrecht,Utrecht,,G,,Europalaan,,,"265 Nieuwegein-Z via Plettenburg, 474 Vianen via Galecop, 495 IJsselstein via Jutphaas, 531 Vianen via Jutphaas, 65 Nieuwegein Het Klooster, 65 Vianen via Plettenburg, 71 Nieuwegein-C via De Uithof, 72 Nieuwegein-C via De Uithof, 72 Nieuwegein-Z via De Uithof, 74 Nieuwegein-C via Utrecht CS, 74 Vianen via Utrecht CS, 77 Nieuwegein-C via Utrecht CS, 77 Nieuwegein-Z via Utrecht CS, 265 Nieuwegein-Z via Plettenburg, 474 Vianen via Galecop, 495 IJsselstein via Jutphaas, 531 Vianen via Jutphaas, 65 Nieuwegein Het Klooster, 65 Vianen via Plettenburg, 71 Nieuwegein-C via De Uithof, 72 Nieuwegein-C via De Uithof, 72 Nieuwegein-Z via De Uithof, 74 Nieuwegein-C via Utrecht CS, 74 Vianen via Utrecht CS, 77 Nieuwegein-C via Utrecht CS, 77 Nieuwegein-Z via Utrecht CS",bus,nl.bus.50000140,,,,,149,,available,,regular,,2013-05-20 00:00:00,N,N,langshalte,0,0,0,0,0,0,0,0,0,N,0,0,0,N,N,N,N,N,N,N,0,N,N,N,N,N,N,N,N,0,N,N,N,N,N,N,,,,,N,N
5.106397144120892,52.056895704821706,PUT,NL:Q:51112020,51112020,0,,PR Westraven,,,Utrecht,,GM0344,Utrecht,Utrecht,,G,,Europalaan,,,"260 Spitstram Nieuwegein Zuid, 60 Nieuwegein Zuid, 61 IJsselstein Zuid, 61 Utrecht P+R Westraven, 260 Spitstram Nieuwegein Zuid, 60 Nieuwegein Zuid, 61 IJsselstein Zuid, 61 Utrecht P+R Westraven",tram,nl.tram.50002180,,,,,217,,available,,regular,,2014-09-24 17:29:00,Y,Y,langshalte,0,0,0,0,"0,76","2,60","2,60","64,80","1,90",Y,"10,80","2,25","0,76",Y,Y,Y,N,N,N,N,0,N,Y,Y,Y,Y,N,Y,N,0,Y,Y,Y,Y,Y,Y,3,8B4DFC5A-7372-43DA-BCB16F595C4E00B5.jpg,2014-12-05 15:46:04,,N,N
5.166885693888449,52.084815448897217,PUT,NL:Q:50101090,50101090,0,,Padualaan,,,Utrecht,,GM0344,Utrecht,Utrecht,,G,,Padualaan,,,"12 De Uithof AZU via Galgenwaard, 12 De Uithof AZU via Galgenwaard",bus,nl.bus.50101090,,,,,90,,available,,regular,,2012-07-31 12:43:00,Y,Y,langshalte,0,0,36,0,"0,18","1,50","1,50",36,1,N,0,"1,50","0,12",N,Y,N,N,N,N,Y,0,N,Y,Y,Y,Y,N,Y,N,0,N,N,Y,N,Y,Y,0,F0C363BB-8856-4CBF-951CC1F6DC131262.JPG,2012-08-01 12:43:30,,N,N
5.167235665121371,52.084852054507692,PUT,NL:Q:50101100,50101100,0,,Padualaan,,,Utrecht,,GM0344,Utrecht,Utrecht,,G,,Padualaan,,,"12 Utrecht CS Centrumzijde, 12 Utrecht CS Centrumzijde",bus,nl.bus.50101090,,,,,270,,available,,regular,,2012-08-07 12:09:00,Y,Y,langshalte,0,0,36,0,"0,18",2,2,36,1,N,0,"1,20","0,12",N,Y,N,N,N,N,Y,0,N,Y,Y,Y,Y,N,Y,N,0,N,N,Y,N,Y,Y,0,913C97D4-0D61-4621-A5F57E0665101998.JPG,2012-08-01 12:42:02,,N,N
5.078991270062485,52.070911593698717,PUT,NL:Q:51111430,51111430,0,,Papendorp Noord,,,Utrecht,,GM0344,Utrecht,Utrecht,,G,,Orteliuslaan,,,"24 Utrecht CS via Papendorp, 48 Nieuwegein via L. Rijn NS, 48 Nieuwegein via Papendorp, 102 Utrecht CS/Jaarbeurs, 103 Utrecht CS/Jaarbeurs, 107 Utrecht CS/Jaarbeurs, 24 Utrecht CS via Papendorp, 48 Nieuwegein via L. Rijn NS, 48 Nieuwegein via Papendorp, 102 Utrecht CS/Jaarbeurs, 103 Utrecht CS/Jaarbeurs, 107 Utrecht CS/Jaarbeurs",bus,nl.bus.51111430,,,,,150,,available,,regular,,2012-03-15 00:00:00,Y,Y,langshalte,0,0,78,0,"0,18","2,60","2,60",74,"1,80",N,0,"1,80",0,Y,Y,Y,Y,Y,Y,Y,0,N,Y,Y,Y,Y,Y,Y,N,0,N,N,Y,Y,N,N,,DF54702A-127F-4F32-A4F6901FBD80A0A8.jpg,2014-12-05 15:46:11,,N,N
5.078608469246032,52.071431902323944,PUT,NL:Q:51111431,51111431,0,,Papendorp Noord,,,Utrecht,,GM0344,Utrecht,Utrecht,,G,,,,,"24 De Meern-Oost via Papendorp, 48 Maarssen NS via Papendorp, 48 Papendorp via Nieuwegein, 24 De Meern-Oost via Papendorp, 48 Maarssen NS via Papendorp, 48 Papendorp via Nieuwegein, 102 Woerden Station, 103 Woerden Station (Zuid), 107 Gouda Station, 107 Montfoort , 107 Montfoort Kasteelplein, 107 Oudewater , 102 Woerden Station, 103 Woerden Station (Zuid), 107 Gouda Station, 107 Montfoort , 107 Montfoort Kasteelplein, 107 Oudewater",bus,nl.bus.51111430,,,,,330,,available,,regular,,2012-03-15 00:00:00,Y,Y,langshalte,0,0,78,0,"0,18","2,60","2,60",74,"1,80",N,0,"1,80",0,Y,Y,Y,Y,Y,Y,Y,0,N,Y,Y,Y,Y,Y,Y,N,0,N,N,Y,Y,N,N,,BAA69F66-81DB-4E7C-8FD4253AC978C4D8.jpg,2014-12-05 15:46:18,,N,N
5.085519948773603,52.065230023390789,PUT,NL:Q:51111470,51111470,0,,Papendorp Zuid,,,Utrecht,,GM0344,Utrecht,Utrecht,,G,,Groenewoudsedijk,,,"29 Papendorp Zuid, 29 Utrecht CS Jaarbeurszijde, 195 Utrecht CS/West, 195 Utrecht CS/West via Benschop, 295 Utrecht CS/West, 195 Utrecht CS/Jaarbeurs, 207 Utrecht CS/Jaarbeurs, 295 Utrecht CS/Jaarbeurs, 195 Utrecht CS/Jaarbeurs, 207 Utrecht CS/Jaarbeurs, 295 Utrecht CS/Jaarbeurs, 29 Papendorp Zuid, 29 Utrecht CS Jaarbeurszijde, 195 Utrecht CS/West, 195 Utrecht CS/West via Benschop, 295 Utrecht CS/West",bus,nl.bus.51111470,,,,,73,,available,,regular,,2013-05-20 00:00:00,N,N,langshalte,0,0,0,0,0,0,0,0,0,N,0,0,0,N,N,N,N,N,N,N,0,N,N,N,N,N,N,N,N,0,N,N,N,N,N,N,,,,,N,N
5.093569175867612,52.063120169721067,PUT,NL:Q:51111480,51111480,0,,Papendorpseweg,,,Utrecht,,GM0344,Utrecht,Utrecht,,G,,Papendorpseweg,,,"48 Maarssen NS via Papendorp, 48 Papendorp via Nieuwegein, 48 Maarssen NS via Papendorp, 48 Papendorp via Nieuwegein",bus,,,,,,320,,available,,regular,,2012-03-15 00:00:00,Y,Y,langshalte,0,0,58,0,"0,18",3,3,46,"1,80",N,0,"1,80",0,Y,Y,Y,Y,Y,N,Y,0,N,N,Y,N,N,N,N,N,0,N,N,Y,N,N,N,,0D0E4E5D-7437-4A59-8BE3E1609FB815CA.jpg,2014-12-05 15:46:24,,N,N
5.093599637251259,52.062922507107153,PUT,NL:Q:51111490,51111490,0,,Papendorpseweg,,,Utrecht,,GM0344,Utrecht,Utrecht,,G,,Papendorpseweg,,,"48 Nieuwegein via L. Rijn NS, 48 Nieuwegein via Papendorp, 48 Nieuwegein via L. Rijn NS, 48 Nieuwegein via Papendorp",bus,,,,,,140,,available,,regular,,2012-03-15 00:00:00,Y,Y,langshalte,0,0,44,0,"0,18",3,3,38,"2,70",N,0,"1,80",0,Y,Y,Y,Y,N,N,Y,0,N,N,Y,N,N,N,N,N,0,N,N,Y,N,N,N,,5256AEA9-3C16-44CC-915A575440C78873.jpg,2014-12-05 15:46:31,,N,N
5.086470002364999,52.093131493456454,PUT,NL:Q:50001930,50001930,0,,Paramaribostraat,,,Utrecht,,GM0344,Utrecht,Utrecht,,G,,Laan van Nieuw Guinea,,,"14 Transwijk via Kan'eiland, 14 Transwijk via Kan'eiland",bus,,,,,,122,,available,,regular,,2012-03-15 00:00:00,N,Y,langshalte,0,0,8,0,"0,08","1,50","1,50",0,"1,50",N,0,"1,50","0,04",Y,Y,Y,Y,N,N,Y,0,N,N,Y,N,N,N,N,Y,12,N,N,Y,N,N,N,,131825FB-5A40-498A-B590965FA2686292.jpg,2014-12-05 15:46:37,,N,N
5.086484594500405,52.09313153067361,PUT,NL:Q:50001940,50001940,0,,Paramaribostraat,,,Utrecht,,GM0344,Utrecht,Utrecht,,G,,Laan van Nieuw Guinea,,,"14 Transwijk via Kan'eiland, 14 Transwijk via Kan'eiland",bus,,,,,,303,,available,,regular,,2012-03-15 00:00:00,N,Y,langshalte,0,0,8,0,"0,08","1,40","1,40",0,"1,40",N,0,"1,50",0,Y,Y,Y,Y,N,N,Y,0,N,N,Y,N,N,N,N,Y,12,N,N,Y,N,N,N,,A8ED1D78-3596-42B3-A5C60EFE4BF0854B.jpg,2014-12-05 15:46:44,,N,N
5.104300704443948,52.116391756642486,PUT,NL:Q:59151990,59151990,0,,Paranadreef,,,Utrecht,,GM0344,Utrecht,Utrecht,,G,,Amazonedreef,,,"6 Utrecht CS Centrumzijde, 6 Utrecht CS Centrumzijde",bus,,,,,,122,,available,,regular,,2013-05-20 00:00:00,N,N,langshalte,0,0,0,0,0,0,0,0,0,N,0,0,0,N,N,N,N,N,N,N,0,N,N,N,N,N,N,N,N,0,N,N,N,N,N,N,,,,,N,N
5.104168737639238,52.116481320396176,PUT,NL:Q:59152000,59152000,0,,Paranadreef,,,Utrecht,,GM0344,Utrecht,Utrecht,,G,,Amazonedreef,,,"6 Overvecht-Noord via Nijenoord, 6 Overvecht-Noord via Nijenoord",bus,,,,,,302,,available,,regular,,2013-05-20 00:00:00,N,N,langshalte,0,0,0,0,0,0,0,0,0,N,0,0,0,N,N,N,N,N,N,N,0,N,N,N,N,N,N,N,N,0,N,N,N,N,N,N,,,,,N,N
5.033192713555678,52.100560521954613,PUT,NL:Q:51114600,51114600,0,,Parkzichtlaan,,,Utrecht,,GM0344,Utrecht,Utrecht,,G,,,,,"26 Vleuterweide via Langerak, 26 Vleuterweide via Langerak",bus,nl.bus.51114600,,,,,273,,available,,regular,,2012-08-08 13:26:00,Y,Y,haltehaven,"2,5",10,36,15,"0,18","1,50","1,50",36,1,N,0,"1,50","0,09",Y,Y,N,N,N,N,Y,0,N,Y,Y,N,N,N,N,N,0,N,N,N,N,N,N,,944C2A57-2AD2-441F-A9E4B9F8E289410E.JPG,2012-08-09 13:26:00,,N,N
5.035149367128324,52.100440547040783,PUT,NL:Q:51114701,51114701,0,,Parkzichtlaan,,,Utrecht,,GM0344,Utrecht,Utrecht,,G,,Utrechtseweg,,,"26 Utrecht CS via Terwijde NS, 26 Utrecht CS via Terwijde NS",bus,nl.bus.51114600,,,,,90,,available,,regular,,2012-03-15 00:00:00,Y,Y,haltehaven,"2,9","13,4","36,8","8,4","0,18","1,60","1,60","31,80","1,30",N,0,"1,50",0,Y,Y,Y,Y,Y,Y,Y,0,N,Y,Y,Y,Y,Y,Y,N,0,N,N,Y,Y,N,N,,80CD0A60-46DB-4142-BAEC80C831754737.jpg,2014-12-05 15:46:51,,N,N
5.07263188600737,52.116599166748557,PUT,NL:Q:59150350,59150350,0,,Patrimoniumstraat,,,utrecht,,GM0344,Utrecht,Utrecht,,G,,Amsterdamsestraatweg,,,"120 Amsterdam Station Bijlmer, 120 Loenen ad Vecht , 120 Amsterdam Station Bijlmer, 120 Loenen ad Vecht",bus,,,,,,320,,available,,regular,,2012-03-15 00:00:00,N,N,langshalte,0,0,18,0,0,"3,20","3,20",0,0,Y,"3,20",3,0,N,N,N,N,N,N,Y,0,N,N,Y,N,N,N,N,N,0,N,N,Y,N,N,N,,7A4BB5F9-A126-4DD7-9D865D09820B55E3.jpg,2014-12-05 15:46:57,,N,N
5.071914784982634,52.116839929255683,PUT,NL:Q:59150360,59150360,0,,Patrimoniumstraat,,,utrecht,,GM0344,Utrecht,Utrecht,,G,,Amsterdamsestraatweg,,,"120 Utrecht Centraal, 120 Utrecht Centraal",bus,,,,,,140,,available,,regular,,2012-03-15 00:00:00,N,N,langshalte,0,0,"4,5",0,"0,12","2,10",0,0,"1,50",Y,"2,10","1,50",0,N,N,N,N,N,N,Y,0,N,N,Y,N,N,N,N,N,0,N,N,Y,N,N,N,,7FA68A83-50A3-4D7C-8D4BD007B0207941.jpg,2014-12-05 15:47:04,,N,N
5.145472932670771,52.110928713918931,PUT,NL:Q:50001650,50001650,0,,Pedro Luis Brionstraat,,,Utrecht,,GM0344,Utrecht,Utrecht,,G,,Aartsbiss Romerostraat,,,"5 Kanaleneiland via Utrecht CS, 5 Kanaleneiland via Utrecht CS",bus,,,,,,198,,available,,regular,,2011-03-28 14:28:00,Y,Y,langshalte,0,0,16,0,"0,18","1,50","1,50",16,1,N,0,"1,50","0,09",Y,Y,N,N,N,N,Y,0,N,Y,Y,Y,Y,N,Y,N,0,N,N,Y,N,N,N,,FCADECF5-A806-48E4-A81C7FEFBD6C5A00.JPG,2011-03-22 11:51:47,,N,N
5.145314445285265,52.110541903785354,PUT,NL:Q:50001660,50001660,0,,Pedro Luis Brionstraat,,,Utrecht,,GM0344,Utrecht,Utrecht,,G,,Pedro Luis Brionstraat,,,"5 Voordorp, 5 Voordorp",bus,,,,,,28,,available,,regular,,2011-03-28 14:28:00,Y,Y,langshalte,0,0,16,0,"0,18","1,50","1,50",16,1,N,0,"1,50","0,09",Y,Y,N,N,N,N,Y,0,N,Y,Y,N,N,N,N,N,0,N,N,Y,N,N,N,,D04775C8-078F-4C0C-A93AF3AE215ED852.JPG,2011-03-22 11:48:26,,N,N
5.105394988159337,52.125768887157747,PUT,NL:Q:59150730,59150730,0,,Pekingdreef,,,Utrecht,,GM0344,Utrecht,Utrecht,,G,,Tigrisdreef,,,"9 Utrecht CS Centrumzijde, 9 Utrecht CS Centrumzijde",bus,,,,,,112,,available,,regular,,2011-03-20 14:28:00,Y,Y,langshalte,0,18,0,0,"0,18","2,50","2,50",18,1,N,0,"2,50","0,09",Y,Y,N,N,N,N,Y,0,N,Y,Y,Y,Y,N,Y,N,0,N,N,Y,N,N,N,,7106F190-AE66-4BCB-95B4472D0FC870FC.JPG,2011-03-21 14:28:34,,N,N
5.10470695143741,52.126036882185304,PUT,NL:Q:59150740,59150740,0,,Pekingdreef,,,Utrecht,,GM0344,Utrecht,Utrecht,,G,,Bombaydreef,,,"9 Overvecht-Noord via Talmalaan, 9 Overvecht-Noord via Talmalaan",bus,,,,,,287,,available,,regular,,2011-03-20 14:30:00,Y,Y,langshalte,0,18,0,0,"0,18","2,50","2,50",18,1,N,0,"2,50","0,09",Y,Y,N,N,N,N,Y,0,N,Y,Y,Y,Y,N,Y,N,0,N,N,Y,N,N,N,,8732D10C-5F6F-447D-B69757B996248AB3.JPG,2011-03-21 14:29:37,,N,N
5.087114999835761,52.077466905546295,PUT,NL:Q:50002290,50002290,0,,Peltlaan,,,Utrecht,,GM0344,Utrecht,Utrecht,,G,,Marshalllaan,,,"7 Voordorp via Utrecht CS, 7 Voordorp via Utrecht CS",bus,,,,,,340,,available,,regular,,2012-03-15 00:00:00,Y,Y,langshalte,0,0,22,0,"0,18","1,80",5,18,"1,50",N,0,"1,50",0,Y,Y,Y,Y,Y,Y,Y,0,N,Y,Y,Y,Y,Y,Y,N,0,N,N,Y,Y,Y,Y,3,7496F6C8-5499-4BD9-B2FF813FE25BC22E.jpg,2014-12-05 15:47:11,,N,N
5.086838932166605,52.077304416708067,PUT,NL:Q:50002300,50002300,0,,Peltlaan,,,Utrecht,,GM0344,Utrecht,Utrecht,,G,,Marshalllaan,,,"7 Kanaleneiland, 7 Kanaleneiland",bus,,,,,,160,,available,,regular,,2012-03-15 00:00:00,N,Y,langshalte,0,0,22,0,0,5,5,18,"1,50",N,0,2,0,Y,Y,Y,Y,Y,Y,Y,0,N,Y,Y,Y,Y,Y,Y,N,0,N,N,N,Y,Y,Y,3,556F12FD-82F6-4C0A-BDCCB495B5D1A697.jpg,2014-12-05 15:47:18,,N,N
5.140983582858245,52.08316432991294,PUT,NL:Q:50007520,50007520,0,,Pieter Breughelstraat,,,Utrecht,,GM0344,Utrecht,Utrecht,,G,,Jan van Scorelstraat,,,"18 Oorsprongpark, 4 Utrecht CS via Biltstraat, 18 Oorsprongpark, 4 Utrecht CS via Biltstraat",bus,,,,,,50,,available,,regular,,2013-05-20 00:00:00,N,N,langshalte,0,0,0,0,0,0,0,0,0,N,0,0,0,N,N,N,N,N,N,N,0,N,N,N,N,N,N,N,N,0,N,N,N,N,N,N,,,,,N,N
5.093782050245372,52.112959592795832,PUT,NL:Q:59150620,59150620,0,,Pionstraat,,,Utrecht,,GM0344,Utrecht,Utrecht,,G,,Adriaan van Bergenplein,,,"16 Utrecht CS Centrumzijde, 34 Utrecht CS via Maarssen-D, 16 Utrecht CS Centrumzijde, 34 Utrecht CS via Maarssen-D",bus,nl.bus.59150620,,,,,119,,available,,regular,,2012-08-05 11:52:00,Y,Y,langshalte,0,0,18,0,"0,18","1,50","1,50",20,1,N,0,"1,50","0,09",Y,Y,N,N,N,N,Y,0,N,Y,Y,Y,Y,N,Y,N,0,N,N,Y,N,Y,Y,0,C9567D11-5ACB-4566-B3584BD4E1032519.JPG,2012-08-06 11:51:53,,N,N
5.093606394637895,52.113031060016731,PUT,NL:Q:59150630,59150630,0,,Pionstraat,,,Utrecht,,GM0344,Utrecht,Utrecht,,G,,Adriaan van Bergenplein,,,"16 Vechtsebanen via Zuilen, 34 Maarssen via Zuilen, 16 Vechtsebanen via Zuilen, 34 Maarssen via Zuilen",bus,nl.bus.59150620,,,,,294,,available,,regular,,2012-08-05 11:53:00,Y,Y,langshalte,0,0,18,0,"0,18","1,80","1,80",20,1,N,0,"1,50","0,09",Y,Y,N,N,N,N,Y,0,N,Y,Y,Y,Y,N,Y,N,0,N,N,Y,N,Y,Y,0,2513DB85-B31F-4A52-840A847D6D41A376.JPG,2012-08-06 11:53:04,,N,N
4.993766112703294,52.127768310552803,PUT,NL:Q:59230150,59230150,0,,Polderweg,,,Haarzuilens,,GM0344,Utrecht,Utrecht,,G,,Polderweg,,,"127 Kockengen via Haarzuilens, 127 Vleuten NS via Haarzuilens, 127 Vleuten NS via Haarzuilens, 127 Kockengen via Haarzuilens",bus,,,,,,304,,available,,regular,,2013-05-20 00:00:00,N,N,langshalte,0,0,0,0,0,0,0,0,0,N,0,0,0,N,N,N,N,N,N,N,0,N,N,N,N,N,N,N,N,0,N,N,N,N,N,N,,,,,N,N
5.086686520952224,52.113031607918188,PUT,NL:Q:59151590,59151590,0,,Prins Bernhardlaan,,,Utrecht,,GM0344,Utrecht,Utrecht,,G,,Prins Bernhardlaan,,,"3 Utrecht CS Centrumzijde, 32 De Uithof WKZ via Rijnsweerd, 36 Utrecht CS via Maarssen-D, 3 Utrecht CS Centrumzijde, 32 De Uithof WKZ via Rijnsweerd, 36 Utrecht CS via Maarssen-D",bus,,,,,,122,,available,,regular,,2012-08-05 12:01:00,Y,Y,langshalte,0,0,18,0,"0,18","1,80","1,80",22,1,N,0,"1,50","0,09",Y,Y,N,N,N,N,Y,0,N,Y,Y,Y,Y,N,Y,N,0,N,N,Y,N,N,N,,64F87BF0-BEE1-41CF-822D22430EC26BD2.JPG,2012-08-06 12:00:31,,N,N
5.086947787279031,52.113256974416977,PUT,NL:Q:59151600,59151600,0,,Prins Bernhardlaan,,,Utrecht,,GM0344,Utrecht,Utrecht,,G,,Prins Bernhardlaan,,,"3 Zuilen, 32 Maarssen via Zuilen, 36 Maarssen via Zuilen, 3 Zuilen, 32 Maarssen via Zuilen, 36 Maarssen via Zuilen",bus,,,,,,301,,available,,regular,,2012-08-05 12:00:00,Y,Y,langshalte,0,0,18,0,"0,18","2,10","2,10",22,1,N,0,"1,80","0,09",Y,Y,N,N,N,N,Y,0,N,Y,Y,Y,Y,N,Y,N,0,N,N,Y,N,N,N,,760DB2A3-0E40-45CF-AA7D35FAF0F5F839.JPG,2012-08-06 11:58:30,,N,N
5.083036663488258,52.115197358529876,PUT,NL:Q:59150460,59150460,0,,Prins Bernhardplein,,,Utrecht,,GM0344,Utrecht,Utrecht,,G,,Prins Bernhardlaan,,,"3 Utrecht CS Centrumzijde, 32 De Uithof WKZ via Rijnsweerd, 36 Utrecht CS via Maarssen-D, 3 Utrecht CS Centrumzijde, 32 De Uithof WKZ via Rijnsweerd, 36 Utrecht CS via Maarssen-D",bus,nl.bus.59150460,,,,,122,,available,,regular,,2012-08-14 12:33:00,Y,Y,langshalte,0,0,18,0,"0,18","1,50","1,50","18,90",1,N,0,"1,50","0,09",Y,Y,N,N,N,N,Y,0,N,Y,Y,Y,Y,N,Y,N,0,N,N,Y,N,Y,Y,0,C2516E5A-AA42-4EC2-A52B5BA9E7B8B394.jpg,2012-07-31 13:26:40,,N,N
5.082831354832194,52.11533164953866,PUT,NL:Q:59150530,59150530,0,,Prins Bernhardplein,,,Utrecht,,GM0344,Utrecht,Utrecht,,G,,Prins Bernhardlaan,,,"3 Zuilen, 32 Maarssen via Zuilen, 36 Maarssen via Zuilen, 3 Zuilen, 32 Maarssen via Zuilen, 36 Maarssen via Zuilen",bus,nl.bus.59150460,,,,,300,,available,,regular,,2012-07-30 13:23:00,Y,Y,langshalte,0,0,18,0,"0,18",4,4,"18,90",1,N,0,2,"0,09",Y,Y,N,N,N,N,Y,0,N,Y,Y,Y,Y,N,Y,N,0,N,N,Y,N,N,N,,66CCB1F6-0C16-416A-AD2548249EC01D02.jpg,2012-07-31 13:23:23,,N,N
5.144729023711878,52.086587557234552,PUT,NL:Q:50007490,50007490,0,,Prins Hendriklaan,,,Utrecht,,GM0344,Utrecht,Utrecht,,G,,Jan van Scorelstraat,,,"4 Diakonessenhuis via Biltstraat, 4 Diakonessenhuis via Biltstraat",bus,,,,,,,,available,,regular,,2013-05-20 00:00:00,N,N,langshalte,0,0,0,0,0,0,0,0,0,N,0,0,0,N,N,N,N,N,N,N,0,N,N,N,N,N,N,N,N,0,N,N,N,N,N,N,,,,,N,N
5.14426394737769,52.086254041552657,PUT,NL:Q:50009001,50009001,0,,Prins Hendriklaan,,,Utrecht,,GM0344,Utrecht,Utrecht,,G,,Jan van Scorelstraat,,,"18 Oorsprongpark, 18 Oorsprongpark",bus,,,,,,287,,expired,,temporary,,2012-03-15 00:00:00,N,N,langshalte,0,0,0,0,0,0,0,0,0,N,0,0,0,N,N,N,N,N,N,N,0,N,N,N,N,N,N,N,N,0,N,N,N,N,N,N,,,,,N,N
5.141796616952993,52.09452693492635,PUT,NL:Q:50007410,50007410,0,,Prinsesselaan,,,Utrecht,,GM0344,Utrecht,Utrecht,,G,,Prinsesselaan,,,"4 Diakonessenhuis via Biltstraat, 4 Diakonessenhuis via Biltstraat",bus,,,,,,,,available,,regular,,2011-07-19 13:50:00,Y,Y,langshalte,0,0,18,0,"0,18","2,40","2,40",18,1,N,0,"2,40","0,09",Y,Y,N,N,N,N,Y,0,N,Y,Y,Y,Y,N,Y,N,0,N,N,Y,N,N,N,,09EA04F2-F544-4017-927FFE9814761955.JPG,2011-07-20 13:49:53,,N,N
5.141707877353513,52.094742463504936,PUT,NL:Q:50007420,50007420,0,,Prinsesselaan,,,Utrecht,,GM0344,Utrecht,Utrecht,,G,,Prinsesselaan,,,"4 Utrecht CS via Biltstraat, 4 Utrecht CS via Biltstraat",bus,,,,,,,,available,,regular,,2012-08-14 12:35:00,Y,Y,langshalte,0,0,180,0,"0,18","1,50","1,50",18,1,N,0,"1,50","0,09",Y,Y,N,N,N,N,Y,0,N,Y,N,Y,Y,N,Y,N,0,N,N,Y,N,N,N,,883E6A11-D3B9-4141-8B0012442B1D27B6.JPG,2011-07-20 13:47:35,,N,N
5.131344096543595,52.105443174750718,PUT,NL:Q:50000270,50000270,0,,Prof Dieperinklaan,,,Utrecht,,GM0344,Utrecht,Utrecht,,G,,Eykmanlaan,,,"55 Maartensdijk via Tuindorp, 55 Maartensdijk via Tuindorp",bus,,,,,,31,,available,,regular,,2011-03-28 12:30:00,Y,Y,langshalte,0,0,22,0,"0,18","1,50","1,50",22,1,N,0,"1,50","0,09",Y,Y,N,N,N,N,Y,0,N,Y,Y,Y,Y,N,Y,N,0,N,N,Y,N,N,N,,396946B2-939F-461E-A71895F7EB2D5E71.JPG,2011-03-22 12:38:41,,N,N
5.13116971399835,52.105307975713352,PUT,NL:Q:50000280,50000280,0,,Prof Dieperinklaan,,,Utrecht,,GM0344,Utrecht,Utrecht,,G,,Eykmanlaan,,,"55 Utrecht CS Centrumzijde, 55 Utrecht CS Centrumzijde",bus,,,,,,212,,available,,regular,,2011-03-28 12:29:00,Y,Y,langshalte,0,0,18,0,"0,18","1,80","1,80",18,1,N,0,"1,80","0,09",Y,Y,N,N,N,N,Y,0,N,Y,Y,Y,Y,N,Y,N,0,N,N,Y,N,N,N,,21E5539B-98A1-4AA3-9781AAD2D422C2EF.JPG,2011-03-22 11:59:10,,N,N
5.072847152524028,52.119206272912102,PUT,NL:Q:59150600,59150600,0,,Professor Bavinckstraat,,,Utrecht,,GM0344,Utrecht,Utrecht,,G,,Prof. H. Bavinckstraat,,,"3 Utrecht CS Centrumzijde, 3 Zuilen, 3 Utrecht CS Centrumzijde, 3 Zuilen",bus,nl.bus.59150600,,,,,58,,available,,regular,,2012-08-05 12:15:00,Y,Y,langshalte,0,0,48,0,"0,18","1,50","1,50",52,1,N,0,"1,50","0,09",Y,Y,N,N,N,N,Y,0,N,Y,Y,Y,Y,N,Y,N,0,N,N,Y,N,Y,Y,0,ABA0B6A1-E98E-4074-9B1760807644A36C.JPG,2012-08-06 12:14:15,,N,N
5.054511871664393,52.071653968702783,PUT,NL:Q:51110770,51110770,0,,Proost en Brandt,,,de meern,,GM0344,Utrecht,Utrecht,,G,,Strijkviertel,,,"102 Utrecht CS/Jaarbeurs, 103 Utrecht CS/Jaarbeurs, 107 Utrecht CS/Jaarbeurs, 102 Utrecht CS/Jaarbeurs, 103 Utrecht CS/Jaarbeurs, 107 Utrecht CS/Jaarbeurs",bus,nl.bus.51110770,,,,,,,available,,regular,,2013-05-20 00:00:00,N,N,langshalte,0,0,0,0,0,0,0,0,0,N,0,0,0,N,N,N,N,N,N,N,0,N,N,N,N,N,N,N,N,0,N,N,N,N,N,N,,,,,N,N
5.054889816192815,52.071825809124483,PUT,NL:Q:51110780,51110780,0,,Proost en Brandt,,,de meern,,GM0344,Utrecht,Utrecht,,G,,Strijkviertel,,,"102 Woerden Station, 103 Woerden Station (Zuid), 107 Gouda Station, 107 Montfoort , 107 Montfoort Kasteelplein, 107 Oudewater , 102 Woerden Station, 103 Woerden Station (Zuid), 107 Gouda Station, 107 Montfoort , 107 Montfoort Kasteelplein, 107 Oudewater",bus,nl.bus.51110770,,,,,,,available,,regular,,2013-05-20 00:00:00,N,N,langshalte,0,0,0,0,0,0,0,0,0,N,0,0,0,N,N,N,N,N,N,N,0,N,N,N,N,N,N,N,N,0,N,N,N,N,N,N,,,,,N,N
5.083042393059972,52.09074984912283,PUT,NL:Q:50001950,50001950,0,,Racinelaan,,,Utrecht,,GM0344,Utrecht,Utrecht,,G,,Lessinglaan,,,"10 Leidsche Rijn Ziekenhuis, 14 Transwijk via Kan'eiland, 25 Utrecht CS Jaarbeurszijde, 10 Leidsche Rijn Ziekenhuis, 14 Transwijk via Kan'eiland, 25 Utrecht CS Jaarbeurszijde",bus,,,,,,213,,available,,regular,,2011-04-21 10:19:00,Y,Y,haltehaven,3,24,16,15,"0,18",3,3,16,1,N,0,2,"0,09",Y,Y,N,N,N,N,Y,0,N,Y,Y,Y,Y,N,Y,N,0,N,N,Y,N,Y,Y,0,6921F7FD-C11C-497E-836652F991C4304B.JPG,2011-04-22 10:17:46,,N,N
5.083334464355827,52.090714649916777,PUT,NL:Q:50001960,50001960,0,,Racinelaan,,,Utrecht,,GM0344,Utrecht,Utrecht,,G,,Lessinglaan,,,"10 Leidsche Rijn via Kan'eiland, 14 Transwijk via Kan'eiland, 25 Cartesiusweg via Oog in Al, 10 Leidsche Rijn via Kan'eiland, 14 Transwijk via Kan'eiland, 25 Cartesiusweg via Oog in Al",bus,,,,,,33,,available,,regular,,2011-04-21 10:22:00,Y,Y,haltehaven,3,24,16,15,"0,18","4,10","4,10",16,1,N,0,3,"0,09",Y,Y,N,N,N,N,Y,0,N,Y,Y,Y,Y,N,Y,N,0,N,N,Y,N,Y,Y,0,50FDCDA1-60E5-406F-88AB1197802EFA6D.JPG,2011-04-22 10:21:00,,N,N
5.096241918669723,52.084922934585776,PUT,NL:Q:50002510,50002510,0,,Ravellaan,,,Utrecht,,GM0344,Utrecht,Utrecht,,G,,Franz-Lisztplantsoen,,,"7 Kanaleneiland, 7 Kanaleneiland",bus,,,,,,303,,available,,regular,,2013-05-20 00:00:00,N,N,langshalte,0,0,0,0,0,0,0,0,0,N,0,0,0,N,N,N,N,N,N,N,0,N,N,N,N,N,N,N,N,0,N,N,N,N,N,N,,,,,N,N
5.057143496098593,52.076739650624582,PUT,NL:Q:51110370,51110370,0,,Recreatieplas,,,de meern,,GM0344,Utrecht,Utrecht,,G,,Strijkviertel,,,"102 Utrecht CS/Jaarbeurs, 103 Utrecht CS/Jaarbeurs, 107 Utrecht CS/Jaarbeurs, 102 Utrecht CS/Jaarbeurs, 103 Utrecht CS/Jaarbeurs, 107 Utrecht CS/Jaarbeurs",bus,,,,,,,,available,,regular,,2013-05-20 00:00:00,N,N,langshalte,0,0,0,0,0,0,0,0,0,N,0,0,0,N,N,N,N,N,N,N,0,N,N,N,N,N,N,N,N,0,N,N,N,N,N,N,,,,,N,N
5.05734764441437,52.076749210199615,PUT,NL:Q:51110380,51110380,0,,Recreatieplas,,,de meern,,GM0344,Utrecht,Utrecht,,G,,Strijkviertel,,,"102 Woerden Station, 103 Woerden Station (Zuid), 107 Gouda Station, 107 Montfoort , 107 Montfoort Kasteelplein, 107 Oudewater , 102 Woerden Station, 103 Woerden Station (Zuid), 107 Gouda Station, 107 Montfoort , 107 Montfoort Kasteelplein, 107 Oudewater",bus,,,,,,,,available,,regular,,2013-05-20 00:00:00,N,N,langshalte,0,0,0,0,0,0,0,0,0,N,0,0,0,N,N,N,N,N,N,N,0,N,N,N,N,N,N,N,N,0,N,N,N,N,N,N,,,,,N,N
5.12092024823507,52.0690094281304,PUT,NL:Q:50001310,50001310,0,,Rijnhuizenlaan,,,Utrecht,,GM0344,Utrecht,Utrecht,,G,,W.A. Vultostraat,,,"15 Hoograven, 47 Hoograven via Tolsteeg, 47 Houten via Hoograven, 15 Hoograven, 47 Hoograven via Tolsteeg, 47 Houten via Hoograven",bus,,,,,,197,,available,,regular,,2012-08-01 09:53:00,Y,Y,langshalte,"0,1",0,14,0,"0,18","1,80","1,80",14,1,N,0,"1,80","0,09",Y,Y,N,N,N,N,Y,0,N,Y,Y,Y,Y,N,Y,N,0,N,N,Y,N,N,N,,86F499C0-8571-4D53-ACD96FD22C930C14.JPG,2012-08-02 09:52:42,,N,N
5.121238486419142,52.069450563323478,PUT,NL:Q:50001320,50001320,0,,Rijnhuizenlaan,,,Utrecht,,GM0344,Utrecht,Utrecht,,G,,W.A. Vultostraat,,,"15 Lunetten NS, 15 Smaragdplein, 47 Utrecht CS Centrumzijde, 47 Utrecht CS via Doornkade, 47 Zeist via Utrecht CS, 15 Lunetten NS, 15 Smaragdplein, 47 Utrecht CS Centrumzijde, 47 Utrecht CS via Doornkade, 47 Zeist via Utrecht CS",bus,,,,,,21,,available,,regular,,2012-08-01 09:56:00,Y,Y,langshalte,"0,1",0,18,0,"0,18",18,18,18,1,N,0,"1,80","0,09",Y,Y,N,N,N,N,Y,0,N,Y,Y,Y,Y,N,Y,N,0,N,N,Y,N,N,N,,25F6C2F7-8DF9-4B12-8866EEDAA6F8F4AE.JPG,2012-08-02 09:56:04,,N,N
5.150607679179179,52.092333880583617,PUT,NL:Q:50100410,50100410,0,,Rijnsweerd Noord,,,Utrecht,,GM0344,Utrecht,Utrecht,,G,,Pythagoraslaan,,,"242 De Uithof WKZ via Bunnik NS, 252 Amersfoort via Vollenhove, 265 De Uithof WKZ via Rijnsweerd, 28 De Uithof P+R via Utrecht CS, 28 Rijnsweerd via Utrecht CS, 281 De Uithof WKZ via Rijnsweerd, 283 De Uithof WKZ via Rijnsweerd, 287 De Uithof WKZ via Rijnsweerd, 30 De Uithof WKZ via Rijnsweerd, 30 Leidsche Rijn Ziekenhuis, 31 De Uithof AZU via Rijnsweerd, 32 De Uithof WKZ via Rijnsweerd, 412 Zeist via De Uithof, 71 Doorn via De Uithof, 71 Drieb.-Zeist NS, 71 Drieb.-Zeist NS via De Uithof, 72 Bilthoven NS, 72 Bilthoven via De Uithof, 150 Utrecht Uithof via Blaricum, 276 Amersfoort Campagnergaarde, 296 Amersfoort Kattenbroek, 299 Leusden-Centrum Carpoolplaats, 150 Utrecht Uithof via Blaricum, 276 Amersfoort Campagnergaarde, 296 Amersfoort Kattenbroek, 299 Leusden-Centrum Carpoolplaats, 242 De Uithof WKZ via Bunnik NS, 252 Amersfoort via Vollenhove, 265 De Uithof WKZ via Rijnsweerd, 28 De Uithof P+R via Utrecht CS, 28 Rijnsweerd via Utrecht CS, 281 De Uithof WKZ via Rijnsweerd, 283 De Uithof WKZ via Rijnsweerd, 287 De Uithof WKZ via Rijnsweerd, 30 De Uithof WKZ via Rijnsweerd, 30 Leidsche Rijn Ziekenhuis, 31 De Uithof AZU via Rijnsweerd, 32 De Uithof WKZ via Rijnsweerd, 412 Zeist via De Uithof, 71 Doorn via De Uithof, 71 Drieb.-Zeist NS, 71 Drieb.-Zeist NS via De Uithof, 72 Bilthoven NS, 72 Bilthoven via De Uithof",bus,nl.bus.50100410,,,,,79,,available,,regular,,2012-07-31 12:27:00,Y,Y,langshalte,0,0,36,0,"0,18",2,2,36,1,N,0,2,"0,12",N,Y,N,N,N,N,Y,0,N,Y,Y,Y,Y,N,Y,N,0,N,N,Y,N,Y,Y,6,B62E549D-88DE-49CA-B87A668DC1DBBF43.JPG,2012-08-01 12:27:04,,N,N
5.149922573163884,52.092197683234126,PUT,NL:Q:50100420,50100420,0,,Rijnsweerd Noord,,,Utrecht,,GM0344,Utrecht,Utrecht,,G,,Pythagoraslaan,,,"242 Wijk bij Duurstede, 252 Rijnsweerd via De Uithof, 265 Nieuwegein-Z via Plettenburg, 28 De Meern-Oost via Utrecht CS, 28 Vleuterweide via Centrum, 281 Houten-Zuid via Houten NS, 283 IJsselstein, 287 Vianen Lekbrug, 30 Leidsche Rijn via Overv. NS, 30 Overvecht-Zuid via Overv. NS, 31 Lunetten NS, 32 Maarssen via Zuilen, 71 Nieuwegein-C via De Uithof, 71 Rijnsweerd via De Uithof, 72 Nieuwegein-C via De Uithof, 72 Nieuwegein-Z via De Uithof, 150 Almere Buiten via Blaricum, 276 Utrecht Rijnsweerd Nrd, 296 Utrecht Rijnsweerd Nrd, 299 Utrecht Rijnsweerd Nrd, 242 Wijk bij Duurstede, 252 Rijnsweerd via De Uithof, 265 Nieuwegein-Z via Plettenburg, 28 De Meern-Oost via Utrecht CS, 28 Vleuterweide via Centrum, 281 Houten-Zuid via Houten NS, 283 IJsselstein, 287 Vianen Lekbrug, 30 Leidsche Rijn via Overv. NS, 30 Overvecht-Zuid via Overv. NS, 31 Lunetten NS, 32 Maarssen via Zuilen, 71 Nieuwegein-C via De Uithof, 71 Rijnsweerd via De Uithof, 72 Nieuwegein-C via De Uithof, 72 Nieuwegein-Z via De Uithof, 150 Almere Buiten via Blaricum, 276 Utrecht Rijnsweerd Nrd, 296 Utrecht Rijnsweerd Nrd, 299 Utrecht Rijnsweerd Nrd",bus,nl.bus.50100410,,,,,256,,available,,regular,,2012-03-15 00:00:00,N,N,langshalte,0,0,0,0,0,0,0,0,0,N,0,0,0,N,N,N,N,N,N,N,0,N,N,N,N,N,N,N,N,0,N,N,N,N,N,N,,,,,N,N
5.157707914328639,52.087835908203665,PUT,NL:Q:50100430,50100430,0,,Rijnsweerd Zuid,,,Utrecht,,GM0344,Utrecht,Utrecht,,G,,Archimedeslaan,,,"242 De Uithof WKZ via Bunnik NS, 252 Amersfoort via Vollenhove, 28 De Uithof P+R via Utrecht CS, 28 Rijnsweerd via Utrecht CS, 281 De Uithof WKZ via Rijnsweerd, 283 De Uithof WKZ via Rijnsweerd, 287 De Uithof WKZ via Rijnsweerd, 30 De Uithof WKZ via Rijnsweerd, 30 Leidsche Rijn Ziekenhuis, 31 De Uithof AZU via Rijnsweerd, 32 De Uithof WKZ via Rijnsweerd, 412 Zeist via De Uithof, 71 Doorn via De Uithof, 71 Drieb.-Zeist NS, 71 Drieb.-Zeist NS via De Uithof, 72 Bilthoven NS, 72 Bilthoven via De Uithof, 242 De Uithof WKZ via Bunnik NS, 252 Amersfoort via Vollenhove, 28 De Uithof P+R via Utrecht CS, 28 Rijnsweerd via Utrecht CS, 281 De Uithof WKZ via Rijnsweerd, 283 De Uithof WKZ via Rijnsweerd, 287 De Uithof WKZ via Rijnsweerd, 30 De Uithof WKZ via Rijnsweerd, 30 Leidsche Rijn Ziekenhuis, 31 De Uithof AZU via Rijnsweerd, 32 De Uithof WKZ via Rijnsweerd, 412 Zeist via De Uithof, 71 Doorn via De Uithof, 71 Drieb.-Zeist NS, 71 Drieb.-Zeist NS via De Uithof, 72 Bilthoven NS, 72 Bilthoven via De Uithof, 150 Utrecht Uithof via Blaricum, 276 Amersfoort Campagnergaarde, 296 Amersfoort Kattenbroek, 299 Leusden-Centrum Carpoolplaats, 150 Utrecht Uithof via Blaricum, 276 Amersfoort Campagnergaarde, 296 Amersfoort Kattenbroek, 299 Leusden-Centrum Carpoolplaats",bus,nl.bus.50100430,,,,,114,,available,,regular,,2012-07-31 12:30:00,N,N,langshalte,0,0,0,0,0,0,0,0,0,N,0,0,"0,09",N,N,N,N,N,N,Y,0,N,N,N,N,N,N,N,N,0,N,N,N,N,N,N,,,,,N,N
5.157122770270423,52.088131373874511,PUT,NL:Q:50100440,50100440,0,,Rijnsweerd Zuid,,,Utrecht,,GM0344,Utrecht,Utrecht,,G,,Archimedeslaan,,,"242 Wijk bij Duurstede, 252 Rijnsweerd via De Uithof, 28 De Meern-Oost via Utrecht CS, 28 Vleuterweide via Centrum, 281 Houten-Zuid via Houten NS, 283 IJsselstein, 287 Vianen Lekbrug, 30 Leidsche Rijn via Overv. NS, 30 Overvecht-Zuid via Overv. NS, 31 Lunetten NS, 32 Maarssen via Zuilen, 71 Nieuwegein-C via De Uithof, 71 Rijnsweerd via De Uithof, 72 Nieuwegein-C via De Uithof, 72 Nieuwegein-Z via De Uithof, 150 Almere Buiten via Blaricum, 276 Utrecht Rijnsweerd Nrd, 296 Utrecht Rijnsweerd Nrd, 299 Utrecht Rijnsweerd Nrd, 150 Almere Buiten via Blaricum, 276 Utrecht Rijnsweerd Nrd, 296 Utrecht Rijnsweerd Nrd, 299 Utrecht Rijnsweerd Nrd, 242 Wijk bij Duurstede, 252 Rijnsweerd via De Uithof, 28 De Meern-Oost via Utrecht CS, 28 Vleuterweide via Centrum, 281 Houten-Zuid via Houten NS, 283 IJsselstein, 287 Vianen Lekbrug, 30 Leidsche Rijn via Overv. NS, 30 Overvecht-Zuid via Overv. NS, 31 Lunetten NS, 32 Maarssen via Zuilen, 71 Nieuwegein-C via De Uithof, 71 Rijnsweerd via De Uithof, 72 Nieuwegein-C via De Uithof, 72 Nieuwegein-Z via De Uithof",bus,nl.bus.50100430,,,,,297,,available,,regular,,2012-07-31 12:32:00,Y,Y,langshalte,0,0,36,0,"0,18","2,40","2,40",36,1,N,0,"2,40","0,12",N,Y,N,N,N,N,Y,0,N,Y,Y,Y,Y,N,Y,N,0,N,N,Y,N,Y,Y,6,B5932170-685F-442A-9462576DC92CC7AF.JPG,2012-08-01 12:32:13,,N,N
5.051651374733413,52.071888538798675,PUT,NL:Q:51110890,51110890,0,,Rijnzathe,,,De Meern,,GM0344,Utrecht,Utrecht,,G,,Rijnzathe,,,"24 De Meern-Oost via Papendorp, 24 De Meern-Oost via Papendorp",bus,nl.bus.51110890,,,,,290,,available,,regular,,2014-09-01 13:02:00,N,N,langshalte,0,0,"23,4",0,"0,12","3,60","3,60",0,1,N,0,"1,50",0,Y,N,N,N,N,N,Y,0,N,Y,Y,N,N,N,N,N,0,N,N,Y,N,N,N,,A382C139-AE2D-4644-8F7D9D34713FA8D2.jpg,2014-12-05 15:49:16,,N,N
5.052089602669987,52.071799904439274,PUT,NL:Q:51110900,51110900,0,,Rijnzathe,,,De Meern,,GM0344,Utrecht,Utrecht,,G,,Rijnzathe,,,"24 Utrecht CS via Papendorp, 24 Utrecht CS via Papendorp",bus,nl.bus.51110890,,,,,101,,available,,regular,,2014-09-01 13:06:00,N,N,langshalte,0,0,"23,5",0,"0,12","2,10","2,10",0,"1,20",N,0,"1,80",0,Y,N,N,N,N,N,Y,0,N,Y,Y,Y,Y,Y,Y,N,0,N,N,Y,N,N,N,,98285673-7D0A-4624-B56E2F992D4D333C.jpg,2014-12-05 15:49:23,,N,N
5.051798196693783,52.106789717732468,PUT,NL:Q:51112550,51112550,0,,Rijpwetering,,,Utrecht,,GM0344,Utrecht,Utrecht,,G,,Soestwetering,,,"48 Nieuwegein via L. Rijn NS, 48 Nieuwegein via L. Rijn NS, 48 Maarssen NS via Papendorp, 48 Papendorp via Nieuwegein, 48 Maarssen NS via Papendorp, 48 Papendorp via Nieuwegein",bus,,,,,,297,,available,,regular,,2012-03-15 00:00:00,Y,N,semi-haltehaven,3,0,22,"14,4","0,18","2,40","2,40",22,"1,40",N,0,"1,80","0,02",Y,N,N,N,N,N,Y,0,N,N,Y,N,N,N,N,N,0,N,N,Y,N,N,N,,2471752A-BD97-47EC-904E05D7BE26751C.jpg,2014-12-05 15:49:29,,N,N
5.040763682445535,52.112348394950267,PUT,NL:Q:51112553,51112553,0,,Rioolwaterzuivering,,,Utrecht,,GM0344,Utrecht,Utrecht,,G,,Krommewetering,,,"19 Terwijde via De Wetering, 39 Utrecht CS Jaarbeurszijde, 39 Utrecht CS via Terwijde, 19 Terwijde via De Wetering, 39 Utrecht CS Jaarbeurszijde, 39 Utrecht CS via Terwijde",bus,nl.bus.51112553,,,,,200,,available,,regular,,2012-03-15 00:00:00,N,N,langshalte,0,0,"20,8",0,"0,12","1,20","1,20",0,"1,20",N,0,"1,20",0,Y,N,N,N,N,N,Y,0,N,N,Y,Y,Y,Y,Y,N,0,N,N,Y,Y,N,N,,858FB399-162A-47D2-85F090FC6A9416D1.jpg,2014-12-05 15:49:35,,N,N
5.040835908218991,52.112447475785345,PUT,NL:Q:51112558,51112558,0,,Rioolwaterzuivering,,,Utrecht,,GM0344,Utrecht,Utrecht,,G,,Krommewetering,,,"19 De Wetering via Terwijde, 39 Maarssen NS via Terwijde, 19 De Wetering via Terwijde, 39 Maarssen NS via Terwijde",bus,nl.bus.51112553,,,,,20,,available,,regular,,2012-03-15 00:00:00,N,N,langshalte,0,0,18,0,"0,12","0,70","0,70",0,"0,70",N,0,"0,70",0,N,N,N,N,N,N,Y,0,N,N,Y,N,N,N,N,N,0,N,N,Y,N,N,N,,BBFC632B-FB40-4939-AEE0CAC66967A2AC.jpg,2014-12-05 15:49:42,,N,N
4.999800801386248,52.095377260849524,PUT,NL:Q:51200190,51200190,0,,Rivierkom Zuid,,,Vleuten,,GM0344,Utrecht,Utrecht,,G,,Paardenbloemsingel,,,"26 Utrecht CS via Terwijde NS, 26 Utrecht CS via Terwijde NS",bus,,,,,,28,,available,,regular,,2013-05-20 00:00:00,N,N,langshalte,0,0,0,0,0,0,0,0,0,N,0,0,0,N,N,N,N,N,N,N,0,N,N,N,N,N,N,N,N,0,N,N,N,N,N,N,,,,,N,N
4.999685197426879,52.093561283317015,PUT,NL:Q:51200200,51200200,0,,Rivierkom Zuid,,,Vleuten,,GM0344,Utrecht,Utrecht,,G,,Conferenceperenlaan,,,"26 Vleuterweide via Langerak, 26 Vleuterweide via Langerak",bus,,,,,,101,,available,,regular,,2013-05-20 00:00:00,N,N,langshalte,0,0,0,0,0,0,0,0,0,N,0,0,0,N,N,N,N,N,N,N,0,N,N,N,N,N,N,N,N,0,N,N,N,N,N,N,,,,,N,N
5.129143285778924,52.07199378780912,PUT,NL:Q:50003030,50003030,0,,Robijnlaan,,,Utrecht,,GM0344,Utrecht,Utrecht,,G,,Amethistweg,,,"15 Lunetten NS, 447 Houten via Lunetten, 8 Lunetten via Utrecht CS, 15 Lunetten NS, 447 Houten via Lunetten, 8 Lunetten via Utrecht CS",bus,nl.bus.50003030,,,,,187,,available,,regular,,2012-07-31 14:20:00,Y,Y,langshalte,"0,1",0,18,0,"0,18","2,10","2,10",18,1,N,0,"2,10","0,09",Y,Y,N,N,N,N,Y,0,N,Y,Y,Y,Y,N,Y,N,0,N,N,Y,N,Y,Y,0,1860E386-C6BE-4089-81FDB5EB80842545.JPG,2012-08-01 14:20:19,,N,N
5.129198622344632,52.072515218107853,PUT,NL:Q:50003040,50003040,0,,Robijnlaan,,,Utrecht,,GM0344,Utrecht,Utrecht,,G,,Amethistweg,,,"15 Hoograven, 447 Utrecht CS Centrumzijde, 8 Diakonessenhuis via Utrecht CS, 15 Hoograven, 447 Utrecht CS Centrumzijde, 8 Diakonessenhuis via Utrecht CS",bus,nl.bus.50003030,,,,,7,,available,,regular,,2012-07-31 14:19:00,Y,Y,langshalte,"0,1",0,18,0,"0,18","2,40","2,40",18,1,N,0,"2,40","0,09",Y,Y,N,N,N,N,Y,0,N,Y,Y,Y,Y,N,Y,N,0,N,N,Y,N,Y,Y,0,8802EA35-907F-483F-9E708DE5373080D8.JPG,2012-08-01 14:18:58,,N,N
5.090252653607222,52.070661871976604,PUT,NL:Q:50002570,50002570,0,,Rooseveltlaan,,,Utrecht,,GM0344,Utrecht,Utrecht,,G,,Rooseveltlaan,,,"7 Kanaleneiland, 7 Kanaleneiland",bus,,,,,,137,,available,,regular,,2011-04-04 12:19:00,Y,Y,semi-haltehaven,"3,05",18,0,0,"0,18","3,50","3,50",18,1,N,0,3,"0,09",Y,Y,N,N,N,N,Y,0,N,Y,Y,Y,Y,N,Y,N,0,N,N,N,N,N,N,,B29FBE3B-DDAC-439C-B1A58D0625E1E440.JPG,2011-03-30 15:35:40,,N,N
5.141682448781119,52.091398853871617,PUT,NL:Q:50007430,50007430,0,,Rosarium,,,Utrecht,,GM0344,Utrecht,Utrecht,,G,,Mauritsstraat,,,"4 Diakonessenhuis via Biltstraat, 4 Diakonessenhuis via Biltstraat",bus,nl.bus.50007430,,,,,,,available,,regular,,2011-07-19 13:42:00,Y,Y,langshalte,0,0,18,0,"0,18","2,40","2,40",18,1,N,0,"2,40","0,09",Y,Y,N,N,N,N,Y,0,N,Y,Y,Y,Y,N,Y,N,0,N,N,Y,N,Y,Y,0,E770A987-6962-40F5-AA1ED13AF7E53EF2.JPG,2011-07-20 13:41:28,,N,N
5.141594701674753,52.091434623373807,PUT,NL:Q:50007440,50007440,0,,Rosarium,,,Utrecht,,GM0344,Utrecht,Utrecht,,G,,Mauritsstraat,,,"18 Oorsprongpark, 4 Utrecht CS via Biltstraat, 18 Oorsprongpark, 4 Utrecht CS via Biltstraat",bus,nl.bus.50007430,,,,,292,,available,,regular,,2011-07-19 13:39:00,Y,Y,langshalte,0,0,18,0,"0,18","2,40","2,40",18,1,N,0,"2,40","0,09",Y,Y,N,N,N,N,Y,0,N,Y,Y,Y,Y,N,Y,N,0,N,N,Y,N,Y,Y,0,86B840FD-432B-4FAD-8723578EC5218B4C.JPG,2011-07-20 13:38:57,,N,N
5.114597938911829,52.094143625023193,PUT,NL:Q:50001430,50001430,0,,Rozenstraat,,,Utrecht,,GM0344,Utrecht,Utrecht,,G,,St.-Jacobsstraat,,,"1 Hoograven via Utrecht CS, 16 Utrecht CS Centrumzijde, 34 Utrecht CS via Maarssen-D, 36 Utrecht CS via Maarssen-D, 6 Utrecht CS Centrumzijde, 9 Utrecht CS Centrumzijde, 1 Hoograven via Utrecht CS, 16 Utrecht CS Centrumzijde, 34 Utrecht CS via Maarssen-D, 36 Utrecht CS via Maarssen-D, 6 Utrecht CS Centrumzijde, 9 Utrecht CS Centrumzijde",bus,nl.bus.50001430,,,,,167,,available,,regular,,2012-08-05 10:36:00,Y,Y,langshalte,0,0,18,0,"0,18","1,80","1,80",18,1,N,0,"1,20","0,09",Y,Y,N,N,N,N,Y,0,N,Y,Y,N,N,N,N,N,0,N,N,N,N,N,N,,83A1D45C-E1D7-4B68-A1774AE3FBDC039F.JPG,2012-08-06 10:35:31,,N,N
5.114628273975431,52.093954945835499,PUT,NL:Q:50001440,50001440,0,,Rozenstraat,,,Utrecht,,GM0344,Utrecht,Utrecht,,G,,St.-Jacobsstraat,,,"1 Overvecht via Utrecht CS, 16 Vechtsebanen via Zuilen, 34 Maarssen via Zuilen, 36 Maarssen via Zuilen, 6 Nijenoord, 6 Overvecht-Noord via Nijenoord, 9 Overvecht-Noord via Talmalaan, 1 Overvecht via Utrecht CS, 16 Vechtsebanen via Zuilen, 34 Maarssen via Zuilen, 36 Maarssen via Zuilen, 6 Nijenoord, 6 Overvecht-Noord via Nijenoord, 9 Overvecht-Noord via Talmalaan",bus,nl.bus.50001430,,,,,343,,available,,regular,,2012-08-05 10:35:00,Y,Y,langshalte,0,0,30,0,"0,18",2,2,30,1,N,0,"1,20","0,09",Y,Y,N,N,N,N,Y,0,N,Y,Y,Y,Y,N,Y,N,0,N,N,Y,N,N,N,,F868920C-AE27-4B63-98278AEA62D3FF9A.JPG,2012-08-06 10:33:49,,N,N
5.136773162301314,52.079515292157303,PUT,NL:Q:50001030,50001030,0,,Rubenslaan,,,Utrecht,,GM0344,Utrecht,Utrecht,,G,,Rubenslaan,,,"12 Utrecht CS Centrumzijde, 41 Utrecht CS Centrumzijde, 41 Zeist via Utrecht CS, 12 Utrecht CS Centrumzijde, 41 Utrecht CS Centrumzijde, 41 Zeist via Utrecht CS",bus,nl.bus.50001030,,,,,270,,available,,regular,,2012-03-15 00:00:00,N,Y,langshalte,0,0,52,0,"0,18","1,10","4,20",48,"1,50",N,0,"1,80","0,03",Y,Y,Y,Y,Y,Y,Y,0,N,Y,Y,Y,Y,Y,Y,N,0,N,N,Y,Y,Y,Y,6,E5BBE6B8-83CB-4633-A6DC32CA218BB312.jpg,2014-12-05 15:49:52,,N,N
5.136409123483699,52.079397673325502,PUT,NL:Q:50001090,50001090,0,,Rubenslaan,,,Utrecht,,GM0344,Utrecht,Utrecht,,G,,Rubenslaan,,,"12 De Uithof AZU via Galgenwaard, 41 Stadion Galgenwaard, 41 Wijk bij Duurstede, 477 Bilthoven via De Uithof, 12 De Uithof AZU via Galgenwaard, 41 Stadion Galgenwaard, 41 Wijk bij Duurstede, 477 Bilthoven via De Uithof",bus,nl.bus.50001030,,,,,83,,available,,regular,,2013-05-20 00:00:00,N,N,langshalte,0,0,0,0,0,0,0,0,0,N,0,0,0,N,N,N,N,N,N,N,0,N,N,N,N,N,N,N,N,0,N,N,N,N,N,N,,,,,N,N
5.014859586123905,52.113069393174989,PUT,NL:Q:51200310,51200310,0,,Rubenslaan,,,Vleuten,,GM0344,Utrecht,Utrecht,,G,,Schoolstraat,,,"126 Maarssen NS via Vleuten, 127 Kockengen via Haarzuilens, 420 Loenen ad Vecht Kerklaan, 126 Maarssen NS via Vleuten, 127 Kockengen via Haarzuilens, 420 Loenen ad Vecht Kerklaan",bus,nl.bus.51200310,,,,,28,,available,,regular,,2013-05-20 00:00:00,N,N,langshalte,0,0,0,0,0,0,0,0,0,N,0,0,0,N,N,N,N,N,N,N,0,N,N,N,N,N,N,N,N,0,N,N,N,N,N,N,,,,,N,N
5.014901510409492,52.113294227353549,PUT,NL:Q:51200320,51200320,0,,Rubenslaan,,,Vleuten,,GM0344,Utrecht,Utrecht,,G,,Schoolstraat,,,"126 De Meern Oost via Vleuten, 127 Vleuten NS, 127 Vleuten NS via Haarzuilens, 126 De Meern Oost via Vleuten, 127 Vleuten NS, 127 Vleuten NS via Haarzuilens",bus,nl.bus.51200310,,,,,209,,available,,regular,,2013-05-20 00:00:00,N,N,langshalte,0,0,0,0,0,0,0,0,0,N,0,0,0,N,N,N,N,N,N,N,0,N,N,N,N,N,N,N,N,0,N,N,N,N,N,N,,,,,N,N
5.12334478339092,52.112948537621413,PUT,NL:Q:59152150,59152150,0,,Rubicondreef,,,Utrecht,,GM0344,Utrecht,Utrecht,,G,,Margaretha van Parmadr,,,"122 Utrecht Overvecht NS, 30 De Uithof WKZ via Rijnsweerd, 30 Leidsche Rijn Ziekenhuis, 35 Overvecht NS via Maarsseveen, 122 Utrecht Overvecht NS, 30 De Uithof WKZ via Rijnsweerd, 30 Leidsche Rijn Ziekenhuis, 35 Overvecht NS via Maarsseveen",bus,,,,,,122,,available,,regular,,2013-05-20 00:00:00,N,N,langshalte,0,0,0,0,0,0,0,0,0,N,0,0,0,N,N,N,N,N,N,N,0,N,N,N,N,N,N,N,N,0,N,N,N,N,N,N,,,,,N,N
5.123125007434425,52.113082866272251,PUT,NL:Q:59152160,59152160,0,,Rubicondreef,,,Utrecht,,GM0344,Utrecht,Utrecht,,G,,Margaretha van Parmadr,,,"122 Nieuw-Loosdrecht via Westbroek, 122 Westbroek, 30 Leidsche Rijn via Overv. NS, 30 Leidsche Rijn via Zuilen NS, 30 Overvecht-Zuid via Overv. NS, 35 Maarssen-Dorp via Maarsseveen, 122 Nieuw-Loosdrecht via Westbroek, 122 Westbroek, 30 Leidsche Rijn via Overv. NS, 30 Leidsche Rijn via Zuilen NS, 30 Overvecht-Zuid via Overv. NS, 35 Maarssen-Dorp via Maarsseveen",bus,,,,,,302,,available,,regular,,2013-05-20 00:00:00,N,N,langshalte,0,0,0,0,0,0,0,0,0,N,0,0,0,N,N,N,N,N,N,N,0,N,N,N,N,N,N,N,N,0,N,N,N,N,N,N,,,,,N,N
5.143074444158179,52.101036934218989,PUT,NL:Q:50000700,50000700,0,,Sartreweg,,,Utrecht,,GM0344,Utrecht,Utrecht,,G,,Sartreweg,,,"30 De Uithof WKZ via Rijnsweerd, 30 Leidsche Rijn Ziekenhuis, 32 De Uithof WKZ via Rijnsweerd, 477 Utrecht CS Centrumzijde, 77 Nieuwegein-C via Utrecht CS, 77 Nieuwegein-Z via Utrecht CS, 30 De Uithof WKZ via Rijnsweerd, 30 Leidsche Rijn Ziekenhuis, 32 De Uithof WKZ via Rijnsweerd, 477 Utrecht CS Centrumzijde, 77 Nieuwegein-C via Utrecht CS, 77 Nieuwegein-Z via Utrecht CS",bus,nl.bus.50000700,,,,,187,,available,,regular,,2012-07-31 11:53:00,Y,Y,haltehaven,3,20,18,15,"0,18","2,70","2,70",18,1,N,0,"1,50","0,09",Y,Y,N,N,N,N,Y,0,N,Y,N,Y,Y,N,Y,N,0,N,N,N,N,N,N,,3AD62815-5CAD-4497-A82C0D91721000FC.jpg,2012-08-01 11:53:21,,N,N
5.141811354840779,52.102481387824128,PUT,NL:Q:50000701,50000701,0,,Sartreweg,,,Utrecht,,GM0344,Utrecht,Utrecht,,G,,Kardinaal de Jongweg,,,"30 Leidsche Rijn via Overv. NS, 30 Overvecht-Zuid via Overv. NS, 32 Maarssen via Zuilen, 30 Leidsche Rijn via Overv. NS, 30 Overvecht-Zuid via Overv. NS, 32 Maarssen via Zuilen",bus,nl.bus.50000700,,,,,280,,available,,regular,,2012-03-15 00:00:00,N,N,semi-haltehaven,"3,1",0,"24,4",17,"0,15",3,3,0,"1,20",N,0,2,0,Y,N,N,N,N,N,Y,0,N,N,N,N,N,N,N,Y,5,N,N,Y,N,N,N,,B0E8F0A5-0849-48BC-8105F8C1709213B0.jpg,2014-12-05 15:50:00,,N,N
5.143263342877354,52.101190121820373,PUT,NL:Q:50000710,50000710,0,,Sartreweg,,,Utrecht,,GM0344,Utrecht,Utrecht,,G,,Sartreweg,,,"77 Bilthoven via Utrecht CS, 77 Sartreweg, 77 Bilthoven via Utrecht CS, 77 Sartreweg",bus,nl.bus.50000700,,,,,14,,available,,regular,,2012-08-14 12:36:00,Y,Y,langshalte,0,0,18,0,"0,18","2,10","2,10",18,1,N,0,"1,50","0,09",Y,Y,N,N,N,N,Y,0,N,N,N,N,N,N,N,N,0,N,N,N,N,N,N,,810483EB-D6AF-41BA-A063FB7B18123071.jpg,2012-08-01 11:55:10,,N,N
5.04586030570827,52.117863947035744,PUT,NL:Q:59140151,59140151,0,,Savannahweg,,,Utrecht,,GM0344,Utrecht,Utrecht,,G,,Atoomweg,,,"37 Maarssenbroek via Lage Weide, 38 Maarssen NS via Lage Weide, 48 Maarssen NS via Papendorp, 48 Papendorp via Nieuwegein, 37 Maarssenbroek via Lage Weide, 38 Maarssen NS via Lage Weide, 48 Maarssen NS via Papendorp, 48 Papendorp via Nieuwegein",bus,,,,,,300,,available,,regular,,2013-05-20 00:00:00,N,N,langshalte,0,0,0,0,0,0,0,0,0,N,0,0,0,N,N,N,N,N,N,N,0,N,N,N,N,N,N,N,N,0,N,N,N,N,N,N,,,,,N,N
5.045905272895613,52.117711280264871,PUT,NL:Q:59140160,59140160,0,,Savannahweg,,,Utrecht,,GM0344,Utrecht,Utrecht,,G,,Atoomweg,,,"37 Utrecht CS via Maarssenbr, 38 Utrecht CS via Lage Weide, 48 Nieuwegein via L. Rijn NS, 37 Utrecht CS via Maarssenbr, 38 Utrecht CS via Lage Weide, 48 Nieuwegein via L. Rijn NS",bus,,,,,,121,,available,,regular,,2013-05-20 00:00:00,N,N,langshalte,0,0,0,0,0,0,0,0,0,N,0,0,0,N,N,N,N,N,N,N,0,N,N,N,N,N,N,N,N,0,N,N,N,N,N,N,,,,,N,N
5.085751507398928,52.104472597346252,PUT,NL:Q:50008020,50008020,0,,Schaverijstraat,,,Utrecht,,GM0344,Utrecht,Utrecht,,G,,Vlampijpstraat,,,"25 Cartesiusweg via Oog in Al, 25 Utrecht CS Jaarbeurszijde, 25 Cartesiusweg via Oog in Al, 25 Utrecht CS Jaarbeurszijde",bus,nl.bus.50008020,,,,,,,available,,regular,,2013-05-20 00:00:00,N,N,langshalte,0,0,0,0,0,0,0,0,0,N,0,0,0,N,N,N,N,N,N,N,0,N,N,N,N,N,N,N,N,0,N,N,N,N,N,N,,,,,N,N
5.086057327152452,52.098073878694052,PUT,NL:Q:50007090,50007090,0,,Schepenbuurt,,,Utrecht,,GM0344,Utrecht,Utrecht,,G,,Cartesiusweg,,,"25 Utrecht CS Jaarbeurszijde, 30 Leidsche Rijn via Overv. NS, 30 Leidsche Rijn via Zuilen NS, 25 Utrecht CS Jaarbeurszijde, 30 Leidsche Rijn via Overv. NS, 30 Leidsche Rijn via Zuilen NS",bus,nl.bus.50007090,,,,,194,,available,,regular,,2012-08-01 10:44:00,Y,Y,haltehaven,3,24,16,15,"0,18","2,40","2,40",16,1,N,0,"2,40","0,09",Y,Y,N,N,N,N,Y,0,N,Y,N,Y,Y,N,Y,N,0,N,N,Y,N,N,N,,C3F85AD1-8BF9-46BF-917F97F0BF8C8825.JPG,2012-08-02 10:44:02,,N,N
5.08648734413816,52.099234436554895,PUT,NL:Q:50007100,50007100,0,,Schepenbuurt,,,Utrecht,,GM0344,Utrecht,Utrecht,,G,,Cartesiusweg,,,"25 Cartesiusweg via Oog in Al, 30 Leidsche Rijn Ziekenhuis, 25 Cartesiusweg via Oog in Al, 30 Leidsche Rijn Ziekenhuis",bus,nl.bus.50007090,,,,,12,,available,,regular,,2013-05-20 00:00:00,N,N,langshalte,0,0,0,0,0,0,0,0,0,N,0,0,0,N,N,N,N,N,N,N,0,N,N,N,N,N,N,N,N,0,N,N,N,N,N,N,,,,,N,N
5.145062390874017,52.108564019898544,PUT,NL:Q:50001670,50001670,0,,Simon Bolivarstraat,,,Utrecht,,GM0344,Utrecht,Utrecht,,G,,Aartsbiss Romerostraat,,,"5 Kanaleneiland via Utrecht CS, 5 Kanaleneiland via Utrecht CS",bus,,,,,,205,,available,,regular,,2011-03-28 14:29:00,Y,Y,langshalte,0,0,16,0,"0,18","1,50","1,50",16,1,N,0,2,"0,09",Y,Y,N,N,N,N,Y,0,N,Y,Y,Y,Y,N,N,N,0,N,N,Y,N,N,N,,A47A9798-7242-4F16-9EBF9CA3F8E1C44D.JPG,2011-03-22 11:44:45,,N,N
5.145221939080411,52.108753095989513,PUT,NL:Q:50001680,50001680,0,,Simon Bolivarstraat,,,Utrecht,,GM0344,Utrecht,Utrecht,,G,,Aartsbiss Romerostraat,,,"5 Voordorp, 5 Voordorp",bus,,,,,,29,,available,,regular,,2011-03-28 14:29:00,Y,Y,langshalte,0,0,16,0,"0,18","1,50","1,50",16,1,N,0,"1,50","0,09",Y,Y,N,N,N,N,Y,0,N,Y,Y,N,N,N,N,Y,0,N,N,Y,N,N,N,,BE8FD9E1-A9C0-427A-95B8017BEF32F7F0.JPG,2011-03-22 11:41:51,,N,N
5.131927133510577,52.059551334228132,PUT,NL:Q:50003110,50003110,0,,Simplonbaan,,,Utrecht,,GM0344,Utrecht,Utrecht,,G,,Simplonbaan,,,"8 Lunetten via Utrecht CS, 8 Lunetten via Utrecht CS",bus,nl.bus.50003110,,,,,219,,available,,regular,,2011-09-22 15:30:00,Y,Y,langshalte,0,0,14,0,"0,18","1,50","1,50",14,1,N,0,"1,50","0,09",Y,Y,N,N,N,N,Y,0,N,Y,Y,Y,Y,N,Y,N,0,N,N,Y,N,Y,Y,0,CCDED684-6A3D-4A57-A36E16064C822565.JPG,2011-09-23 15:30:26,,N,N
5.132000244548725,52.059515540135955,PUT,NL:Q:50003120,50003120,0,,Simplonbaan,,,Utrecht,,GM0344,Utrecht,Utrecht,,G,,Simplonbaan,,,"8 Diakonessenhuis via Utrecht CS, 8 Diakonessenhuis via Utrecht CS",bus,nl.bus.50003110,,,,,340,,available,,regular,,2011-09-22 15:28:00,Y,Y,semi-haltehaven,3,0,14,0,"0,18","2,10","2,10",14,1,N,0,"2,10","0,09",Y,Y,N,N,N,N,Y,0,N,Y,Y,Y,Y,N,Y,N,0,N,N,Y,N,Y,Y,0,F1992FD3-7416-4C92-954CCF880C2E66C9.JPG,2011-09-23 15:28:24,,N,N
5.113873186288314,52.095732834174413,PUT,NL:Q:50001450,50001450,0,,Sint Jacobsstraat,,,Utrecht,,GM0344,Utrecht,Utrecht,,G,,St.-Jacobsstraat,,,"1 Hoograven via Utrecht CS, 16 Utrecht CS Centrumzijde, 34 Utrecht CS via Maarssen-D, 36 Utrecht CS via Maarssen-D, 6 Utrecht CS Centrumzijde, 9 Utrecht CS Centrumzijde, 1 Hoograven via Utrecht CS, 16 Utrecht CS Centrumzijde, 34 Utrecht CS via Maarssen-D, 36 Utrecht CS via Maarssen-D, 6 Utrecht CS Centrumzijde, 9 Utrecht CS Centrumzijde",bus,,,,,,148,,available,,regular,,2013-05-20 00:00:00,N,N,langshalte,0,0,0,0,0,0,0,0,0,N,0,0,0,N,N,N,N,N,N,N,0,N,N,N,N,N,N,N,N,0,N,N,N,N,N,N,,,,,N,N
5.114050003854818,52.095454614016006,PUT,NL:Q:50001460,50001460,0,,Sint Jacobsstraat,,,Utrecht,,GM0344,Utrecht,Utrecht,,G,,St.-Jacobsstraat,,,"1 Overvecht via Utrecht CS, 16 Vechtsebanen via Zuilen, 34 Maarssen via Zuilen, 36 Maarssen via Zuilen, 6 Nijenoord, 6 Overvecht-Noord via Nijenoord, 9 Overvecht-Noord via Talmalaan, 1 Overvecht via Utrecht CS, 16 Vechtsebanen via Zuilen, 34 Maarssen via Zuilen, 36 Maarssen via Zuilen, 6 Nijenoord, 6 Overvecht-Noord via Nijenoord, 9 Overvecht-Noord via Talmalaan",bus,,,,,,331,,available,,regular,,2013-05-20 00:00:00,N,N,langshalte,0,0,0,0,0,0,0,0,0,N,0,0,0,N,N,N,N,N,N,N,0,N,N,N,N,N,N,N,N,0,N,N,N,N,N,N,,,,,N,N
5.096839898758822,52.123168578092638,PUT,NL:Q:59150190,59150190,0,,Sint Maartendreef,,,Utrecht,,GM0344,Utrecht,Utrecht,,G,,Rio Brancodreef,,,"122 Nieuw-Loosdrecht via Westbroek, 122 Westbroek, 35 Maarssen-Dorp via Maarsseveen, 6 Overvecht-Noord via Nijenoord, 9 Overvecht-Noord via Talmalaan, 122 Nieuw-Loosdrecht via Westbroek, 122 Westbroek, 35 Maarssen-Dorp via Maarsseveen, 6 Overvecht-Noord via Nijenoord, 9 Overvecht-Noord via Talmalaan",bus,nl.bus.59150190,,,,,289,,available,,regular,,2011-01-03 15:51:00,Y,Y,langshalte,0,18,0,0,"0,18",2,2,18,1,N,0,2,"0,09",Y,Y,N,N,N,N,Y,0,N,Y,Y,Y,Y,N,Y,N,0,N,N,Y,N,N,N,,2756F9F9-E45B-4C31-A85A3F68BC068766.JPG,2011-01-04 15:50:22,,N,N
5.097015530741986,52.123106094080946,PUT,NL:Q:59150201,59150201,0,,Sint Maartendreef,,,Utrecht,,GM0344,Utrecht,Utrecht,,G,,Jamaicadreef,,,"122 Utrecht Overvecht NS, 35 Overvecht NS via Maarsseveen, 6 Utrecht CS Centrumzijde, 9 Utrecht CS Centrumzijde, 122 Utrecht Overvecht NS, 35 Overvecht NS via Maarsseveen, 6 Utrecht CS Centrumzijde, 9 Utrecht CS Centrumzijde",bus,nl.bus.59150190,,,,,100,,available,,regular,,2012-03-15 00:00:00,Y,Y,langshalte,0,0,18,0,"0,18","2,70","1,50",18,0,N,0,"1,50","0,20",Y,Y,Y,N,Y,Y,Y,0,N,Y,Y,Y,Y,Y,Y,Y,10,N,N,Y,Y,Y,Y,3,8BFC8760-1E34-46BC-84AABC3A4730EC60.jpg,2014-12-05 15:50:21,,N,N
5.138191467250451,52.060571403524733,PUT,NL:Q:50003150,50003150,0,,Sleeswijk,,,Utrecht,,GM0344,Utrecht,Utrecht,,G,,Furkabaan,,,"8 Lunetten via Utrecht CS, 8 Lunetten via Utrecht CS",bus,,,,,,356,,available,,regular,,2011-09-22 15:22:00,Y,Y,langshalte,0,0,14,0,"0,18",3,3,14,1,N,0,3,"0,09",Y,Y,N,N,N,N,Y,0,N,Y,Y,N,N,N,N,N,0,N,N,Y,N,Y,Y,0,D5236462-845B-49FF-BA619D16604DA7D6.JPG,2011-09-23 15:21:50,,N,N
5.138236411244461,52.060355783997814,PUT,NL:Q:50003160,50003160,0,,Sleeswijk,,,Utrecht,,GM0344,Utrecht,Utrecht,,G,,Baronie,,,"8 Diakonessenhuis via Utrecht CS, 8 Diakonessenhuis via Utrecht CS",bus,,,,,,167,,available,,regular,,2011-09-22 15:19:00,Y,Y,semi-haltehaven,3,0,14,0,"0,18","2,70","2,70",14,1,N,0,"2,70","0,09",Y,Y,N,N,N,N,Y,0,N,Y,Y,Y,Y,N,Y,N,0,N,N,Y,N,Y,Y,0,338C1D24-2F50-462E-9FA02097396D928C.JPG,2011-09-23 15:19:39,,N,N
5.128950291922299,52.070051937505326,PUT,NL:Q:50003050,50003050,0,,Slotlaan,,,Utrecht,,GM0344,Utrecht,Utrecht,,G,,Amethistweg,,,"15 Hoograven, 447 Utrecht CS Centrumzijde, 8 Diakonessenhuis via Utrecht CS, 15 Hoograven, 447 Utrecht CS Centrumzijde, 8 Diakonessenhuis via Utrecht CS",bus,,,,,,0,,available,,regular,,2012-07-31 14:24:00,Y,Y,langshalte,"0,1",0,18,0,"0,18","2,40","2,40",18,1,N,0,"2,40","0,09",Y,Y,N,N,N,N,Y,0,N,Y,Y,Y,Y,N,Y,N,0,N,N,Y,N,Y,Y,0,0000182A-C286-4992-9C41406D0B465F72.JPG,2012-08-01 14:24:00,,N,N
5.128994823483946,52.069917213673357,PUT,NL:Q:50003060,50003060,0,,Slotlaan,,,Utrecht,,GM0344,Utrecht,Utrecht,,G,,Amethistweg,,,"15 Lunetten NS, 447 Houten via Lunetten, 8 Lunetten via Utrecht CS, 15 Lunetten NS, 447 Houten via Lunetten, 8 Lunetten via Utrecht CS",bus,,,,,,158,,available,,regular,,2012-07-31 14:22:00,Y,Y,langshalte,"0,1",0,18,0,"0,18","2,40","2,40",18,1,N,0,"2,40","0,09",Y,Y,N,N,N,N,Y,0,N,Y,Y,Y,Y,N,Y,N,0,N,N,Y,N,Y,Y,0,488DE678-1490-4738-A0D04F390C1E8950.JPG,2012-08-01 14:22:32,,N,N
5.122576191454034,52.072608394689247,PUT,NL:Q:50001330,50001330,0,,Smaragdplein,,,Utrecht,,GM0344,Utrecht,Utrecht,,G,,W.A. Vultostraat,,,"15 Hoograven, 15 Smaragdplein, 47 Hoograven via Tolsteeg, 47 Houten via Hoograven, 15 Hoograven, 15 Smaragdplein, 47 Hoograven via Tolsteeg, 47 Houten via Hoograven",bus,nl.bus.50001330,,,,,,,available,,regular,,2012-07-31 14:11:00,Y,Y,semi-haltehaven,3,0,20,0,"0,18","2,40","2,40",20,1,N,0,"2,40","0,09",Y,Y,N,N,N,N,Y,0,N,Y,Y,Y,Y,N,Y,N,0,N,N,Y,N,Y,Y,0,4561589A-4846-4E78-B9DAFF28D6E2A075.JPG,2012-08-01 14:11:18,,N,N
5.122376727275191,52.071808006616543,PUT,NL:Q:50001340,50001340,0,,Smaragdplein,,,Utrecht,,GM0344,Utrecht,Utrecht,,G,,W.A. Vultostraat,,,"15 Lunetten NS, 15 Smaragdplein, 47 Utrecht CS Centrumzijde, 47 Utrecht CS via Doornkade, 47 Zeist via Utrecht CS, 15 Lunetten NS, 15 Smaragdplein, 47 Utrecht CS Centrumzijde, 47 Utrecht CS via Doornkade, 47 Zeist via Utrecht CS",bus,nl.bus.50001330,,,,,28,,available,,regular,,2012-07-31 14:13:00,Y,Y,langshalte,"0,1",0,17,0,"0,18","2,10","2,10",17,1,N,0,"2,10","0,09",Y,Y,N,N,N,N,Y,0,N,Y,Y,Y,Y,N,Y,N,0,N,N,Y,N,Y,Y,0,2854ACA8-201E-4516-92A1DE7EC01AE779.JPG,2012-08-01 14:12:36,,N,N
5.125608868255141,52.072803913559547,PUT,NL:Q:50008090,50008090,0,,Smaragdplein,,,Utrecht,,GM0344,Utrecht,Utrecht,,G,,Smaragdplein,,,"15 Hoograven, 447 Utrecht CS Centrumzijde, 8 Diakonessenhuis via Utrecht CS, 15 Hoograven, 447 Utrecht CS Centrumzijde, 8 Diakonessenhuis via Utrecht CS",bus,nl.bus.50001330,,,,,270,,available,,regular,,2012-07-31 14:14:00,Y,Y,langshalte,"0,1",0,18,0,"0,18",3,3,18,1,N,0,3,"0,09",Y,Y,N,N,N,N,Y,0,N,Y,Y,Y,Y,N,Y,N,0,N,N,Y,N,Y,Y,0,24DA009D-AD27-4268-83B1DF72B32DFC86.JPG,2012-08-01 14:14:33,,N,N
5.126236151468392,52.072787327739796,PUT,NL:Q:50008100,50008100,0,,Smaragdplein,,,Utrecht,,GM0344,Utrecht,Utrecht,,G,,Barnsteenlaan,,,"15 Lunetten NS, 447 Houten via Lunetten, 8 Lunetten via Utrecht CS, 15 Lunetten NS, 447 Houten via Lunetten, 8 Lunetten via Utrecht CS",bus,nl.bus.50001330,,,,,92,,available,,regular,,2012-07-31 14:16:00,Y,Y,langshalte,"0,1",0,10,0,"0,18",3,3,10,1,N,0,0,"0,09",Y,Y,N,N,N,N,Y,0,N,Y,Y,Y,Y,N,Y,N,0,N,N,Y,N,Y,Y,0,B5E2C112-A5DD-4E94-828C69EA0D9A5545.JPG,2012-08-01 14:16:13,,N,N
5.138616070073146,52.094403428523208,PUT,NL:Q:50009004,50009004,0,,Snellenlaan,,,Utrecht,,GM0344,Utrecht,Utrecht,,G,,Museumlaan,,,"18 Oorsprongpark, 18 Oorsprongpark",bus,nl.bus.50009004,,,,,280,,expired,,temporary,,2012-03-15 00:00:00,N,N,langshalte,0,0,0,0,0,0,0,0,0,N,0,0,0,N,N,N,N,N,N,N,0,N,N,N,N,N,N,N,N,0,N,N,N,N,N,N,,,,,N,N
5.114426988236445,52.067134043770601,PUT,NL:Q:50001270,50001270,0,,Socrateslaan,,,Utrecht,,GM0344,Utrecht,Utrecht,,G,,Berkelstraat,,,"1 Overvecht via Utrecht CS, 10 Leidsche Rijn via Kan'eiland, 247 Houten NS, 265 Nieuwegein-Z via Plettenburg, 71 Nieuwegein-C via De Uithof, 72 Nieuwegein-C via De Uithof, 72 Nieuwegein-Z via De Uithof, 1 Overvecht via Utrecht CS, 10 Leidsche Rijn via Kan'eiland, 247 Houten NS, 265 Nieuwegein-Z via Plettenburg, 71 Nieuwegein-C via De Uithof, 72 Nieuwegein-C via De Uithof, 72 Nieuwegein-Z via De Uithof",bus,nl.bus.50001270,,,,,281,,available,,regular,,2012-03-15 00:00:00,N,Y,semi-haltehaven,3,18,24,0,"0,18",1,1,24,1,N,0,1,"0,09",Y,Y,N,N,N,N,Y,0,N,Y,Y,Y,Y,N,Y,Y,0,N,N,Y,N,N,N,,B00F2C62-1EA8-4D4E-954EA3AF35EAC5A9.JPG,2011-09-23 14:42:08,,N,N
5.114383784896409,52.06704406276755,PUT,NL:Q:50001282,50001282,0,,Socrateslaan,,,Utrecht,,GM0344,Utrecht,Utrecht,,G,,Socrateslaan,,,"1 Hoograven via Utrecht CS, 10 Leidsche Rijn Ziekenhuis, 10 Lunetten NS, 247 Kanaleneiland-Zuid, 265 De Uithof WKZ via Rijnsweerd, 71 Doorn via De Uithof, 71 Drieb.-Zeist NS via De Uithof, 72 Bilthoven via De Uithof, 1 Hoograven via Utrecht CS, 10 Leidsche Rijn Ziekenhuis, 10 Lunetten NS, 247 Kanaleneiland-Zuid, 265 De Uithof WKZ via Rijnsweerd, 71 Doorn via De Uithof, 71 Drieb.-Zeist NS via De Uithof, 72 Bilthoven via De Uithof",bus,nl.bus.50001270,,,,,100,,available,,regular,,2012-08-14 12:37:00,N,Y,langshalte,0,0,24,0,"0,18","1,20","1,20",24,1,N,0,1,"0,09",Y,Y,N,N,N,N,Y,0,N,Y,Y,Y,Y,N,Y,Y,0,N,N,Y,N,Y,Y,0,0421DBD6-0CBF-4082-AE37FF424848AA41.JPG,2011-09-23 14:40:27,,N,N
5.059445866283902,52.102955340362264,PUT,NL:Q:51112539,51112539,0,,SoestwAntonius Zkh,,,Utrecht,,GM0344,Utrecht,Utrecht,,G,,Hertogswetering,,,"10 Leidsche Rijn Ziekenhuis, 19 De Wetering via Terwijde, 30 Leidsche Rijn Ziekenhuis, 48 Nieuwegein via L. Rijn NS, 10 Leidsche Rijn Ziekenhuis, 19 De Wetering via Terwijde, 30 Leidsche Rijn Ziekenhuis, 48 Nieuwegein via L. Rijn NS",bus,nl.bus.51112539,,,,,130,,available,,regular,,2014-09-01 15:22:00,Y,Y,langshalte,0,0,22,0,"0,18","2,30","2,30",20,"0,90",N,0,"1,50",0,Y,Y,Y,Y,Y,Y,Y,0,N,Y,Y,Y,Y,Y,Y,N,0,N,N,Y,Y,N,N,,3DC6878E-4189-47C8-A1354C3860356FFE.jpg,2014-12-05 15:50:58,,N,N
5.059006291861488,52.103187807568084,PUT,NL:Q:51112549,51112549,0,,SoestwAntonius Zkh,,,Utrecht,,GM0344,Utrecht,Utrecht,,G,,Soestwetering,,,"10 Leidsche Rijn Ziekenhuis, 10 Leidsche Rijn via Kan'eiland, 19 Terwijde via De Wetering, 30 Leidsche Rijn Ziekenhuis, 30 Leidsche Rijn via Overv. NS, 30 Leidsche Rijn via Zuilen NS, 48 Maarssen NS via Papendorp, 48 Papendorp via Nieuwegein, 10 Leidsche Rijn Ziekenhuis, 10 Leidsche Rijn via Kan'eiland, 19 Terwijde via De Wetering, 30 Leidsche Rijn Ziekenhuis, 30 Leidsche Rijn via Overv. NS, 30 Leidsche Rijn via Zuilen NS, 48 Maarssen NS via Papendorp, 48 Papendorp via Nieuwegein",bus,nl.bus.51112539,,,,,310,,available,,regular,,2014-09-01 15:31:00,Y,Y,haltehaven,3,"6,5",40,16,"0,18","2,50","2,50",36,"1,50",N,0,"1,50",0,Y,Y,Y,Y,Y,Y,Y,0,N,Y,Y,Y,Y,Y,Y,N,0,N,N,Y,Y,N,N,,72CB4AD5-7FD7-4396-ABB100E27F4E1B85.jpg,2014-12-05 15:51:04,,N,N
5.016674299334489,52.09668084312127,PUT,NL:Q:51200212,51200212,0,,Sparrendaal,,,Vleuten,,GM0344,Utrecht,Utrecht,,G,,Europaweg,,,"126 Maarssen NS via Vleuten, 126 Maarssen NS via Vleuten",bus,nl.bus.51200212,,,,,324,,available,,regular,,2013-05-20 00:00:00,N,N,langshalte,0,0,0,0,0,0,0,0,0,N,0,0,0,N,N,N,N,N,N,N,0,N,N,N,N,N,N,N,N,0,N,N,N,N,N,N,,,,,N,N
5.01701396049106,52.096196552870076,PUT,NL:Q:51200213,51200213,0,,Sparrendaal,,,Vleuten,,GM0344,Utrecht,Utrecht,,G,,Europaweg,,,"126 De Meern Oost via Vleuten, 126 De Meern Oost via Vleuten",bus,nl.bus.51200212,,,,,144,,available,,regular,,2013-05-20 00:00:00,N,N,langshalte,0,0,0,0,0,0,0,0,0,N,0,0,0,N,N,N,N,N,N,N,0,N,N,N,N,N,N,N,N,0,N,N,N,N,N,N,,,,,N,N
5.085266167340918,52.094206985629981,PUT,NL:Q:50007111,50007111,0,,Spinozaweg,,,Utrecht,,GM0344,Utrecht,Utrecht,,G,,Spinozaweg,,,"10 Leidsche Rijn Ziekenhuis, 25 Utrecht CS Jaarbeurszijde, 10 Leidsche Rijn Ziekenhuis, 25 Utrecht CS Jaarbeurszijde",bus,nl.bus.50007111,,,,,186,,available,,regular,,2012-08-14 12:40:00,N,Y,langshalte,0,0,12,0,"0,18","1,20","1,20",12,1,N,0,2,"0,09",Y,Y,N,N,N,N,Y,0,N,Y,Y,Y,Y,N,Y,Y,0,N,N,Y,N,Y,Y,0,9EC75586-FF30-4F9C-82E4C0C9119F312B.JPG,2012-08-02 10:39:56,,N,N
5.085470340880385,52.09422548443078,PUT,NL:Q:50007120,50007120,0,,Spinozaweg,,,Utrecht,,GM0344,Utrecht,Utrecht,,G,,Spinozaweg,,,"10 Leidsche Rijn via Kan'eiland, 25 Cartesiusweg via Oog in Al, 10 Leidsche Rijn via Kan'eiland, 25 Cartesiusweg via Oog in Al",bus,nl.bus.50007111,,,,,12,,available,,regular,,2011-04-26 11:49:00,Y,Y,haltehaven,3,24,18,15,"0,18",3,3,18,1,N,0,"2,10","0,09",Y,Y,N,N,N,N,Y,0,N,Y,Y,Y,Y,N,Y,Y,0,N,N,Y,N,N,N,,2B58121C-99D1-4D8C-B33042269B0C4207.JPG,2011-04-22 10:38:48,,N,N
5.066356795350029,52.120258374025013,PUT,NL:Q:59150230,59150230,0,,Sportpark Elinkwijk,,,utrecht,,GM0344,Utrecht,Utrecht,,G,,Amsterdamsestraatweg,,,"120 Amsterdam Station Bijlmer, 120 Loenen ad Vecht , 120 Amsterdam Station Bijlmer, 120 Loenen ad Vecht",bus,,,,,,290,,available,,regular,,2012-03-15 00:00:00,N,Y,langshalte,0,0,"9,4",0,"0,12","2,70","2,70",0,"1,40",Y,"2,40","2,10","0,50",Y,Y,Y,Y,Y,Y,Y,0,N,N,Y,N,N,N,N,N,0,N,N,Y,N,N,N,,534003FB-353D-458F-812304646ACFFF98.jpg,2014-12-05 15:51:32,,N,N
5.066256072943509,52.120051375057947,PUT,NL:Q:59150380,59150380,0,,Sportpark Elinkwijk,,,utrecht,,GM0344,Utrecht,Utrecht,,G,,Amsterdamsestraatweg,,,"120 Utrecht Centraal, 120 Utrecht Centraal",bus,,,,,,110,,available,,regular,,2012-03-15 00:00:00,Y,Y,langshalte,0,0,20,0,"0,18",3,3,20,"1,40",Y,2,"1,50","0,03",Y,Y,Y,Y,Y,Y,Y,0,N,N,Y,N,N,N,N,N,0,N,N,Y,N,N,N,,BB1308C3-1639-49C9-A4C8F835AEB8F6B1.jpg,2014-12-05 15:51:39,,N,N
5.144124753047012,52.079647523615819,PUT,NL:Q:50001020,50001020,0,,Stadion Galgenwaard,,,Utrecht,,GM0344,Utrecht,Utrecht,,G,,Herculeslaan,,,"242 De Uithof WKZ via Bunnik NS, 441 Utrecht CS Centrumzijde, 242 De Uithof WKZ via Bunnik NS, 441 Utrecht CS Centrumzijde",bus,nl.bus.50001020,,,,,250,,available,,regular,,2012-08-07 12:18:00,Y,Y,langshalte,0,0,44,0,"0,18","2,40","2,40",44,1,N,0,"0,90","0,12",Y,Y,N,N,N,N,Y,0,N,Y,N,Y,Y,N,Y,N,0,N,N,Y,N,Y,Y,0,33547333-07E5-4612-8A3EAD4BF1A51CD7.JPG,2012-08-01 13:36:48,,N,N
5.143935746832757,52.079530288815292,PUT,NL:Q:50001021,50001021,0,,Stadion Galgenwaard,,,Utrecht,,GM0344,Utrecht,Utrecht,,G,,Herculeslaan,,,"12 Utrecht CS Centrumzijde, 41 Utrecht CS Centrumzijde, 12 Utrecht CS Centrumzijde, 41 Utrecht CS Centrumzijde",bus,nl.bus.50001020,,,,,249,,available,,regular,,2012-08-07 12:18:00,Y,Y,langshalte,0,0,14,0,"0,18",3,3,14,1,N,0,3,"0,09",N,Y,N,N,N,N,Y,0,N,Y,Y,Y,Y,N,Y,N,0,N,N,Y,N,N,N,,C10EF06C-9B2E-4007-9F358F74120A9E44.JPG,2012-08-01 13:33:11,,N,N
5.14358823362956,52.079053203292673,PUT,NL:Q:50003551,50003551,0,,Stadion Galgenwaard,,,Utrecht,,GM0344,Utrecht,Utrecht,,G,,Herculesplein,,,"41 Stadion Galgenwaard, 41 Utrecht CS Centrumzijde, 41 Zeist via Utrecht CS, 530 Houten, 530 Stadion Galgenwaard, 531 Stadion Galgenwaard, 531 Vianen via Jutphaas, 532 Maarssen, 532 Stadion Galgenwaard, 533 IJsselstein via Galecop, 533 Stadion Galgenwaard, 534 Lopik via Benschop, 534 Stadion Galgenwaard, 535 N'gein Batau via Galecop, 535 Stadion Galgenwaard, 41 Stadion Galgenwaard, 41 Utrecht CS Centrumzijde, 41 Zeist via Utrecht CS, 530 Houten, 530 Stadion Galgenwaard, 531 Stadion Galgenwaard, 531 Vianen via Jutphaas, 532 Maarssen, 532 Stadion Galgenwaard, 533 IJsselstein via Galecop, 533 Stadion Galgenwaard, 534 Lopik via Benschop, 534 Stadion Galgenwaard, 535 N'gein Batau via Galecop, 535 Stadion Galgenwaard",bus,nl.bus.50001020,,,,,350,,available,,regular,,2012-03-15 00:00:00,Y,Y,langshalte,0,0,18,0,"0,22","1,80","1,50",18,"1,50",N,0,"1,50","0,10",N,Y,Y,Y,Y,Y,Y,0,N,Y,Y,Y,Y,Y,Y,N,0,N,N,Y,N,N,N,,B60800C8-5324-4472-AB31B888FB3E65A0.jpg,2014-12-05 15:51:59,,N,N
5.144999582888533,52.079730216708484,PUT,NL:Q:50101010,50101010,0,,Stadion Galgenwaard,,,Utrecht,,GM0344,Utrecht,Utrecht,,G,,Herculeslaan,,,"12 De Uithof AZU via Galgenwaard, 242 Wijk bij Duurstede, 41 Wijk bij Duurstede, 441 Wijk bij Duurstede, 477 Bilthoven via De Uithof, 12 De Uithof AZU via Galgenwaard, 242 Wijk bij Duurstede, 41 Wijk bij Duurstede, 441 Wijk bij Duurstede, 477 Bilthoven via De Uithof",bus,nl.bus.50001020,,,,,85,,available,,regular,,2012-03-15 00:00:00,Y,Y,langshalte,0,0,26,0,"0,18","1,50","1,50",18,"1,80",N,0,"1,80",0,Y,Y,Y,Y,Y,Y,Y,0,N,Y,Y,Y,Y,Y,Y,Y,30,N,N,Y,N,Y,Y,6,88EC1B86-A31E-42CC-91B1ACAE0790B7DE.jpg,2014-12-05 15:52:06,,N,N
5.127505384042672,52.092851513260513,PUT,NL:Q:50000350,50000350,0,,Stadsschouwburg,,,Utrecht,,GM0344,Utrecht,Utrecht,,G,,Lucasbolwerk,,,"251 Zeist Handelsc. via Zeist-Centr., 28 De Uithof P+R via Utrecht CS, 28 Rijnsweerd via Utrecht CS, 4 Diakonessenhuis via Biltstraat, 412 Zeist via De Uithof, 441 Wijk bij Duurstede, 452 Amersfoort via Vollenhove, 5 Voordorp, 51 Drieb.-Zeist NS via Kerckebosch, 52 Amersfoort via Vollenhove, 52 Soesterberg via Vollenhove, 52 Zeist via Vollenhove, 53 Zeist via Vollenhove, 55 Maartensdijk via Tuindorp, 74 Zeist via Utrecht CS, 77 Bilthoven via Utrecht CS, 77 Sartreweg, 450 Amerongen Dorp , 50 Amerongen Dorp , 50 Doorn Postkantoor, 50 Driebergen-Zeist Station, 50 Wageningen Busstation, 251 Zeist Handelsc. via Zeist-Centr., 28 De Uithof P+R via Utrecht CS, 28 Rijnsweerd via Utrecht CS, 4 Diakonessenhuis via Biltstraat, 412 Zeist via De Uithof, 441 Wijk bij Duurstede, 452 Amersfoort via Vollenhove, 5 Voordorp, 51 Drieb.-Zeist NS via Kerckebosch, 52 Amersfoort via Vollenhove, 52 Soesterberg via Vollenhove, 52 Zeist via Vollenhove, 53 Zeist via Vollenhove, 55 Maartensdijk via Tuindorp, 74 Zeist via Utrecht CS, 77 Bilthoven via Utrecht CS, 77 Sartreweg, 450 Amerongen Dorp , 50 Amerongen Dorp , 50 Doorn Postkantoor, 50 Driebergen-Zeist Station, 50 Wageningen Busstation",bus,nl.bus.50000350,,,,,,,available,,regular,,2012-08-05 10:05:00,Y,Y,langshalte,0,0,46,0,"0,18","1,80","1,80",46,1,N,0,"1,20","0,12",N,Y,N,N,N,N,Y,0,N,Y,Y,Y,Y,N,Y,N,0,N,N,Y,N,Y,Y,0,36A880D5-B682-4C21-B1600F589BC47B89.JPG,2012-08-06 10:04:08,,N,N
5.12657096699463,52.09293933225031,PUT,NL:Q:50003350,50003350,0,,Stadsschouwburg,,,Utrecht,,GM0344,Utrecht,Utrecht,,G,,Lucasbolwerk,,,"251 Utrecht CS via Zeist-Centr., 28 De Meern-Oost via Utrecht CS, 28 Vleuterweide via Centrum, 4 Utrecht CS via Biltstraat, 412 Utrecht CS Centrumzijde, 447 Houten via Lunetten, 452 Utrecht CS Centrumzijde, 474 Vianen via Galecop, 495 IJsselstein via Jutphaas, 51 Utrecht CS via Kerckebosch, 52 Utrecht CS Centrumzijde, 52 Utrecht CS via Zeist, 53 Utrecht CS Centrumzijde, 74 Nieuwegein-C via Utrecht CS, 74 Vianen via Utrecht CS, 77 Nieuwegein-C via Utrecht CS, 77 Nieuwegein-Z via Utrecht CS, 8 Lunetten via Utrecht CS, 407 Oudewater , 407 Utrecht CS , 50 Utrecht CS , 251 Utrecht CS via Zeist-Centr., 28 De Meern-Oost via Utrecht CS, 28 Vleuterweide via Centrum, 4 Utrecht CS via Biltstraat, 412 Utrecht CS Centrumzijde, 447 Houten via Lunetten, 452 Utrecht CS Centrumzijde, 474 Vianen via Galecop, 495 IJsselstein via Jutphaas, 51 Utrecht CS via Kerckebosch, 52 Utrecht CS Centrumzijde, 52 Utrecht CS via Zeist, 53 Utrecht CS Centrumzijde, 74 Nieuwegein-C via Utrecht CS, 74 Vianen via Utrecht CS, 77 Nieuwegein-C via Utrecht CS, 77 Nieuwegein-Z via Utrecht CS, 8 Lunetten via Utrecht CS, 407 Oudewater , 407 Utrecht CS , 50 Utrecht CS",bus,nl.bus.50000350,,,,,276,,available,,regular,,2012-08-05 10:06:00,Y,Y,langshalte,0,0,46,0,"0,18",2,2,46,1,N,0,"1,20","0,09",N,Y,N,N,N,N,Y,0,N,Y,Y,Y,Y,N,Y,N,0,N,N,Y,N,Y,Y,0,82A0833F-C502-40D4-8FED5848F9EA4210.JPG,2012-08-06 10:05:35,,N,N
5.12889256639851,52.092692775073637,PUT,NL:Q:50006810,50006810,0,,Stadsschouwburg,,,Utrecht,,GM0344,Utrecht,Utrecht,,G,,Nachtegaalstraat,,,"477 Bilthoven via De Uithof, 8 Diakonessenhuis via Utrecht CS, 477 Bilthoven via De Uithof, 8 Diakonessenhuis via Utrecht CS",bus,nl.bus.50000350,,,,,99,,available,,regular,,2013-05-20 00:00:00,N,N,langshalte,0,0,0,0,0,0,0,0,0,N,0,0,0,N,N,N,N,N,N,N,0,N,N,N,N,N,N,N,N,0,N,N,N,N,N,N,,,,,N,N
5.0650335542867,52.099240689640531,PUT,NL:Q:51112210,51112210,0,,Station Leidsche Rijn,,,Utrecht,,GM0344,Utrecht,Utrecht,,G,,,,,"10 Leidsche Rijn Ziekenhuis, 19 Terwijde via De Wetering, 30 Leidsche Rijn Ziekenhuis, 39 Utrecht CS Jaarbeurszijde, 39 Utrecht CS via Terwijde, 48 Nieuwegein via L. Rijn NS, 48 Nieuwegein via Papendorp, 10 Leidsche Rijn Ziekenhuis, 19 Terwijde via De Wetering, 30 Leidsche Rijn Ziekenhuis, 39 Utrecht CS Jaarbeurszijde, 39 Utrecht CS via Terwijde, 48 Nieuwegein via L. Rijn NS, 48 Nieuwegein via Papendorp",bus,nl.bus.51112210,,,,,280,,available,,regular,,2014-09-01 15:19:00,Y,Y,langshalte,0,0,22,0,"0,18","1,50","1,50",20,"1,20",Y,2,"1,20",0,Y,Y,Y,Y,Y,Y,Y,0,N,Y,Y,Y,Y,Y,Y,N,0,N,N,Y,Y,N,N,,5188EDA3-68C5-41D4-A36FBA972BF56208.jpg,2014-12-05 15:53:07,,N,N
5.065223342368656,52.099232219954636,PUT,NL:Q:51112220,51112220,0,,Station Leidsche Rijn,,,Utrecht,,GM0344,Utrecht,Utrecht,,G,,Hoeveweg,,,"10 Leidsche Rijn via Kan'eiland, 19 De Wetering via Terwijde, 30 Leidsche Rijn via Overv. NS, 30 Leidsche Rijn via Zuilen NS, 39 Maarssen NS via Terwijde, 48 Maarssen NS via Papendorp, 48 Papendorp via Nieuwegein, 19 De Wetering via Terwijde, 19 Terwijde via De Wetering, 19 De Wetering via Terwijde, 19 Terwijde via De Wetering, 10 Leidsche Rijn via Kan'eiland, 19 De Wetering via Terwijde, 30 Leidsche Rijn via Overv. NS, 30 Leidsche Rijn via Zuilen NS, 39 Maarssen NS via Terwijde, 48 Maarssen NS via Papendorp, 48 Papendorp via Nieuwegein",bus,nl.bus.51112210,,,,,100,,available,,regular,,2014-09-01 15:16:00,Y,Y,langshalte,0,0,22,0,"0,18","1,50","1,50",20,"1,20",Y,2,"1,20",0,Y,Y,Y,Y,Y,Y,Y,0,N,Y,Y,Y,Y,Y,Y,N,0,N,N,Y,Y,N,N,,CE4AAB2A-C9F6-4928-A1DDBE600A60CFEC.jpg,2014-12-05 15:53:13,,N,N
5.14300573898763,52.065497966054423,PUT,NL:Q:50006540,50006540,0,,Station Lunetten,,,Utrecht,,GM0344,Utrecht,Utrecht,,G,,Furkaplateau,,,"10 Leidsche Rijn Ziekenhuis, 10 Lunetten NS, 15 Lunetten NS, 31 Lunetten NS, 8 Lunetten via Utrecht CS, 10 Leidsche Rijn Ziekenhuis, 10 Lunetten NS, 15 Lunetten NS, 31 Lunetten NS, 8 Lunetten via Utrecht CS",bus,nl.bus.50006540,,,,,309,,available,,regular,,2013-05-20 00:00:00,N,N,langshalte,0,0,0,0,0,0,0,0,0,N,0,0,0,N,N,N,N,N,N,N,0,N,N,N,N,N,N,N,N,0,N,N,N,N,N,N,,,,,N,N
5.143192822223823,52.065956746291263,PUT,NL:Q:50006541,50006541,0,,Station Lunetten,,,Utrecht,,GM0344,Utrecht,Utrecht,,G,,Furkaplateau,,,"31 De Uithof AZU via Rijnsweerd, 8 Diakonessenhuis via Utrecht CS, 10 Leidsche Rijn via Kan'eiland, 15 Hoograven, 31 De Uithof AZU via Rijnsweerd, 8 Diakonessenhuis via Utrecht CS, 10 Leidsche Rijn via Kan'eiland, 15 Hoograven",bus,nl.bus.50006540,,,,,250,,available,,temporary,,2012-03-15 00:00:00,N,N,langshalte,0,0,12,0,"0,10","1,80","1,80",0,"1,20",N,0,"1,20",0,N,N,N,N,N,N,Y,0,N,N,N,N,N,N,N,N,0,N,N,N,N,N,N,,F84D5D05-4A42-4483-A370C5E0781127B7.jpg,2014-12-05 15:53:20,,N,N
5.124858253040458,52.11128013932742,PUT,NL:Q:50002191,50002191,0,,Station Overvecht,,,Utrecht,,GM0344,Utrecht,Utrecht,,G,,Tiberdreef,,,"30 De Uithof WKZ via Rijnsweerd, 30 Leidsche Rijn Ziekenhuis, 30 De Uithof WKZ via Rijnsweerd, 30 Leidsche Rijn Ziekenhuis",bus,nl.bus.50002191,,,,,232,,available,,regular,,2013-05-20 00:00:00,N,N,langshalte,0,0,0,0,0,0,0,0,0,N,0,0,0,N,N,N,N,N,N,N,0,N,N,N,N,N,N,N,N,0,N,N,N,N,N,N,,,,,N,N
5.124683867388821,52.111144930821375,PUT,NL:Q:50002193,50002193,0,,Station Overvecht,,,Utrecht,,GM0344,Utrecht,Utrecht,,G,,Tiberdreef,,,"1 Hoograven via Utrecht CS, 1 Hoograven via Utrecht CS",bus,nl.bus.50002191,,,,,232,,available,,regular,,2011-03-28 14:44:00,Y,Y,langshalte,0,0,18,0,"0,18","1,50","1,50",18,1,N,0,"1,50","0,09",Y,Y,N,N,N,N,Y,0,N,Y,Y,Y,Y,N,Y,N,0,N,N,Y,N,Y,Y,0,DFC304F6-BF9E-4D79-9C32AA0DB631525E.JPG,2011-03-21 16:06:48,,N,N
5.125076697639197,52.111370505321851,PUT,NL:Q:59150610,59150610,0,,Station Overvecht,,,Utrecht,,GM0344,Utrecht,Utrecht,,G,,Tiberdreef,,,"30 Leidsche Rijn via Overv. NS, 30 Leidsche Rijn via Zuilen NS, 30 Overvecht-Zuid via Overv. NS, 30 Leidsche Rijn via Overv. NS, 30 Leidsche Rijn via Zuilen NS, 30 Overvecht-Zuid via Overv. NS",bus,nl.bus.50002191,,,,,51,,available,,regular,,2011-03-28 14:44:00,Y,Y,langshalte,0,0,18,0,"0,18","1,50","1,50",18,1,N,0,"1,50","0,09",Y,Y,N,N,N,N,Y,0,N,Y,Y,Y,Y,N,Y,N,0,N,N,Y,N,Y,Y,0,867A1C82-C351-4932-92B9F9872FD4E145.JPG,2011-03-21 16:16:00,,N,N
5.124887765617061,52.111226276759361,PUT,NL:Q:59150611,59150611,0,,Station Overvecht,,,Utrecht,,GM0344,Utrecht,Utrecht,,G,,Tiberdreef,,,"1 Overvecht via Utrecht CS, 1 Overvecht via Utrecht CS",bus,nl.bus.50002191,,,,,51,,available,,regular,,2011-03-28 14:44:00,Y,Y,langshalte,0,0,20,0,"0,18","1,50","1,50",20,1,N,0,"1,50","0,09",Y,Y,N,N,N,N,Y,0,N,Y,Y,Y,Y,N,Y,Y,0,N,N,Y,N,Y,Y,0,A9915191-13F8-47EE-B7D42AAC3807DB74.JPG,2011-03-21 16:07:47,,N,N
5.124744580955658,52.110749592406499,PUT,NL:Q:59152190,59152190,0,,Station Overvecht,,,Utrecht,,GM0344,Utrecht,Utrecht,,G,,Tiberdreef,,,"122 Nieuw-Loosdrecht via Westbroek, 122 Utrecht Overvecht NS, 122 Westbroek, 35 Maarssen-Dorp via Maarsseveen, 35 Overvecht NS via Maarsseveen, 122 Nieuw-Loosdrecht via Westbroek, 122 Utrecht Overvecht NS, 122 Westbroek, 35 Maarssen-Dorp via Maarsseveen, 35 Overvecht NS via Maarsseveen",bus,nl.bus.50002191,,,,,310,,available,,temporary,,2012-03-15 00:00:00,Y,Y,semi-haltehaven,"3,5",0,20,5,"0,18","1,50","1,50",18,"1,50",N,0,"1,50",0,Y,Y,Y,Y,Y,Y,Y,0,N,Y,Y,Y,Y,Y,Y,Y,50,N,N,Y,N,N,N,,C06E54FB-575A-4D5F-B3FC846411F6AE02.jpg,2014-12-05 15:53:40,,N,N
5.043764798387592,52.099854765955101,PUT,NL:Q:51114350,51114350,0,,Station Terwijde,,,Utrecht,,GM0344,Utrecht,Utrecht,,G,,Utrechtseweg,,,"26 Utrecht CS via Terwijde NS, 26 Utrecht CS via Terwijde NS",bus,nl.bus.51114350,,,,,95,,available,,regular,,2012-08-08 13:30:00,Y,Y,haltehaven,3,20,50,20,"0,18",2,2,50,1,N,0,2,"0,09",Y,Y,N,N,N,N,Y,0,N,Y,N,Y,Y,N,Y,Y,0,N,N,Y,N,Y,Y,0,3F2394E3-0E16-48C5-9C0E516BBE3A39B4.JPG,2012-08-03 10:09:41,,N,N
5.043647906051272,52.09987240159181,PUT,NL:Q:51114360,51114360,0,,Station Terwijde,,,Utrecht,,GM0344,Utrecht,Utrecht,,G,,Utrechtseweg,,,"26 Vleuterweide via Langerak, 26 Vleuterweide via Langerak",bus,nl.bus.51114350,,,,,275,,available,,regular,,2012-08-08 13:31:00,Y,Y,haltehaven,3,10,34,15,"0,18","1,50","1,50",34,1,N,0,"1,50","0,09",Y,Y,N,N,N,N,Y,0,N,Y,N,Y,Y,N,Y,N,0,N,N,Y,N,N,N,,AA40726B-D4B3-44EE-9A69FC2B40C15893.JPG,2012-08-03 10:07:09,,N,N
5.008234847045766,52.102361459401969,PUT,NL:Q:51200500,51200500,0,,Station Vleuten,,,Vleuten,,GM0344,Utrecht,Utrecht,,G,,De Sporeplein,,,"125 Vleuten-Dorp, 127 Kockengen via Haarzuilens, 420 Loenen ad Vecht Kerklaan, 28 De Uithof P+R via Utrecht CS, 28 De Uithof P+R via Utrecht CS, 420 Loenen ad Vecht Kerklaan, 125 Vleuten-Dorp, 127 Kockengen via Haarzuilens",bus,nl.bus.51200500,,,,,197,,available,,regular,,2012-08-01 14:12:00,Y,N,langshalte,0,0,60,0,"0,18",10,10,60,1,N,0,3,"0,12",N,N,N,N,N,N,Y,0,N,Y,Y,Y,Y,N,Y,N,0,N,N,Y,N,Y,Y,0,10F49079-827B-43BA-88707B8BD634527E.JPG,2012-08-02 14:11:09,,N,N
5.089248237395577,52.103232143902083,PUT,NL:Q:50000920,50000920,0,,Station Zuilen,,,Utrecht,,GM0344,Utrecht,Utrecht,,G,,St.-Josephlaan,,,"30 Leidsche Rijn via Overv. NS, 30 Leidsche Rijn via Zuilen NS, 30 Leidsche Rijn via Overv. NS, 30 Leidsche Rijn via Zuilen NS",bus,nl.bus.50000920,,,,,237,,available,,regular,,2012-07-31 12:01:00,Y,Y,haltehaven,3,20,18,15,"0,18","1,80","1,80","18,45",1,N,0,2,"0,09",Y,Y,N,N,N,N,Y,0,N,N,Y,Y,Y,N,Y,N,0,N,N,N,N,N,N,,52E63946-E1DB-44C5-8DD7E3809074C678.JPG,2012-08-01 12:00:59,,N,N
5.089539667518727,52.103304784324266,PUT,NL:Q:59150910,59150910,0,,Station Zuilen,,,Utrecht,,GM0344,Utrecht,Utrecht,,G,,St.-Josephlaan,,,"30 Leidsche Rijn Ziekenhuis, 30 Leidsche Rijn Ziekenhuis",bus,nl.bus.50000920,,,,,50,,available,,regular,,2012-07-31 11:58:00,Y,Y,haltehaven,3,20,18,15,"0,18","2,40","2,40","18,90",1,N,0,2,"0,09",Y,Y,N,N,N,N,Y,0,N,N,Y,Y,Y,N,Y,Y,0,N,N,N,N,N,N,,57EF2642-F1A4-4E67-80AB5BDD0AF945AB.JPG,2012-08-01 11:58:01,,N,N
5.131793794002913,52.065033787815509,PUT,NL:Q:50006490,50006490,0,,Stelviobaan,,,Utrecht,,GM0344,Utrecht,Utrecht,,G,,Oude Liesbosweg,,,"10 Leidsche Rijn via Kan'eiland, 31 De Uithof AZU via Rijnsweerd, 447 Houten via Lunetten, 8 Lunetten via Utrecht CS, 10 Leidsche Rijn via Kan'eiland, 31 De Uithof AZU via Rijnsweerd, 447 Houten via Lunetten, 8 Lunetten via Utrecht CS",bus,nl.bus.50006490,,,,,224,,available,,regular,,2011-09-22 15:04:00,Y,Y,haltehaven,3,8,12,8,"0,18","1,50","1,50",12,1,N,0,0,"0,09",Y,Y,N,N,N,N,Y,0,N,Y,Y,Y,Y,N,Y,N,0,N,N,Y,N,Y,Y,0,D0B87729-7F9F-48EB-A3C347B193DC96BD.JPG,2011-09-23 15:03:22,,N,N
5.132592128883658,52.065691646167693,PUT,NL:Q:50006500,50006500,0,,Stelviobaan,,,Utrecht,,GM0344,Utrecht,Utrecht,,G,,Stelviobaan,,,"10 Leidsche Rijn Ziekenhuis, 10 Lunetten NS, 31 Lunetten NS, 447 Utrecht CS Centrumzijde, 8 Diakonessenhuis via Utrecht CS, 10 Leidsche Rijn Ziekenhuis, 10 Lunetten NS, 31 Lunetten NS, 447 Utrecht CS Centrumzijde, 8 Diakonessenhuis via Utrecht CS",bus,nl.bus.50006490,,,,,29,,available,,regular,,2011-09-22 15:06:00,Y,Y,semi-haltehaven,3,0,14,8,"0,18","1,50","1,50",14,1,N,0,"1,50","0,09",Y,Y,N,N,N,N,Y,0,N,Y,Y,Y,Y,N,Y,N,0,N,N,Y,N,Y,Y,0,14B1471C-1356-45A8-97C3A2CA186493B8.JPG,2011-09-23 15:06:27,,N,N
5.127722096034686,52.080646192747608,PUT,NL:Q:50001000,50001000,0,,Sterrenwijk,,,Utrecht,,GM0344,Utrecht,Utrecht,,G,,Albatrosstraat,,,"12 Utrecht CS Centrumzijde, 41 Utrecht CS Centrumzijde, 41 Zeist via Utrecht CS, 12 Utrecht CS Centrumzijde, 41 Utrecht CS Centrumzijde, 41 Zeist via Utrecht CS",bus,nl.bus.50001000,,,,,304,,available,,regular,,2013-05-20 00:00:00,N,N,langshalte,0,0,0,0,0,0,0,0,0,N,0,0,0,N,N,N,N,N,N,N,0,N,N,N,N,N,N,N,N,0,N,N,N,N,N,N,,,,,N,N
5.128103520201974,52.080278520427747,PUT,NL:Q:50001010,50001010,0,,Sterrenwijk,,,Utrecht,,GM0344,Utrecht,Utrecht,,G,,Venuslaan,,,"12 De Uithof AZU via Galgenwaard, 41 Stadion Galgenwaard, 41 Wijk bij Duurstede, 477 Bilthoven via De Uithof, 12 De Uithof AZU via Galgenwaard, 41 Stadion Galgenwaard, 41 Wijk bij Duurstede, 477 Bilthoven via De Uithof",bus,nl.bus.50001000,,,,,122,,available,,regular,,2013-05-20 00:00:00,N,N,langshalte,0,0,0,0,0,0,0,0,0,N,0,0,0,N,N,N,N,N,N,N,0,N,N,N,N,N,N,N,N,0,N,N,N,N,N,N,,,,,N,N
5.058060456150859,52.078998229270489,PUT,NL:Q:51110040,51110040,0,,Strijkviertel,,,de meern,,GM0344,Utrecht,Utrecht,,G,,,,,"102 Utrecht CS/Jaarbeurs, 103 Utrecht CS/Jaarbeurs, 107 Utrecht CS/Jaarbeurs, 102 Utrecht CS/Jaarbeurs, 103 Utrecht CS/Jaarbeurs, 107 Utrecht CS/Jaarbeurs",bus,nl.bus.51110040,,,,,,,available,,regular,,2013-05-20 00:00:00,N,N,langshalte,0,0,0,0,0,0,0,0,0,N,0,0,0,N,N,N,N,N,N,N,0,N,N,N,N,N,N,N,N,0,N,N,N,N,N,N,,,,,N,N
5.057928308967511,52.079114705563491,PUT,NL:Q:51110050,51110050,0,,Strijkviertel,,,de meern,,GM0344,Utrecht,Utrecht,,G,,,,,"102 Woerden Station, 103 Woerden Station (Zuid), 107 Gouda Station, 107 Montfoort , 107 Montfoort Kasteelplein, 107 Oudewater , 102 Woerden Station, 103 Woerden Station (Zuid), 107 Gouda Station, 107 Montfoort , 107 Montfoort Kasteelplein, 107 Oudewater",bus,nl.bus.51110040,,,,,,,available,,regular,,2013-05-20 00:00:00,N,N,langshalte,0,0,0,0,0,0,0,0,0,N,0,0,0,N,N,N,N,N,N,N,0,N,N,N,N,N,N,N,N,0,N,N,N,N,N,N,,,,,N,N
5.006052445577295,52.099837758530768,PUT,NL:Q:51200450,51200450,0,,Stroomrugbaan,,,Vleuten,,GM0344,Utrecht,Utrecht,,G,,Stroomrugbaan,,,"26 Utrecht CS via Terwijde NS, 26 Utrecht CS via Terwijde NS",bus,nl.bus.51200450,,,,,93,,available,,regular,,2012-08-07 13:02:00,N,Y,langshalte,0,0,18,0,"0,18","1,40","1,40",18,1,Y,0,"2,40","0,09",Y,Y,N,N,N,N,Y,0,N,Y,Y,N,N,N,N,N,0,N,N,N,N,N,N,,FF22261D-3008-4050-81E7BA944157E6BD.JPG,2012-08-02 14:15:36,,N,N
5.007089246866269,52.099769200802335,PUT,NL:Q:51200461,51200461,0,,Stroomrugbaan,,,Vleuten,,GM0344,Utrecht,Utrecht,,G,,Stroomrugbaan,,,"26 Vleuterweide via Langerak, 26 Vleuterweide via Langerak",bus,nl.bus.51200450,,,,,280,,available,,regular,,2012-03-15 00:00:00,Y,Y,langshalte,0,0,"24,4",0,"0,18","1,80","1,80","22,40","1,80",N,0,2,0,Y,Y,Y,Y,N,N,Y,0,N,N,Y,N,N,N,N,N,0,N,N,Y,N,N,N,,71AF11D0-29AD-4501-AF46AB1B0992A48A.jpg,2014-12-05 15:53:49,,N,N
5.095114911905563,52.076534261485307,PUT,NL:Q:50000511,50000511,0,,Struyckenlaan,,,Utrecht,,GM0344,Utrecht,Utrecht,,G,,Beneluxlaan,,,"10 Leidsche Rijn via Kan'eiland, 10 Leidsche Rijn via Kan'eiland",bus,nl.bus.50000511,,,,,318,,available,,regular,,2011-04-19 13:01:00,Y,Y,semi-haltehaven,"3,5",0,22,10,"0,18",3,3,22,1,N,0,3,"0,09",Y,Y,N,N,N,N,Y,0,N,Y,Y,Y,Y,N,Y,N,0,N,N,Y,N,N,N,,24028E99-8190-4A8C-9A4321582022F950.JPG,2011-04-20 13:01:26,,N,N
5.095720987322272,52.075304392690271,PUT,NL:Q:50000512,50000512,0,,Struyckenlaan,,,Utrecht,,GM0344,Utrecht,Utrecht,,G,,Beneluxlaan,,,"10 Leidsche Rijn Ziekenhuis, 10 Lunetten NS, 14 Transwijk via Kan'eiland, 10 Leidsche Rijn Ziekenhuis, 10 Lunetten NS, 14 Transwijk via Kan'eiland",bus,nl.bus.50000511,,,,,138,,available,,regular,,2011-04-19 13:04:00,N,N,haltehaven,"3,5",10,22,10,"0,18","0,90","0,90",22,1,N,0,"1,50","0,09",Y,N,N,N,N,N,Y,0,N,Y,Y,N,N,N,Y,N,0,N,N,Y,N,N,N,,A740188F-A222-43EA-82B6ABAA26332703.JPG,2011-04-20 13:04:08,,N,N
5.087699732636652,52.107794153258745,PUT,NL:Q:59150300,59150300,0,,Sweder van Zuylenweg,,,Utrecht,,GM0344,Utrecht,Utrecht,,G,,Amsterdamsestraatweg,,,"3 Utrecht CS Centrumzijde, 120 Utrecht Centraal, 3 Utrecht CS Centrumzijde, 120 Utrecht Centraal",bus,nl.bus.59150300,,,,,120,,available,,regular,,2012-08-05 12:31:00,Y,Y,langshalte,0,0,18,0,"0,18","2,80","2,80",22,1,N,0,"1,50","0,09",Y,Y,N,N,N,N,Y,0,N,Y,Y,Y,Y,N,Y,N,0,N,N,Y,N,Y,Y,0,3AE024F3-FBA4-492B-B83C0C5C2E900AD7.JPG,2012-08-06 12:29:47,,N,N
5.086248406279447,52.108716227935936,PUT,NL:Q:59150550,59150550,0,,Sweder van Zuylenweg,,,Utrecht,,GM0344,Utrecht,Utrecht,,G,,Amsterdamsestraatweg,,,"3 Zuilen, 120 Amsterdam Station Bijlmer, 120 Loenen ad Vecht , 3 Zuilen, 120 Amsterdam Station Bijlmer, 120 Loenen ad Vecht",bus,nl.bus.59150300,,,,,300,,available,,regular,,2012-08-05 12:29:00,Y,Y,langshalte,0,0,18,0,"0,18",2,2,22,1,N,0,"1,20","0,09",Y,Y,N,N,N,N,Y,0,N,N,Y,Y,Y,N,Y,N,0,N,N,Y,N,Y,Y,0,D596D171-38DD-4BD5-8EDE3EA702B27934.JPG,2012-08-06 12:27:46,,N,N
5.115740829562511,52.110207907648267,PUT,NL:Q:59152050,59152050,0,,Taagdreef,,,Utrecht,,GM0344,Utrecht,Utrecht,,G,,Taagdreef,,,"6 Utrecht CS Centrumzijde, 9 Utrecht CS Centrumzijde, 6 Utrecht CS Centrumzijde, 9 Utrecht CS Centrumzijde",bus,nl.bus.59152050,,,,,237,,available,,regular,,2012-07-31 12:19:00,Y,Y,langshalte,0,0,18,0,"0,18","2,40","2,40",18,1,N,0,2,"0,09",Y,Y,N,N,N,N,Y,0,N,Y,N,Y,Y,N,Y,N,0,N,N,N,N,N,N,,4A4630E9-3F03-40B2-88EE33B4E7F05F6A.JPG,2012-08-01 12:19:02,,N,N
5.115665548387819,52.110585231972692,PUT,NL:Q:59152060,59152060,0,,Taagdreef,,,Utrecht,,GM0344,Utrecht,Utrecht,,G,,Rhonedreef,,,"6 Overvecht-Noord via Nijenoord, 9 Overvecht-Noord via Talmalaan, 6 Overvecht-Noord via Nijenoord, 9 Overvecht-Noord via Talmalaan",bus,nl.bus.59152050,,,,,301,,available,,regular,,2012-07-31 12:21:00,Y,Y,langshalte,0,0,18,0,"0,18","1,50","1,50",18,1,N,0,2,"0,09",Y,Y,N,N,N,N,Y,0,N,Y,Y,Y,Y,N,Y,N,0,N,N,Y,N,N,N,,8C39451A-30C8-43B5-8006EB6876759B95.JPG,2012-08-01 12:21:13,,N,N
5.082023576788692,52.068978052588278,PUT,NL:Q:51111410,51111410,0,,Taatsenplein,,,Utrecht,,GM0344,Utrecht,Utrecht,,G,,Taatsenplein,,,"29 Papendorp Zuid, 29 Papendorp Zuid",bus,,,,,,240,,available,,regular,,2012-03-15 00:00:00,Y,Y,langshalte,0,0,42,0,"0,18","2,50","2,50",38,"1,30",N,0,"1,80",0,Y,Y,Y,Y,Y,Y,Y,0,N,Y,Y,Y,Y,Y,Y,N,0,N,N,Y,N,N,N,,11889FC3-B73B-4470-9D3283BABA29722D.jpg,2014-12-05 15:54:09,,N,N
5.08158899463547,52.068545497254213,PUT,NL:Q:51111411,51111411,0,,Taatsenplein,,,Utrecht,,GM0344,Utrecht,Utrecht,,G,,Orteliuslaan,,,"48 Maarssen NS via Papendorp, 48 Papendorp via Nieuwegein, 48 Maarssen NS via Papendorp, 48 Papendorp via Nieuwegein",bus,,,,,,326,,available,,regular,,2013-05-20 00:00:00,N,N,langshalte,0,0,0,0,0,0,0,0,0,N,0,0,0,N,N,N,N,N,N,N,0,N,N,N,N,N,N,N,N,0,N,N,N,N,N,N,,,,,N,N
5.122130429670839,52.115857936781566,PUT,NL:Q:59151302,59151302,0,,Tamarinde,,,Utrecht,,GM0344,Utrecht,Utrecht,,G,,Neckardreef,,,"1 Overvecht via Utrecht CS, 1 Overvecht via Utrecht CS",bus,,,,,,301,,available,,regular,,2013-05-20 00:00:00,N,N,langshalte,0,0,0,0,0,0,0,0,0,N,0,0,0,N,N,N,N,N,N,N,0,N,N,N,N,N,N,N,N,0,N,N,N,N,N,N,,,,,N,N
5.140256120766209,52.066939320763645,PUT,NL:Q:50006522,50006522,0,,Texel,,,Utrecht,,GM0344,Utrecht,Utrecht,,G,,Brennerbaan,,,"10 Leidsche Rijn via Kan'eiland, 15 Hoograven, 31 De Uithof AZU via Rijnsweerd, 10 Leidsche Rijn via Kan'eiland, 15 Hoograven, 31 De Uithof AZU via Rijnsweerd",bus,,,,,,303,,available,,regular,,2013-05-20 00:00:00,N,N,langshalte,0,0,0,0,0,0,0,0,0,N,0,0,0,N,N,N,N,N,N,N,0,N,N,N,N,N,N,N,N,0,N,N,N,N,N,N,,,,,N,N
5.056610898136799,52.105392181273224,PUT,NL:Q:51112533,51112533,0,,The Wall,,,Utrecht,,GM0344,Utrecht,Utrecht,,G,,WOUDWETERING,,,"10 Leidsche Rijn Ziekenhuis, 19 Terwijde via De Wetering, 30 Leidsche Rijn Ziekenhuis, 10 Leidsche Rijn Ziekenhuis, 19 Terwijde via De Wetering, 30 Leidsche Rijn Ziekenhuis",bus,nl.bus.51112533,,,,,57,,available,,regular,,2012-08-08 12:56:00,Y,Y,langshalte,0,0,22,0,"0,18",2,2,18,1,N,0,3,"0,09",Y,Y,N,N,N,N,Y,0,N,N,Y,N,N,N,N,N,0,N,N,N,N,N,N,,,,,N,N
5.056959478745058,52.105626847697323,PUT,NL:Q:51112538,51112538,0,,The Wall,,,Utrecht,,GM0344,Utrecht,Utrecht,,G,,WOUDWETERING,,,"19 De Wetering via Terwijde, 19 De Wetering via Terwijde",bus,nl.bus.51112533,,,,,237,,available,,regular,,2012-08-08 12:58:00,Y,Y,langshalte,0,0,22,0,"0,18","2,40","2,40",18,1,N,0,"0,50","0,09",Y,Y,N,N,N,N,Y,0,N,Y,N,Y,Y,N,Y,N,0,N,N,Y,N,N,N,,,,,N,N
5.114679270718351,52.116721784420172,PUT,NL:Q:59151250,59151250,0,,Theemsdreef,,,Utrecht,,GM0344,Utrecht,Utrecht,,G,,Theemsdreef,,,"1 Hoograven via Utrecht CS, 30 De Uithof WKZ via Rijnsweerd, 30 Leidsche Rijn Ziekenhuis, 9 Overvecht-Noord via Talmalaan, 1 Hoograven via Utrecht CS, 30 De Uithof WKZ via Rijnsweerd, 30 Leidsche Rijn Ziekenhuis, 9 Overvecht-Noord via Talmalaan",bus,,,,,,58,,available,,regular,,2011-03-29 16:35:00,Y,Y,langshalte,0,0,"18,9",0,"0,18",2,2,"18,90",1,N,0,2,"0,09",Y,Y,N,N,N,N,Y,0,N,Y,Y,Y,Y,N,Y,N,0,N,N,Y,N,Y,Y,0,42BFD1DD-B196-47A3-AAA10815EB236894.JPG,2011-03-21 15:18:47,,N,N
5.114518726987527,52.11671242537426,PUT,NL:Q:59151260,59151260,0,,Theemsdreef,,,Utrecht,,GM0344,Utrecht,Utrecht,,G,,Theemsdreef,,,"1 Overvecht via Utrecht CS, 30 Leidsche Rijn via Overv. NS, 30 Leidsche Rijn via Zuilen NS, 30 Overvecht-Zuid via Overv. NS, 9 Utrecht CS Centrumzijde, 1 Overvecht via Utrecht CS, 30 Leidsche Rijn via Overv. NS, 30 Leidsche Rijn via Zuilen NS, 30 Overvecht-Zuid via Overv. NS, 9 Utrecht CS Centrumzijde",bus,,,,,,239,,available,,regular,,2011-03-28 14:33:00,Y,Y,langshalte,0,0,"18,5",0,"0,18",2,2,"18,50",1,N,0,2,"0,09",Y,Y,N,N,N,N,Y,0,N,Y,Y,Y,Y,N,Y,N,0,N,N,Y,N,Y,Y,0,B9A1CF7A-17BF-43A0-937F465E37485B72.JPG,2011-03-21 15:20:09,,N,N
5.009624064537349,52.115875002087051,PUT,NL:Q:51200390,51200390,0,,Thematerweg,,,Haarzuilens,,GM0344,Utrecht,Utrecht,,G,,Thematerweg,,,"127 Vleuten NS, 127 Vleuten NS via Haarzuilens, 127 Vleuten NS, 127 Vleuten NS via Haarzuilens",bus,,,,,,130,,available,,regular,,2012-03-15 00:00:00,N,N,langshalte,0,0,10,0,"0,05","0,70","0,70",0,"0,70",N,0,0,"0,05",N,N,N,N,N,N,Y,0,N,N,Y,N,N,N,N,N,0,N,N,Y,N,N,N,,DBDE2BFB-BA9D-4015-BF4444D2ADBC1ACD.jpg,2014-12-05 15:54:18,,N,N
5.008890363662397,52.116313066335842,PUT,NL:Q:59230010,59230010,0,,Thematerweg,,,Haarzuilens,,GM0344,Utrecht,Utrecht,,G,,Thematerweg,,,"127 Kockengen via Haarzuilens, 127 Kockengen via Haarzuilens",bus,,,,,,298,,available,,regular,,2013-05-20 00:00:00,N,N,langshalte,0,0,0,0,0,0,0,0,0,N,0,0,0,N,N,N,N,N,N,N,0,N,N,N,N,N,N,N,N,0,N,N,N,N,N,N,,,,,N,N
5.068914573907792,52.101444318410209,PUT,NL:Q:59140040,59140040,0,,Thoriumweg,,,Utrecht,,GM0344,Utrecht,Utrecht,,G,,Atoomweg,,,"37 Utrecht CS via Maarssenbr, 38 Utrecht CS via Lage Weide, 37 Utrecht CS via Maarssenbr, 38 Utrecht CS via Lage Weide",bus,nl.bus.59140040,,,,,164,,available,,regular,,2013-05-20 00:00:00,N,N,langshalte,0,0,0,0,0,0,0,0,0,N,0,0,0,N,N,N,N,N,N,N,0,N,N,N,N,N,N,N,N,0,N,N,N,N,N,N,,,,,N,N
5.069034274020688,52.101031190308596,PUT,NL:Q:59140041,59140041,0,,Thoriumweg,,,Utrecht,,GM0344,Utrecht,Utrecht,,G,,Atoomweg,,,"37 Maarssenbroek via Lage Weide, 38 Maarssen NS via Lage Weide, 37 Maarssenbroek via Lage Weide, 38 Maarssen NS via Lage Weide",bus,nl.bus.59140040,,,,,344,,available,,regular,,2013-05-20 00:00:00,N,N,langshalte,0,0,0,0,0,0,0,0,0,N,0,0,0,N,N,N,N,N,N,N,0,N,N,N,N,N,N,N,N,0,N,N,N,N,N,N,,,,,N,N
5.123980564218441,52.081824324784733,PUT,NL:Q:50006730,50006730,0,,Tolsteegbrug,,,Utrecht,,GM0344,Utrecht,Utrecht,,G,,Tolsteegbarriere,,,"2 Museumkwartier, 2 Museumkwartier",bus,nl.bus.50006730,,,,,153,,available,,regular,,2012-08-05 09:41:00,N,Y,semi-haltehaven,3,0,12,0,"0,18","0,90","0,90",12,1,N,0,"2,40","0,09",Y,Y,N,N,N,N,Y,0,N,Y,Y,Y,Y,N,Y,N,0,N,N,Y,N,Y,Y,0,B98CF927-7935-4A27-BD985FB5260FCDF5.JPG,2012-08-06 09:41:25,,N,N
5.123154897286902,52.075881356503409,PUT,NL:Q:50001350,50001350,0,,Tolsteegplantsoen,,,Utrecht,,GM0344,Utrecht,Utrecht,,G,,Briljantlaan,,,"447 Houten via Lunetten, 47 Hoograven via Tolsteeg, 47 Houten via Hoograven, 8 Lunetten via Utrecht CS, 447 Houten via Lunetten, 47 Hoograven via Tolsteeg, 47 Houten via Hoograven, 8 Lunetten via Utrecht CS",bus,,,,,,188,,available,,regular,,2012-07-31 14:07:00,Y,Y,langshalte,"0,1",0,18,0,"0,18","1,50","1,50",18,1,N,0,"2,40","0,09",Y,Y,N,N,N,N,Y,0,N,Y,Y,Y,Y,N,Y,N,0,N,N,Y,N,Y,Y,0,4D6080F9-2F76-4112-A1F6DF3011E50A59.JPG,2012-08-01 14:05:52,,N,N
5.123127633221226,52.075557724332342,PUT,NL:Q:50001360,50001360,0,,Tolsteegplantsoen,,,Utrecht,,GM0344,Utrecht,Utrecht,,G,,Briljantlaan,,,"447 Utrecht CS Centrumzijde, 47 Utrecht CS Centrumzijde, 47 Utrecht CS via Doornkade, 47 Zeist via Utrecht CS, 8 Diakonessenhuis via Utrecht CS, 447 Utrecht CS Centrumzijde, 47 Utrecht CS Centrumzijde, 47 Utrecht CS via Doornkade, 47 Zeist via Utrecht CS, 8 Diakonessenhuis via Utrecht CS",bus,,,,,,7,,available,,regular,,2012-07-31 14:08:00,Y,Y,langshalte,"0,1",0,18,0,"0,18",3,3,18,1,N,0,3,"0,09",Y,Y,N,N,N,N,Y,0,N,Y,Y,Y,Y,N,Y,N,0,N,N,Y,N,Y,Y,0,7E6613C8-0DE6-4EF7-B6978025785F97DB.JPG,2012-08-01 14:08:12,,N,N
5.044153574573699,52.091029596952218,PUT,NL:Q:51111210,51111210,0,,Tweede Westerparklaan,,,Utrecht,,GM0344,Utrecht,Utrecht,,G,,'t Zand,,,"26 Vleuterweide via Langerak, 26 Vleuterweide via Langerak",bus,,,,,,13,,available,,regular,,2012-08-08 13:33:00,N,Y,langshalte,0,0,12,0,"0,18","1,20","1,20",12,1,N,0,"1,20","0,09",Y,Y,N,N,N,N,Y,0,N,N,N,N,N,N,N,N,0,N,N,N,N,N,N,,5C94CA19-DDC8-48D3-BFA8A4153E84AD15.JPG,2012-08-03 10:17:37,,N,N
5.04409824225972,52.090633959845597,PUT,NL:Q:51111220,51111220,0,,Tweede Westerparklaan,,,Utrecht,,GM0344,Utrecht,Utrecht,,G,,'t Zand,,,"26 Utrecht CS via Terwijde NS, 26 Utrecht CS via Terwijde NS",bus,,,,,,184,,available,,regular,,2012-08-08 13:34:00,N,Y,langshalte,0,0,18,0,"0,18","1,20","1,20",18,1,N,0,"1,20","0,12",Y,Y,N,N,N,N,Y,0,N,Y,Y,Y,Y,N,N,N,0,N,N,Y,N,N,N,,0096BD8F-D5A4-42C0-AF359B06CE44B15C.JPG,2012-08-03 10:19:15,,N,N
5.124950985705866,52.085511597816989,PUT,NL:Q:50006690,50006690,0,,Universiteitsmuseum,,,Utrecht,,GM0344,Utrecht,Utrecht,,G,,Groenestraat,,,"2 Museumkwartier, 2 Museumkwartier",bus,nl.bus.50006690,,,,,126,,available,,regular,,2012-08-14 12:45:00,N,Y,langshalte,0,0,12,0,"0,18","1,20","1,20",12,1,N,0,"1,20","0,09",Y,Y,N,N,N,N,Y,0,N,Y,Y,Y,Y,N,Y,N,0,N,N,Y,N,Y,Y,0,80EFD67C-9CFD-4C71-865DFB0CAB136B1F.JPG,2012-08-06 09:44:26,,N,N
5.176663623381791,52.087305027800767,PUT,NL:Q:50100571,50100571,0,,Uppsalalaan,,,Utrecht,,GM0344,Utrecht,Utrecht,,G,,Universiteitsweg,,,"412 Zeist via De Uithof, 477 Bilthoven via De Uithof, 412 Zeist via De Uithof, 477 Bilthoven via De Uithof",bus,,,,,,357,,available,,regular,,2012-03-15 00:00:00,N,N,langshalte,0,0,0,0,0,0,0,0,0,N,0,0,0,N,N,N,N,N,N,Y,0,N,N,Y,N,N,N,N,N,0,N,N,Y,N,N,N,,E1881C0C-C5FF-46E3-8C85C206B2E648C7.jpg,2014-12-05 15:54:27,,N,N
5.064277604634771,52.108936744757344,PUT,NL:Q:59140071,59140071,0,,Uraniumweg,,,Utrecht,,GM0344,Utrecht,Utrecht,,G,,Atoomweg,,,"37 Maarssenbroek via Lage Weide, 38 Maarssen NS via Lage Weide, 37 Maarssenbroek via Lage Weide, 38 Maarssen NS via Lage Weide",bus,nl.bus.59140071,,,,,312,,available,,regular,,2013-05-20 00:00:00,N,N,langshalte,0,0,0,0,0,0,0,0,0,N,0,0,0,N,N,N,N,N,N,N,0,N,N,N,N,N,N,N,N,0,N,N,N,N,N,N,,,,,N,N
5.064558909200126,52.108389243092809,PUT,NL:Q:59140080,59140080,0,,Uraniumweg,,,Utrecht,,GM0344,Utrecht,Utrecht,,G,,Atoomweg,,,"37 Utrecht CS via Maarssenbr, 38 Utrecht CS via Lage Weide, 37 Utrecht CS via Maarssenbr, 38 Utrecht CS via Lage Weide",bus,nl.bus.59140071,,,,,133,,available,,regular,,2013-05-20 00:00:00,N,N,langshalte,0,0,0,0,0,0,0,0,0,N,0,0,0,N,N,N,N,N,N,N,0,N,N,N,N,N,N,N,N,0,N,N,N,N,N,N,,,,,N,N
5.076962422338548,52.073234190643191,PUT,NL:Q:51111433,51111433,0,,Utrechtse Bazaar,,,Utrecht,,GM0344,Utrecht,Utrecht,,G,,Orteliuslaan,,,"24 De Meern-Oost via Papendorp, 48 Maarssen NS via Papendorp, 48 Papendorp via Nieuwegein, 102 Woerden Station, 103 Woerden Station (Zuid), 107 Gouda Station, 107 Montfoort , 107 Montfoort Kasteelplein, 107 Oudewater , 102 Woerden Station, 103 Woerden Station (Zuid), 107 Gouda Station, 107 Montfoort , 107 Montfoort Kasteelplein, 107 Oudewater , 24 De Meern-Oost via Papendorp, 48 Maarssen NS via Papendorp, 48 Papendorp via Nieuwegein",bus,nl.bus.51111433,,,,,330,,available,,regular,,2012-03-15 00:00:00,N,N,langshalte,0,0,18,0,"0,13","1,10","1,10",0,"1,10",N,0,"0,90","0,60",Y,N,N,N,N,N,Y,0,N,N,Y,N,N,N,N,N,0,N,N,Y,N,N,N,,864CF13E-F983-47B1-8BD8FC46C194EF80.jpg,2014-12-05 15:54:34,,N,N
5.077007611925794,52.073027583149575,PUT,NL:Q:51111434,51111434,0,,Utrechtse Bazaar,,,Utrecht,,GM0344,Utrecht,Utrecht,,G,,Orteliuslaan,,,"24 Utrecht CS via Papendorp, 48 Nieuwegein via L. Rijn NS, 48 Nieuwegein via Papendorp, 102 Utrecht CS/Jaarbeurs, 103 Utrecht CS/Jaarbeurs, 107 Utrecht CS/Jaarbeurs, 24 Utrecht CS via Papendorp, 48 Nieuwegein via L. Rijn NS, 48 Nieuwegein via Papendorp, 102 Utrecht CS/Jaarbeurs, 103 Utrecht CS/Jaarbeurs, 107 Utrecht CS/Jaarbeurs",bus,nl.bus.51111433,,,,,150,,available,,regular,,2012-03-15 00:00:00,N,N,langshalte,0,0,18,0,"0,12","1,50","1,50",0,"1,50",N,0,"1,50",0,N,N,N,N,N,N,Y,0,N,N,Y,Y,Y,Y,Y,N,0,N,N,Y,Y,N,N,,533E7DB3-E7CF-45A1-95D320E7029ADB72.jpg,2014-12-05 15:54:41,,N,N
5.095032860088153,52.080165247169944,PUT,NL:Q:50002550,50002550,0,,Van Bijnkershoeklaan,,,Utrecht,,GM0344,Utrecht,Utrecht,,G,,Admiraal Helfrichlaan,,,"14 Transwijk via Kan'eiland, 7 Kanaleneiland, 14 Transwijk via Kan'eiland, 7 Kanaleneiland",bus,nl.bus.50002550,,,,,253,,available,,regular,,2011-03-28 09:51:00,Y,Y,langshalte,0,0,18,0,"0,18","2,10","2,10",18,1,N,0,"2,10","0,09",Y,Y,N,N,N,N,Y,0,N,Y,Y,Y,Y,N,Y,N,0,N,N,Y,N,Y,Y,0,02D227BB-DA5B-46C0-933993AFB83A0F2F.JPG,2011-03-25 13:52:12,,N,N
5.096269326921133,52.080707590434692,PUT,NL:Q:50002560,50002560,0,,Van Bijnkershoeklaan,,,Utrecht,,GM0344,Utrecht,Utrecht,,G,,Admiraal Helfrichlaan,,,"7 Voordorp via Utrecht CS, 7 Voordorp via Utrecht CS",bus,nl.bus.50002550,,,,,51,,available,,regular,,2011-03-28 09:51:00,Y,Y,langshalte,0,0,18,0,"0,18","1,50","1,50",18,1,N,0,"1,50","0,09",Y,Y,N,N,N,N,Y,0,N,Y,Y,Y,Y,N,Y,N,0,N,N,Y,N,Y,Y,0,FB740C4C-6C48-4F82-854C69AB04677E0D.JPG,2011-03-25 13:49:54,,N,N
5.110626723264006,52.082665597482233,PUT,NL:Q:50006330,50006330,0,,Van der Goesstraat,,,Utrecht,,GM0344,Utrecht,Utrecht,,G,,Croeselaan,,,"1 Hoograven via Utrecht CS, 1 Hoograven via Utrecht CS",bus,,,,,,139,,available,,regular,,2013-05-20 00:00:00,N,N,langshalte,0,0,0,0,0,0,0,0,0,N,0,0,0,N,N,N,N,N,N,N,0,N,N,N,N,N,N,N,N,0,N,N,N,N,N,N,,,,,N,N
5.110345310893124,52.083348031032678,PUT,NL:Q:50006340,50006340,0,,Van der Goesstraat,,,Utrecht,,GM0344,Utrecht,Utrecht,,G,,Croeselaan,,,"1 Overvecht via Utrecht CS, 1 Overvecht via Utrecht CS",bus,,,,,,317,,available,,regular,,2013-05-20 00:00:00,N,N,langshalte,0,0,0,0,0,0,0,0,0,N,0,0,0,N,N,N,N,N,N,N,0,N,N,N,N,N,N,N,N,0,N,N,N,N,N,N,,,,,N,N
5.136833523221945,52.102623722404616,PUT,NL:Q:50003315,50003315,0,,Van Everdingenlaan,,,Utrecht,,GM0344,Utrecht,Utrecht,,G,,Kardinaal de Jongweg,,,"30 De Uithof WKZ via Rijnsweerd, 30 Leidsche Rijn Ziekenhuis, 32 De Uithof WKZ via Rijnsweerd, 30 De Uithof WKZ via Rijnsweerd, 30 Leidsche Rijn Ziekenhuis, 32 De Uithof WKZ via Rijnsweerd",bus,,,,,,95,,available,,regular,,2012-03-15 00:00:00,N,N,haltehaven,3,13,"21,6",8,"0,15",3,3,0,"1,10",N,0,"1,50","0,02",Y,N,N,N,N,N,Y,0,N,N,Y,Y,Y,Y,Y,Y,6,N,N,Y,N,N,N,,5C5917F4-52CC-4AF2-AF1405F55F935445.jpg,2014-12-05 15:54:55,,N,N
5.135767107491561,52.102792226550875,PUT,NL:Q:50003325,50003325,0,,Van Everdingenlaan,,,Utrecht,,GM0344,Utrecht,Utrecht,,G,,Kardinaal de Jongweg,,,"30 Leidsche Rijn via Overv. NS, 30 Overvecht-Zuid via Overv. NS, 32 Maarssen via Zuilen, 5 Kanaleneiland via Utrecht CS, 30 Leidsche Rijn via Overv. NS, 30 Overvecht-Zuid via Overv. NS, 32 Maarssen via Zuilen, 5 Kanaleneiland via Utrecht CS",bus,,,,,,280,,available,,regular,,2012-03-15 00:00:00,Y,Y,semi-haltehaven,3,17,28,0,"0,18","1,50","1,50",22,"1,50",N,0,"1,80","0,03",Y,Y,Y,Y,Y,Y,Y,0,N,Y,Y,Y,Y,Y,Y,N,0,N,N,Y,Y,Y,Y,3,8974EEFD-4F49-411B-94897CA35E7DB850.jpg,2014-12-05 15:55:02,,N,N
5.0908994749259,52.078707847745981,PUT,NL:Q:50002270,50002270,0,,Van Heuven Goedhartlaan,,,Utrecht,,GM0344,Utrecht,Utrecht,,G,,Van Heuven Goedhartlaan,,,"7 Kanaleneiland, 7 Kanaleneiland",bus,,,,,,240,,available,,regular,,2012-03-15 00:00:00,Y,Y,langshalte,0,0,22,0,"0,18","2,70","2,70",18,"1,50",N,0,"1,50",0,Y,Y,Y,Y,Y,Y,Y,0,N,Y,Y,Y,Y,Y,Y,N,0,N,N,Y,Y,Y,Y,3,0DF43A12-AC51-448D-A5063C1BFEE0B83C.jpg,2014-12-05 15:55:09,,N,N
5.090302523093677,52.078535572006246,PUT,NL:Q:50002280,50002280,0,,Van Heuven Goedhartlaan,,,Utrecht,,GM0344,Utrecht,Utrecht,,G,,Van Heuven Goedhartlaan,,,"7 Voordorp via Utrecht CS, 7 Voordorp via Utrecht CS",bus,,,,,,100,,available,,regular,,2012-03-15 00:00:00,Y,Y,langshalte,0,0,22,0,"0,18","2,90","2,50",18,"1,50",N,0,"1,50",0,Y,Y,Y,Y,Y,Y,Y,0,N,Y,Y,Y,Y,Y,Y,N,0,N,N,Y,Y,Y,Y,3,10730969-84C5-4005-B002E61592ADFDB3.jpg,2014-12-05 15:55:15,,N,N
5.097037628660981,52.108455648690367,PUT,NL:Q:50003400,50003400,0,,Van Hoornekade,,,Utrecht,,GM0344,Utrecht,Utrecht,,G,,Marnixlaan,,,"30 Leidsche Rijn via Overv. NS, 30 Leidsche Rijn via Zuilen NS, 30 Leidsche Rijn via Overv. NS, 30 Leidsche Rijn via Zuilen NS",bus,nl.bus.50003400,,,,,237,,available,,regular,,2012-08-14 12:46:00,N,Y,langshalte,0,8,18,15,"0,18","1,20","1,20",22,1,N,0,"1,20","0,09",Y,Y,N,N,N,N,Y,0,N,Y,Y,Y,Y,N,Y,N,0,N,N,Y,N,N,N,,DE5AFD45-AA52-4199-9B6BD79793BECBD0.JPG,2012-08-06 11:40:15,,N,N
5.098804289824788,52.10839706561768,PUT,NL:Q:50003660,50003660,0,,Van Hoornekade,,,Utrecht,,GM0344,Utrecht,Utrecht,,G,,Laan van Chartroise,,,"16 Utrecht CS Centrumzijde, 34 Utrecht CS via Maarssen-D, 36 Utrecht CS via Maarssen-D, 16 Utrecht CS Centrumzijde, 34 Utrecht CS via Maarssen-D, 36 Utrecht CS via Maarssen-D",bus,nl.bus.50003400,,,,,122,,available,,regular,,2012-08-05 11:33:00,Y,Y,langshalte,0,0,18,0,"0,18","2,80","2,80",18,1,N,0,"1,20","0,09",Y,Y,N,N,N,N,Y,0,N,Y,Y,Y,Y,N,Y,N,0,N,N,Y,N,Y,Y,0,D9BDE407-0E02-4AAB-A1A045AA9E112B90.JPG,2012-08-06 11:32:23,,N,N
5.098739523053373,52.109385592309323,PUT,NL:Q:59150390,59150390,0,,Van Hoornekade,,,Utrecht,,GM0344,Utrecht,Utrecht,,G,,Marnixlaan,,,"30 Leidsche Rijn Ziekenhuis, 32 De Uithof WKZ via Rijnsweerd, 30 Leidsche Rijn Ziekenhuis, 32 De Uithof WKZ via Rijnsweerd",bus,nl.bus.50003400,,,,,49,,available,,regular,,2012-08-05 11:39:00,Y,Y,langshalte,0,12,18,15,"0,18","1,50","1,50",18,1,N,0,"1,50","0,09",Y,Y,N,N,N,N,Y,0,N,Y,Y,Y,Y,N,Y,N,0,N,N,Y,N,N,N,,2B71CC6B-2065-45A0-90FF5988A615670B.JPG,2012-08-06 11:39:05,,N,N
5.097295773689367,52.109166339218291,PUT,NL:Q:59150401,59150401,0,,Van Hoornekade,,,Utrecht,,GM0344,Utrecht,Utrecht,,G,,Blois van Treslongstraat,,,"16 Vechtsebanen via Zuilen, 32 Maarssen via Zuilen, 34 Maarssen via Zuilen, 36 Maarssen via Zuilen, 16 Vechtsebanen via Zuilen, 32 Maarssen via Zuilen, 34 Maarssen via Zuilen, 36 Maarssen via Zuilen",bus,nl.bus.50003400,,,,,284,,available,,regular,,2012-08-05 11:37:00,Y,Y,langshalte,0,0,18,0,"0,18","1,80","1,80",18,1,N,0,1,"0,09",Y,Y,N,N,N,N,Y,0,N,Y,Y,N,N,N,N,N,0,N,N,Y,N,N,N,,03CD4241-4350-4C69-B26ECC3337C2FC8A.JPG,2012-08-06 11:36:31,,N,N
5.093410962517626,52.093895002203944,PUT,NL:Q:50000870,50000870,0,,Van Koetsveldstraat,,,Utrecht,,GM0344,Utrecht,Utrecht,,G,,Vleutenseweg,,,"19 De Wetering via Terwijde, 28 De Meern-Oost via Utrecht CS, 28 Vleuterweide via Centrum, 28 Vleuterweide via Parkwijk, 37 Maarssenbroek via Lage Weide, 38 Maarssen NS via Lage Weide, 39 Maarssen NS via Terwijde, 402 Utrecht CS , 402 Woerden Station, 407 Oudewater , 407 Utrecht CS , 420 Loenen ad Vecht Kerklaan, 19 De Wetering via Terwijde, 28 De Meern-Oost via Utrecht CS, 28 Vleuterweide via Centrum, 28 Vleuterweide via Parkwijk, 37 Maarssenbroek via Lage Weide, 38 Maarssen NS via Lage Weide, 39 Maarssen NS via Terwijde, 402 Utrecht CS , 402 Woerden Station, 407 Oudewater , 407 Utrecht CS , 420 Loenen ad Vecht Kerklaan",bus,,,,,,276,,available,,regular,,2012-08-01 10:34:00,N,Y,langshalte,0,0,40,0,"0,18","0,90","0,90",40,1,N,0,2,"0,12",N,Y,N,N,N,N,Y,0,N,Y,N,Y,Y,N,Y,N,0,N,N,Y,N,Y,Y,0,FB5BC745-FC65-4504-857083CC37B82028.JPG,2012-08-02 10:34:03,,N,N
5.093630615223802,52.093778704383105,PUT,NL:Q:50000880,50000880,0,,Van Koetsveldstraat,,,Utrecht,,GM0344,Utrecht,Utrecht,,G,,Padangstraat,,,"19 Terwijde via De Wetering, 28 De Uithof P+R via Utrecht CS, 28 Rijnsweerd via Utrecht CS, 37 Utrecht CS via Maarssenbr, 38 Utrecht CS via Lage Weide, 39 Utrecht CS Jaarbeurszijde, 39 Utrecht CS via Terwijde, 19 Terwijde via De Wetering, 28 De Uithof P+R via Utrecht CS, 28 Rijnsweerd via Utrecht CS, 37 Utrecht CS via Maarssenbr, 38 Utrecht CS via Lage Weide, 39 Utrecht CS Jaarbeurszijde, 39 Utrecht CS via Terwijde, 407 Utrecht CS , 407 Utrecht CS",bus,,,,,,97,,available,,regular,,2012-08-01 10:31:00,N,Y,langshalte,0,0,40,0,"0,18","0,60","0,60",40,"0,80",N,0,"0,60","0,12",N,Y,N,N,N,N,Y,0,N,Y,N,Y,Y,N,Y,N,0,N,N,Y,N,Y,Y,0,E4EE23AE-AA64-4E48-85C625475E502431.JPG,2012-08-02 10:31:33,,N,N
5.108849912121154,52.08452194822209,PUT,NL:Q:50006310,50006310,0,,Van Zijstweg,,,Utrecht,,GM0344,Utrecht,Utrecht,,G,,Croeselaan,,,"1 Hoograven via Utrecht CS, 1 Hoograven via Utrecht CS",bus,,,,,,137,,available,,regular,,2013-05-20 00:00:00,N,N,langshalte,0,0,0,0,0,0,0,0,0,N,0,0,0,N,N,N,N,N,N,N,0,N,N,N,N,N,N,N,N,0,N,N,N,N,N,N,,,,,N,N
5.102799345838524,52.067807632590075,PUT,NL:Q:50000671,50000671,0,,Vasco da Gamalaan,,,Utrecht,,GM0344,Utrecht,Utrecht,,G,,Beneluxlaan,,,"10 Leidsche Rijn Ziekenhuis, 10 Lunetten NS, 10 Leidsche Rijn Ziekenhuis, 10 Lunetten NS",bus,nl.bus.50000671,,,,,137,,available,,regular,,2013-05-20 00:00:00,N,N,langshalte,0,0,0,0,0,0,0,0,0,N,0,0,0,N,N,N,N,N,N,N,0,N,N,N,N,N,N,N,N,0,N,N,N,N,N,N,,,,,N,N
5.102283303662962,52.068687220418262,PUT,NL:Q:50000682,50000682,0,,Vasco da Gamalaan,,,Utrecht,,GM0344,Utrecht,Utrecht,,G,,Beneluxlaan,,,"10 Leidsche Rijn via Kan'eiland, 10 Leidsche Rijn via Kan'eiland",bus,nl.bus.50000671,,,,,317,,available,,regular,,2011-04-19 12:46:00,N,N,haltehaven,"3,5",8,22,10,"0,18","0,60","0,60",22,1,N,0,"1,50","0,09",Y,N,N,N,N,N,Y,0,N,Y,Y,Y,Y,N,Y,N,0,N,N,Y,N,N,N,,9D1D13AF-331A-47E5-AA09D1BF5F5A831E.JPG,2011-04-20 12:45:25,,N,N
5.097003406858266,52.06649022919899,PUT,NL:Q:50002128,50002128,0,,Vasco da Gamalaan,,,Utrecht,,GM0344,Utrecht,Utrecht,,G,,Columbuslaan,,,"7 Kanaleneiland, 7 Kanaleneiland",bus,nl.bus.50000671,,,,,138,,available,,regular,,2013-05-20 00:00:00,N,N,langshalte,0,0,0,0,0,0,0,0,0,N,0,0,0,N,N,N,N,N,N,N,0,N,N,N,N,N,N,N,N,0,N,N,N,N,N,N,,,,,N,N
5.096929965082991,52.06657094131716,PUT,NL:Q:50002129,50002129,0,,Vasco da Gamalaan,,,Utrecht,,GM0344,Utrecht,Utrecht,,G,,Columbuslaan,,,"7 Voordorp via Utrecht CS, 7 Voordorp via Utrecht CS",bus,nl.bus.50000671,,,,,318,,available,,regular,,2013-05-20 00:00:00,N,N,langshalte,0,0,0,0,0,0,0,0,0,N,0,0,0,N,N,N,N,N,N,N,0,N,N,N,N,N,N,N,N,0,N,N,N,N,N,N,,,,,N,N
5.10253294934744,52.068418180532156,PUT,NL:Q:50002140,50002140,0,,Vasco da Gamalaan,,,Utrecht,,GM0344,Utrecht,Utrecht,,G,,Beneluxlaan,,,"60 Utrecht CS Jaarbeursplein, 61 Utrecht CS Jaarbeursplein, 60 Utrecht CS Jaarbeursplein, 61 Utrecht CS Jaarbeursplein",tram,nl.tram.50002140,,,,,320,,available,,regular,,2014-09-24 18:38:00,Y,Y,langshalte,0,0,0,0,"0,86","2,70","2,70","64,80","1,76",Y,12,2,"0,86",N,Y,Y,Y,N,N,N,0,N,Y,Y,Y,Y,N,Y,N,0,Y,Y,Y,Y,Y,Y,3,3B6D56A4-CEB6-445C-897489EF9590BB20.jpg,2014-12-05 15:55:25,,N,N
5.102946097890414,52.067664176940134,PUT,NL:Q:50002170,50002170,0,,Vasco da Gamalaan,,,Utrecht,,GM0344,Utrecht,Utrecht,,G,,Beneluxlaan,,,"60 Nieuwegein Zuid, 61 IJsselstein Zuid, 61 Utrecht P+R Westraven, 60 Nieuwegein Zuid, 61 IJsselstein Zuid, 61 Utrecht P+R Westraven",tram,nl.tram.50002140,,,,,110,,available,,regular,,2014-09-24 18:49:00,Y,Y,langshalte,0,0,0,0,"0,84","2,10","2,10","64,80","1,23",Y,12,"1,45","0,84",N,Y,Y,Y,N,N,N,0,N,Y,Y,Y,Y,N,Y,N,0,Y,Y,Y,Y,Y,Y,3,63B35301-6827-4ED4-BBDE4DBF5A33B5B9.jpg,2014-12-05 15:55:31,,N,N
5.087522167914066,52.123396940087652,PUT,NL:Q:59151801,59151801,0,,Vechtsebanen,,,Utrecht,,GM0344,Utrecht,Utrecht,,G,,,,,"16 Utrecht CS Centrumzijde, 16 Vechtsebanen via Zuilen, 6 Overvecht-Noord via Nijenoord, 6 Utrecht CS Centrumzijde, 16 Utrecht CS Centrumzijde, 16 Vechtsebanen via Zuilen, 6 Overvecht-Noord via Nijenoord, 6 Utrecht CS Centrumzijde",bus,nl.bus.59151801,,,,,63,,available,,regular,,2012-03-15 00:00:00,Y,Y,langshalte,0,0,90,0,"0,18","1,80","1,80",90,"1,50",N,0,0,0,Y,Y,Y,N,Y,Y,Y,0,N,N,Y,N,N,N,N,N,0,N,N,Y,N,N,N,,2944A967-B100-4E2A-8B69919212A37FA5.jpg,2014-12-05 15:55:38,,N,N
5.148189141678066,52.102557401370412,PUT,NL:Q:50000720,50000720,0,,Veemarkt,,,Utrecht,,GM0344,Utrecht,Utrecht,,G,,Biltse Rading,,,"477 Utrecht CS Centrumzijde, 77 Nieuwegein-C via Utrecht CS, 77 Nieuwegein-Z via Utrecht CS, 477 Utrecht CS Centrumzijde, 77 Nieuwegein-C via Utrecht CS, 77 Nieuwegein-Z via Utrecht CS",bus,,,,,,259,,available,,regular,,2013-05-20 00:00:00,N,N,langshalte,0,0,0,0,0,0,0,0,0,N,0,0,0,N,N,N,N,N,N,N,0,N,N,N,N,N,N,N,N,0,N,N,N,N,N,N,,,,,N,N
5.148394003376823,52.102458947908019,PUT,NL:Q:50100110,50100110,0,,Veemarkt,,,Utrecht,,GM0344,Utrecht,Utrecht,,G,,Biltse Rading,,,"77 Bilthoven via Utrecht CS, 77 Bilthoven via Utrecht CS",bus,,,,,,78,,available,,regular,,2013-05-20 00:00:00,N,N,langshalte,0,0,0,0,0,0,0,0,0,N,0,0,0,N,N,N,N,N,N,N,0,N,N,N,N,N,N,N,N,0,N,N,N,N,N,N,,,,,N,N
5.012694695325041,52.083950097834787,PUT,NL:Q:51200123,51200123,0,,Veldhuizen,,,De Meern,,GM0344,Utrecht,Utrecht,,G,,Heldammersingel,,,"28 Vleuterweide via Centrum, 28 Vleuterweide via Parkwijk, 102 Woerden Station, 103 Woerden Station (Zuid), 402 Utrecht CS , 402 Woerden Station, 102 Woerden Station, 103 Woerden Station (Zuid), 402 Utrecht CS , 402 Woerden Station, 28 Vleuterweide via Centrum, 28 Vleuterweide via Parkwijk",bus,nl.bus.51200123,,,,,270,,available,,regular,,2012-03-15 00:00:00,Y,Y,langshalte,0,0,62,0,"0,18",2,2,62,"0,70",Y,"1,60","1,20",0,N,Y,N,Y,Y,Y,Y,0,N,Y,Y,Y,Y,Y,Y,Y,35,N,N,Y,Y,Y,Y,6,470B779B-910C-4BB1-946A2C8CC518D7CA.jpg,2014-12-05 15:55:45,,N,N
5.012446530915717,52.083967285370804,PUT,NL:Q:51200124,51200124,0,,Veldhuizen,,,De Meern,,GM0344,Utrecht,Utrecht,,G,,Heldammersingel,,,"28 De Uithof P+R via Utrecht CS, 102 Utrecht CS/Jaarbeurs, 103 Utrecht CS/Jaarbeurs, 28 De Uithof P+R via Utrecht CS, 102 Utrecht CS/Jaarbeurs, 103 Utrecht CS/Jaarbeurs",bus,nl.bus.51200123,,,,,90,,available,,regular,,2012-03-15 00:00:00,Y,Y,langshalte,0,0,62,0,"0,18",2,2,62,"0,70",Y,"1,60","1,20",0,N,Y,N,Y,Y,Y,Y,0,N,Y,Y,Y,Y,Y,Y,Y,14,N,N,Y,Y,Y,Y,6,E75BBDA6-6DC5-4C08-988ABBEF308CDAEC.jpg,2014-12-05 15:55:51,,N,N
5.005176761858116,52.091296226768918,PUT,NL:Q:51200172,51200172,0,,Veldhuizerweg,,,Vleuten,,GM0344,Utrecht,Utrecht,,G,,Veldhuizerweg,,,"26 Utrecht CS via Terwijde NS, 26 Vleuterweide via Langerak, 26 Utrecht CS via Terwijde NS, 26 Vleuterweide via Langerak",bus,nl.bus.51200172,,,,,50,,available,,regular,,2012-03-15 00:00:00,N,N,haltehaven,4,"1,4","39,4",10,"0,12","1,20","3,70",0,"1,20",N,0,"1,80",0,Y,N,N,N,N,N,Y,0,N,Y,Y,Y,Y,Y,Y,Y,12,N,N,Y,Y,N,N,,CED2AE39-BA02-4767-8E11714170C88DFD.jpg,2014-12-05 15:55:58,,N,N
5.103405378296658,52.098737082478877,PUT,NL:Q:50000430,50000430,0,,Viaduct,,,Utrecht,,GM0344,Utrecht,Utrecht,,G,,Amsterdamsestraatweg,,,"3 Zuilen, 120 Amsterdam Station Bijlmer, 120 Loenen ad Vecht , 120 Amsterdam Station Bijlmer, 120 Loenen ad Vecht , 3 Zuilen",bus,,,,,,300,,available,,regular,,2012-08-14 12:47:00,N,Y,langshalte,0,0,18,0,"0,18","1,20","1,20",22,1,N,0,"1,20","0,09",Y,Y,N,N,N,N,Y,0,N,Y,Y,Y,Y,N,Y,N,0,N,N,Y,N,Y,Y,0,6D59FEF6-73F3-4039-AC545E356C81DF04.JPG,2012-08-06 12:38:27,,N,N
5.104592261418953,52.097984935888775,PUT,NL:Q:50000440,50000440,0,,Viaduct,,,Utrecht,,GM0344,Utrecht,Utrecht,,G,,Amsterdamsestraatweg,,,"3 Utrecht CS Centrumzijde, 120 Utrecht Centraal, 3 Utrecht CS Centrumzijde, 120 Utrecht Centraal",bus,,,,,,117,,available,,regular,,2012-08-05 12:36:00,Y,Y,langshalte,0,0,18,0,"0,18","2,20","2,20",20,1,N,0,"1,50","0,09",Y,Y,N,N,N,N,Y,0,N,Y,Y,Y,Y,N,Y,N,0,N,N,Y,N,Y,Y,0,C69DA0E6-7E67-4528-B722A3308093415E.JPG,2012-08-06 12:35:12,,N,N
5.016093625233236,52.112138523273806,PUT,NL:Q:51200311,51200311,0,,Vincent van Goghlaan,,,Vleuten,,GM0344,Utrecht,Utrecht,,G,,Rubenslaan,,,"125 Vleuten-Dorp, 126 De Meern Oost via Vleuten, 125 Vleuten-Dorp, 126 De Meern Oost via Vleuten",bus,,,,,,150,,available,,regular,,2012-03-15 00:00:00,N,N,langshalte,0,0,"2,7",0,"0,12","3,80",0,0,"1,60",N,0,"1,60",0,N,N,N,N,N,N,Y,0,N,N,Y,N,N,N,N,N,0,N,N,Y,N,N,N,,E8EE83C9-FCCA-4ECA-9602F9F99F079F9A.jpg,2014-12-05 15:56:32,,N,N
5.086680830302337,52.103018903826133,PUT,NL:Q:50007040,50007040,0,,Vlampijpstraat,,,Utrecht,,GM0344,Utrecht,Utrecht,,G,,Tractieweg,,,"25 Cartesiusweg via Oog in Al, 25 Cartesiusweg via Oog in Al",bus,,,,,,56,,available,,regular,,2013-05-20 00:00:00,N,N,langshalte,0,0,0,0,0,0,0,0,0,N,0,0,0,N,N,N,N,N,N,N,0,N,N,N,N,N,N,N,N,0,N,N,N,N,N,N,,,,,N,N
5.011872647216941,52.094984880717526,PUT,NL:Q:51209110,51209110,0,,Vleuterweide Centrum,,,Vleuten,,GM0344,Utrecht,Utrecht,,G,,Busbaan Vleuterweide,,,"28 Vleuterweide via Centrum, 28 Vleuterweide via Parkwijk, 420 Loenen ad Vecht Kerklaan, 28 Vleuterweide via Centrum, 28 Vleuterweide via Parkwijk, 420 Loenen ad Vecht Kerklaan",bus,nl.bus.51209110,,,,,310,,available,,regular,,2012-03-15 00:00:00,Y,Y,langshalte,0,0,60,0,"0,18","2,10","2,10",60,"1,10",Y,1,"1,10",0,N,Y,N,Y,Y,Y,Y,0,N,Y,Y,Y,Y,Y,Y,Y,42,N,N,Y,Y,Y,Y,6,4685FAB6-471B-41B1-B66C5920B4EB5798.jpg,2014-12-05 15:56:38,,N,N
5.012357669727749,52.094572971148075,PUT,NL:Q:51209115,51209115,0,,Vleuterweide Centrum,,,Vleuten,,GM0344,Utrecht,Utrecht,,G,,Busbaan Vleuterweide,,,"28 De Uithof P+R via Utrecht CS, 28 De Uithof P+R via Utrecht CS",bus,nl.bus.51209110,,,,,130,,available,,regular,,2012-03-15 00:00:00,Y,Y,langshalte,0,0,60,0,"0,18","2,10","2,10",60,"1,20",Y,"1,10","1,20",0,N,Y,N,Y,Y,Y,Y,0,N,Y,Y,Y,Y,Y,Y,Y,42,N,N,Y,Y,Y,Y,6,357BBC2E-7293-4AB6-BE6545474B467528.jpg,2014-12-05 15:56:45,,N,N
5.120206166777246,52.078696973481534,PUT,NL:Q:50001370,50001370,0,,Vondellaan,,,Utrecht,,GM0344,Utrecht,Utrecht,,G,,Bleekstraat,,,"447 Houten via Lunetten, 47 Hoograven via Tolsteeg, 47 Houten via Hoograven, 8 Lunetten via Utrecht CS, 447 Houten via Lunetten, 47 Hoograven via Tolsteeg, 47 Houten via Hoograven, 8 Lunetten via Utrecht CS",bus,nl.bus.50001370,,,,,90,,available,,regular,,2013-05-20 00:00:00,N,N,langshalte,0,0,0,0,0,0,0,0,0,N,0,0,0,N,N,N,N,N,N,N,0,N,N,N,N,N,N,N,N,0,N,N,N,N,N,N,,,,,N,N
5.121580268737381,52.078214721055716,PUT,NL:Q:50001380,50001380,0,,Vondellaan,,,Utrecht,,GM0344,Utrecht,Utrecht,,G,,Baden-Powellweg,,,"447 Utrecht CS Centrumzijde, 47 Utrecht CS Centrumzijde, 47 Utrecht CS via Doornkade, 47 Zeist via Utrecht CS, 8 Diakonessenhuis via Utrecht CS, 447 Utrecht CS Centrumzijde, 47 Utrecht CS Centrumzijde, 47 Utrecht CS via Doornkade, 47 Zeist via Utrecht CS, 8 Diakonessenhuis via Utrecht CS",bus,nl.bus.50001370,,,,,291,,available,,regular,,2013-05-20 00:00:00,N,N,langshalte,0,0,0,0,0,0,0,0,0,N,0,0,0,N,N,N,N,N,N,N,0,N,N,N,N,N,N,N,N,0,N,N,N,N,N,N,,,,,N,N
5.122034627048648,52.095086352845328,PUT,NL:Q:50000152,50000152,0,,Voorstraat,,,Utrecht,,GM0344,Utrecht,Utrecht,,G,,Voorstraat,,,"5 Kanaleneiland via Utrecht CS, 55 Utrecht CS Centrumzijde, 5 Kanaleneiland via Utrecht CS, 55 Utrecht CS Centrumzijde",bus,nl.bus.50000152,,,,,269,,available,,regular,,2013-05-20 00:00:00,N,N,langshalte,0,0,0,0,0,0,0,0,0,N,0,0,0,N,N,N,N,N,N,N,0,N,N,N,N,N,N,N,N,0,N,N,N,N,N,N,,,,,N,N
5.073840748338121,52.096190503169922,PUT,NL:Q:51112000,51112000,0,,Vredenburg Leidsche R,,,Utrecht,,GM0344,Utrecht,Utrecht,,G,,Verlengde Vleutenseweg,,,"10 Leidsche Rijn Ziekenhuis, 19 Terwijde via De Wetering, 28 De Uithof P+R via Utrecht CS, 28 Rijnsweerd via Utrecht CS, 30 Leidsche Rijn Ziekenhuis, 39 Utrecht CS Jaarbeurszijde, 39 Utrecht CS via Terwijde, 407 Utrecht CS , 10 Leidsche Rijn Ziekenhuis, 19 Terwijde via De Wetering, 28 De Uithof P+R via Utrecht CS, 28 Rijnsweerd via Utrecht CS, 30 Leidsche Rijn Ziekenhuis, 39 Utrecht CS Jaarbeurszijde, 39 Utrecht CS via Terwijde, 407 Utrecht CS",bus,nl.bus.51112000,,,,,32,,available,,regular,,2013-05-20 00:00:00,N,N,langshalte,0,0,0,0,0,0,0,0,0,N,0,0,0,N,N,N,N,N,N,N,0,N,N,N,N,N,N,N,N,0,N,N,N,N,N,N,,,,,N,N
5.073795772393625,52.096361157030195,PUT,NL:Q:51112500,51112500,0,,Vredenburg Leidsche R,,,Utrecht,,GM0344,Utrecht,Utrecht,,G,,Verlengde Vleutenseweg,,,"10 Leidsche Rijn via Kan'eiland, 19 De Wetering via Terwijde, 28 De Meern-Oost via Utrecht CS, 28 Vleuterweide via Centrum, 28 Vleuterweide via Parkwijk, 30 Leidsche Rijn via Overv. NS, 30 Leidsche Rijn via Zuilen NS, 39 Maarssen NS via Terwijde, 402 Utrecht CS , 402 Woerden Station, 407 Oudewater , 407 Utrecht CS , 420 Loenen ad Vecht Kerklaan, 10 Leidsche Rijn via Kan'eiland, 19 De Wetering via Terwijde, 28 De Meern-Oost via Utrecht CS, 28 Vleuterweide via Centrum, 28 Vleuterweide via Parkwijk, 30 Leidsche Rijn via Overv. NS, 30 Leidsche Rijn via Zuilen NS, 39 Maarssen NS via Terwijde, 402 Utrecht CS , 402 Woerden Station, 407 Oudewater , 407 Utrecht CS , 420 Loenen ad Vecht Kerklaan",bus,nl.bus.51112000,,,,,210,,available,,regular,,2013-05-20 00:00:00,N,N,langshalte,0,0,0,0,0,0,0,0,0,N,0,0,0,N,N,N,N,N,N,N,0,N,N,N,N,N,N,N,N,0,N,N,N,N,N,N,,,,,N,N
5.111264297277939,52.092832601712225,PUT,NL:Q:50000160,50000160,0,,Vredenburgviaduct,,,Utrecht,,GM0344,Utrecht,Utrecht,,G,,Catharijnebaan,,,"3 Utrecht CS Centrumzijde, 120 Utrecht Centraal, 3 Utrecht CS Centrumzijde, 120 Utrecht Centraal",bus,nl.bus.50000160,,,,,142,,available,,regular,,2013-05-20 00:00:00,N,N,langshalte,0,0,0,0,0,0,0,0,0,N,0,0,0,N,N,N,N,N,N,N,0,N,N,N,N,N,N,N,N,0,N,N,N,N,N,N,,,,,N,N
5.11009949871423,52.094771292037393,PUT,NL:Q:50000190,50000190,0,,Vredenburgviaduct,,,Utrecht,,GM0344,Utrecht,Utrecht,,G,,Catharijnebaan,,,"3 Zuilen, 120 Amsterdam Station Bijlmer, 120 Loenen ad Vecht , 3 Zuilen, 120 Amsterdam Station Bijlmer, 120 Loenen ad Vecht",bus,nl.bus.50000160,,,,,329,,available,,regular,,2013-05-20 00:00:00,N,N,langshalte,0,0,0,0,0,0,0,0,0,N,0,0,0,N,N,N,N,N,N,N,0,N,N,N,N,N,N,N,N,0,N,N,N,N,N,N,,,,,N,N
5.103562195249532,52.062497499353043,PUT,NL:Q:50008070,50008070,0,,Vrieslantlaan,,,Utrecht,,GM0344,Utrecht,Utrecht,,G,,Vrieslantlaan,,,"7 Kanaleneiland, 7 Voordorp via Utrecht CS, 7 Kanaleneiland, 7 Voordorp via Utrecht CS",bus,nl.bus.50008070,,,,,276,,available,,regular,,2011-04-04 09:26:00,Y,Y,haltehaven,3,10,22,8,"0,18","2,10","2,10",22,1,N,0,"2,10","0,09",Y,Y,N,N,N,N,Y,0,N,Y,Y,N,N,N,N,N,0,N,N,Y,N,Y,Y,0,18469041-7400-4751-89D8B5888B823573.JPG,2011-03-30 15:58:07,,N,N
5.022094402086375,52.110260770605137,PUT,NL:Q:51200290,51200290,0,,Vrijthof,,,Vleuten,,GM0344,Utrecht,Utrecht,,G,,Vrijthof,,,"126 Maarssen NS via Vleuten, 420 Loenen ad Vecht Kerklaan, 126 Maarssen NS via Vleuten, 420 Loenen ad Vecht Kerklaan",bus,nl.bus.51200290,,,,,286,,available,,regular,,2013-05-20 00:00:00,N,N,langshalte,0,0,0,0,0,0,0,0,0,N,0,0,0,N,N,N,N,N,N,N,0,N,N,N,N,N,N,N,N,0,N,N,N,N,N,N,,,,,N,N
5.022138268434016,52.110251918333582,PUT,NL:Q:51200300,51200300,0,,Vrijthof,,,Vleuten,,GM0344,Utrecht,Utrecht,,G,,Vrijthof,,,"125 Vleuten-Dorp, 126 De Meern Oost via Vleuten, 125 Vleuten-Dorp, 126 De Meern Oost via Vleuten",bus,nl.bus.51200290,,,,,106,,available,,regular,,2013-05-20 00:00:00,N,N,langshalte,0,0,0,0,0,0,0,0,0,N,0,0,0,N,N,N,N,N,N,N,0,N,N,N,N,N,N,N,N,0,N,N,N,N,N,N,,,,,N,N
5.135466903313754,52.114637815873188,PUT,NL:Q:50000200,50000200,0,,Vulcanusdreef,,,Utrecht,,GM0344,Utrecht,Utrecht,,G,,Darwindreef,,,"55 Utrecht CS Centrumzijde, 55 Utrecht CS Centrumzijde",bus,nl.bus.50000200,,,,,141,,available,,regular,,2012-07-31 11:48:00,Y,Y,semi-haltehaven,3,0,28,0,"0,18","2,85","2,85",28,1,N,0,2,"0,09",Y,Y,N,N,N,N,Y,0,N,Y,N,Y,Y,N,Y,N,0,N,N,Y,N,Y,Y,0,C6522EFF-2B9B-42E7-A12D426B2D3626FE.jpg,2012-08-01 11:48:00,,N,N
5.136422304829787,52.11348938348219,PUT,NL:Q:59100210,59100210,0,,Vulcanusdreef,,,Utrecht,,GM0344,Utrecht,Utrecht,,G,,Darwindreef,,,"55 Maartensdijk via Tuindorp, 55 Maartensdijk via Tuindorp",bus,nl.bus.50000200,,,,,321,,available,,regular,,2012-07-31 11:48:00,Y,Y,haltehaven,3,24,12,15,"0,18","1,95","1,95",12,1,N,0,"1,50","0,09",Y,Y,N,N,N,N,Y,0,N,Y,N,Y,Y,N,Y,N,0,N,N,Y,N,N,N,,AF05ED38-C6A1-4935-A30A7C1ED8432ABB.jpg,2012-08-01 11:48:47,,N,N
5.114102580452726,52.074890019119124,PUT,NL:Q:50006390,50006390,0,,Waalstraat,,,Utrecht,,GM0344,Utrecht,Utrecht,,G,,Rijnlaan,,,"1 Hoograven via Utrecht CS, 1 Hoograven via Utrecht CS",bus,,,,,,189,,available,,regular,,2012-08-01 10:07:00,Y,Y,langshalte,0,0,18,0,"0,18","1,50","1,50",18,1,N,0,2,"0,09",Y,Y,N,N,N,N,Y,0,N,Y,Y,Y,Y,N,Y,N,0,N,N,Y,N,N,N,,AF581FDF-D189-4AFA-A07F24AFB0FFF88E.JPG,2012-08-02 10:06:40,,N,N
5.114033653735452,52.074233728795846,PUT,NL:Q:50006400,50006400,0,,Waalstraat,,,Utrecht,,GM0344,Utrecht,Utrecht,,G,,Rijnlaan,,,"1 Overvecht via Utrecht CS, 1 Overvecht via Utrecht CS",bus,,,,,,6,,available,,regular,,2012-08-01 10:05:00,Y,Y,langshalte,0,0,18,0,"0,18","1,50","1,50",18,1,N,0,2,"0,09",Y,Y,N,N,N,N,Y,0,N,Y,N,Y,Y,N,Y,N,0,N,N,Y,N,Y,Y,0,3789021D-82AF-4889-AA4289115C805D48.JPG,2012-08-02 10:04:56,,N,N
5.0836876382209,52.105330157124257,PUT,NL:Q:50007030,50007030,0,,Walserijstraat,,,Utrecht,,GM0344,Utrecht,Utrecht,,G,,Walserijstraat,,,"25 Utrecht CS Jaarbeurszijde, 25 Utrecht CS Jaarbeurszijde",bus,,,,,,236,,available,,regular,,2013-05-20 00:00:00,N,N,langshalte,0,0,0,0,0,0,0,0,0,N,0,0,0,N,N,N,N,N,N,N,0,N,N,N,N,N,N,N,N,0,N,N,N,N,N,N,,,,,N,N
5.041964265488584,52.110006030817431,PUT,NL:Q:51111571,51111571,0,,Walter Kollolaan,,,Utrecht,,GM0344,Utrecht,Utrecht,,G,,Krommewetering,,,"19 De Wetering via Terwijde, 39 Maarssen NS via Terwijde, 19 De Wetering via Terwijde, 39 Maarssen NS via Terwijde",bus,nl.bus.51111571,,,,,300,,available,,regular,,2012-03-15 00:00:00,N,N,langshalte,0,0,9,0,"0,12","0,70","0,70",0,"0,70",N,0,0,0,N,N,N,N,N,N,Y,0,N,N,Y,N,N,N,N,N,0,N,N,Y,N,N,N,,D78441AB-308B-4686-A8580E537489BAB5.jpg,2014-12-05 15:57:47,,N,N
5.042022864044618,52.109979238149407,PUT,NL:Q:51111581,51111581,0,,Walter Kollolaan,,,Utrecht,,GM0344,Utrecht,Utrecht,,G,,Krommewetering,,,"19 Terwijde via De Wetering, 39 Utrecht CS Jaarbeurszijde, 39 Utrecht CS via Terwijde, 19 Terwijde via De Wetering, 39 Utrecht CS Jaarbeurszijde, 39 Utrecht CS via Terwijde",bus,,,,,,120,,available,,regular,,2012-03-15 00:00:00,N,N,langshalte,0,0,20,0,"0,12","1,20","1,20",0,"1,20",N,0,"1,20",0,Y,N,N,N,N,N,Y,0,N,N,Y,Y,Y,Y,Y,N,0,N,N,Y,Y,N,N,,7C515369-8A38-487A-A9EC1947C9D6436C.jpg,2014-12-05 15:57:53,,N,N
5.094703699086367,52.103740144352805,PUT,NL:Q:50000470,50000470,0,,Watertoren,,,Utrecht,,GM0344,Utrecht,Utrecht,,G,,Amsterdamsestraatweg,,,"3 Zuilen, 120 Amsterdam Station Bijlmer, 120 Loenen ad Vecht , 3 Zuilen, 120 Amsterdam Station Bijlmer, 120 Loenen ad Vecht",bus,,,,,,301,,available,,regular,,2012-08-05 12:45:00,Y,Y,langshalte,0,0,18,0,"0,18",3,3,22,1,N,0,2,"0,09",Y,Y,N,N,N,N,Y,0,N,Y,Y,Y,Y,N,Y,N,0,N,N,Y,N,Y,Y,0,7801E488-D562-4A50-A593C66B8A0F813E.JPG,2012-08-06 12:45:11,,N,N
5.095348780075959,52.103301327857515,PUT,NL:Q:50000480,50000480,0,,Watertoren,,,Utrecht,,GM0344,Utrecht,Utrecht,,G,,Amsterdamsestraatweg,,,"3 Utrecht CS Centrumzijde, 3 Utrecht CS Centrumzijde, 120 Utrecht Centraal, 120 Utrecht Centraal",bus,,,,,,118,,available,,regular,,2012-08-05 12:44:00,Y,Y,langshalte,0,0,18,0,"0,18",3,3,22,1,N,0,2,"0,09",Y,Y,N,N,N,N,Y,0,N,Y,Y,Y,Y,N,Y,N,0,N,N,Y,N,Y,Y,0,C3D37A98-B2C7-44F8-8D0F50E0B4BCF9E9.JPG,2012-08-06 12:43:45,,N,N
5.043202824503576,52.102711336653222,PUT,NL:Q:51111536,51111536,0,,Waterwinpark,,,Utrecht,,GM0344,Utrecht,Utrecht,,G,,Musicalkade,,,"19 De Wetering via Terwijde, 39 Maarssen NS via Terwijde, 19 De Wetering via Terwijde, 39 Maarssen NS via Terwijde",bus,nl.bus.51111536,,,,,356,,available,,regular,,2012-08-08 13:21:00,Y,Y,langshalte,0,0,22,0,"0,18","2,40","2,40",18,1,N,0,"2,40","0,09",Y,Y,N,N,N,N,Y,0,N,Y,Y,Y,Y,N,Y,N,0,N,N,Y,N,N,N,,,,,N,N
5.043203101071206,52.102675385155493,PUT,NL:Q:51111546,51111546,0,,Waterwinpark,,,Utrecht,,GM0344,Utrecht,Utrecht,,G,,Musicalkade,,,"19 Terwijde via De Wetering, 39 Utrecht CS Jaarbeurszijde, 39 Utrecht CS via Terwijde, 19 Terwijde via De Wetering, 39 Utrecht CS Jaarbeurszijde, 39 Utrecht CS via Terwijde",bus,nl.bus.51111536,,,,,176,,available,,regular,,2012-08-08 13:23:00,Y,Y,langshalte,0,0,22,0,"0,18",5,5,18,1,N,0,5,"0,09",Y,Y,N,N,N,N,Y,0,N,Y,Y,N,N,N,N,Y,0,N,N,N,N,N,N,,,,,N,N
5.089727531031345,52.081644001914128,PUT,NL:Q:50002022,50002022,0,,Welgelegen,,,Utrecht,,GM0344,Utrecht,Utrecht,,G,,Pijperlaan,,,"10 Leidsche Rijn via Kan'eiland, 14 Transwijk via Kan'eiland, 25 Cartesiusweg via Oog in Al, 10 Leidsche Rijn via Kan'eiland, 14 Transwijk via Kan'eiland, 25 Cartesiusweg via Oog in Al",bus,,,,,,302,,available,,regular,,2013-05-20 00:00:00,N,N,langshalte,0,0,0,0,0,0,0,0,0,N,0,0,0,N,N,N,N,N,N,N,0,N,N,N,N,N,N,N,N,0,N,N,N,N,N,N,,,,,N,N
5.104480303249128,52.090299871305398,PUT,NL:Q:50000070,50000070,0,,Westplein,,,Utrecht,,GM0344,Utrecht,Utrecht,,G,,Croeselaan,,,"7 Kanaleneiland, 7 Kanaleneiland",bus,nl.bus.50000100,,,,,,,available,,regular,,2013-05-20 00:00:00,N,N,langshalte,0,0,0,0,0,0,0,0,0,N,0,0,0,N,N,N,N,N,N,N,0,N,N,N,N,N,N,N,N,0,N,N,N,N,N,N,,,,,N,N
5.105645226015586,52.090680157801415,PUT,NL:Q:50000100,50000100,0,,Westplein,,,Utrecht,,GM0344,Utrecht,Utrecht,,G,,Westplein,,,"1 Overvecht via Utrecht CS, 7 Voordorp via Utrecht CS, 402 Utrecht CS , 1 Overvecht via Utrecht CS, 7 Voordorp via Utrecht CS, 402 Utrecht CS",bus,nl.bus.50000100,,,,,,,available,,regular,,2013-05-20 00:00:00,N,N,langshalte,0,0,0,0,0,0,0,0,0,N,0,0,0,N,N,N,N,N,N,N,0,N,N,N,N,N,N,N,N,0,N,N,N,N,N,N,,,,,N,N
5.08026855492463,52.112224132570915,PUT,NL:Q:59150640,59150640,0,,Weth DMPlompstraat,,,utrecht,,GM0344,Utrecht,Utrecht,,G,,Amsterdamsestraatweg,,,"120 Amsterdam Station Bijlmer, 120 Loenen ad Vecht , 120 Amsterdam Station Bijlmer, 120 Loenen ad Vecht",bus,,,,,,300,,available,,regular,,2012-08-08 13:37:00,Y,N,langshalte,0,0,14,0,"0,18","2,25","2,25",10,1,N,0,"2,25","0,09",Y,N,N,N,N,N,Y,0,N,N,Y,N,N,N,N,N,0,N,N,N,N,N,N,,,,,N,N
5.080064918801851,52.112115745876373,PUT,NL:Q:59150650,59150650,0,,Weth DMPlompstraat,,,utrecht,,GM0344,Utrecht,Utrecht,,G,,Amsterdamsestraatweg,,,"120 Utrecht Centraal, 120 Utrecht Centraal",bus,,,,,,119,,available,,regular,,2012-08-08 13:38:00,Y,N,langshalte,0,0,14,0,"0,18","1,50","1,50",10,1,N,0,"1,50","0,09",Y,N,N,N,N,N,Y,0,N,N,Y,N,N,N,N,N,0,N,N,N,N,N,N,,,,,N,N
5.005571486592306,52.084367669426442,PUT,NL:Q:51118030,51118030,0,,Wiericke,,,de meern,,GM0344,Utrecht,Utrecht,,G,,Heldammersingel,,,"102 Woerden Station, 103 Woerden Station (Zuid), 402 Utrecht CS , 402 Woerden Station, 102 Woerden Station, 103 Woerden Station (Zuid), 402 Utrecht CS , 402 Woerden Station",bus,nl.bus.51118030,,,,,270,,available,,regular,,2012-03-15 00:00:00,N,N,langshalte,0,0,"15,5",0,"0,12","2,70","2,30",0,"1,40",N,0,"1,50",0,N,N,N,N,N,N,Y,0,N,Y,Y,Y,Y,Y,Y,Y,4,N,N,Y,Y,N,N,,2168D9C0-BD51-4BA2-B8225498596F1628.jpg,2014-12-05 16:06:39,,N,N
5.005849447067547,52.084278687808826,PUT,NL:Q:51200160,51200160,0,,Wiericke,,,de meern,,GM0344,Utrecht,Utrecht,,G,,Heldammersingel,,,"102 Utrecht CS/Jaarbeurs, 103 Utrecht CS/Jaarbeurs, 102 Utrecht CS/Jaarbeurs, 103 Utrecht CS/Jaarbeurs",bus,nl.bus.51118030,,,,,93,,available,,regular,,2013-05-20 00:00:00,N,N,langshalte,0,0,0,0,0,0,0,0,0,N,0,0,0,N,N,N,N,N,N,N,0,N,N,N,N,N,N,N,N,0,N,N,N,N,N,N,,,,,N,N
5.014417923607334,52.101257658339208,PUT,NL:Q:51200217,51200217,0,,Wilhelminalaan,,,Vleuten,,GM0344,Utrecht,Utrecht,,G,,Wilhelminalaan,,,"126 De Meern Oost via Vleuten, 126 De Meern Oost via Vleuten",bus,,,,,,143,,available,,regular,,2013-05-20 00:00:00,N,N,langshalte,0,0,0,0,0,0,0,0,0,N,0,0,0,N,N,N,N,N,N,N,0,N,N,N,N,N,N,N,N,0,N,N,N,N,N,N,,,,,N,N
5.014432668156175,52.101239728773386,PUT,NL:Q:51200218,51200218,0,,Wilhelminalaan,,,Vleuten,,GM0344,Utrecht,Utrecht,,G,,Wilhelminalaan,,,"126 Maarssen NS via Vleuten, 126 Maarssen NS via Vleuten",bus,,,,,,323,,available,,regular,,2013-05-20 00:00:00,N,N,langshalte,0,0,0,0,0,0,0,0,0,N,0,0,0,N,N,N,N,N,N,N,0,N,N,N,N,N,N,N,N,0,N,N,N,N,N,N,,,,,N,N
5.115130959549634,52.104876593082629,PUT,NL:Q:50000220,50000220,0,,Willem Dreeslaan,,,Utrecht,,GM0344,Utrecht,Utrecht,,G,,Talmalaan,,,"9 Overvecht-Noord via Talmalaan, 9 Overvecht-Noord via Talmalaan",bus,,,,,,12,,available,,regular,,2012-03-15 00:00:00,Y,Y,semi-haltehaven,3,18,18,0,"0,18","2,85","2,85",18,1,N,0,"2,85","0,09",Y,Y,N,N,N,N,Y,0,N,Y,Y,Y,Y,N,Y,N,0,N,N,Y,N,N,N,,,,,N,N
5.114961935671656,52.103869541725679,PUT,NL:Q:50006170,50006170,0,,Willem Dreeslaan,,,Utrecht,,GM0344,Utrecht,Utrecht,,G,,Talmalaan,,,"9 Utrecht CS Centrumzijde, 9 Utrecht CS Centrumzijde",bus,,,,,,188,,available,,regular,,2012-03-15 00:00:00,Y,Y,haltehaven,"2,7","21,6",18,"13,5","0,18","4,20","4,20",18,1,N,0,"2,10","0,09",Y,Y,N,N,N,N,Y,0,N,Y,Y,Y,Y,N,Y,N,0,N,N,Y,N,N,N,,,,,N,N
5.122809325628173,52.102278534923776,PUT,NL:Q:50001810,50001810,0,,Willem van Noortplein,,,Utrecht,,GM0344,Utrecht,Utrecht,,G,,Willem van Noortplein,,,"1 Hoograven via Utrecht CS, 1 Hoograven via Utrecht CS",bus,nl.bus.50001810,,,,,242,,available,,regular,,2011-03-28 14:27:00,Y,Y,langshalte,0,0,18,0,"0,18","1,50","1,50",18,1,N,0,"1,50","0,09",Y,Y,N,N,N,N,Y,0,N,Y,Y,Y,Y,N,Y,N,0,N,N,Y,N,Y,Y,0,CB049455-5847-4485-B04670F325840D65.JPG,2011-03-22 13:00:14,,N,N
5.123084138971906,52.102701588933868,PUT,NL:Q:50001820,50001820,0,,Willem van Noortplein,,,Utrecht,,GM0344,Utrecht,Utrecht,,G,,Willem van Noortplein,,,"1 Overvecht via Utrecht CS, 1 Overvecht via Utrecht CS",bus,nl.bus.50001810,,,,,331,,available,,regular,,2011-03-28 14:26:00,Y,Y,langshalte,0,0,16,0,"0,18","1,50","1,50",16,1,N,0,"1,50","0,09",Y,Y,N,N,N,N,Y,0,N,Y,Y,Y,Y,N,Y,N,0,N,N,Y,N,Y,Y,0,BD9F6D03-4F29-4AB2-86E53F743C2873E3.JPG,2011-03-22 13:02:44,,N,N
5.118940977212895,52.099941893944994,PUT,NL:Q:50001830,50001830,0,,Willem van Noortstraat,,,Utrecht,,GM0344,Utrecht,Utrecht,,G,,Adelaarstraat,,,"1 Hoograven via Utrecht CS, 1 Hoograven via Utrecht CS",bus,,,,,,235,,available,,regular,,2012-08-05 10:39:00,Y,Y,langshalte,0,0,12,0,"0,18","1,50","1,50",12,1,N,0,"1,20","0,09",Y,Y,N,N,N,N,Y,0,N,Y,Y,Y,Y,N,Y,N,0,N,N,Y,N,N,N,,A3A24FA7-54B1-47F6-B19F63A0CAD2245C.JPG,2012-08-06 10:38:53,,N,N
5.120220401607066,52.100762710090628,PUT,NL:Q:50001840,50001840,0,,Willem van Noortstraat,,,Utrecht,,GM0344,Utrecht,Utrecht,,G,,Willem van Noortstraat,,,"1 Overvecht via Utrecht CS, 1 Overvecht via Utrecht CS",bus,,,,,,60,,available,,regular,,2012-08-14 12:48:00,N,Y,langshalte,0,0,8,0,"0,18","1,20","1,20",8,1,N,0,"1,20","0,09",Y,Y,N,N,N,N,Y,0,N,N,Y,N,N,N,N,N,0,N,N,N,N,N,N,,EC582BB2-DC45-47B9-8FE8F24B98F5F1D7.JPG,2012-08-06 10:37:29,,N,N
5.073742478868832,52.091471501501388,PUT,NL:Q:51112501,51112501,0,,WillemAlexanderpark,,,Utrecht,,GM0344,Utrecht,Utrecht,,G,,,,,"48 Maarssen NS via Papendorp, 48 Papendorp via Nieuwegein, 48 Maarssen NS via Papendorp, 48 Papendorp via Nieuwegein",bus,,,,,,318,,available,,regular,,2012-03-15 00:00:00,N,N,langshalte,0,0,0,0,0,0,0,0,0,N,0,0,0,N,N,N,N,N,N,N,0,N,N,N,N,N,N,N,N,0,N,N,N,N,N,N,,,,,N,N
5.07359549190933,52.091623907992989,PUT,NL:Q:51112502,51112502,0,,WillemAlexanderpark,,,Utrecht,,GM0344,Utrecht,Utrecht,,G,,,,,"48 Nieuwegein via L. Rijn NS, 48 Nieuwegein via Papendorp, 48 Nieuwegein via L. Rijn NS, 48 Nieuwegein via Papendorp",bus,,,,,,138,,available,,regular,,2012-03-15 00:00:00,N,N,langshalte,0,0,0,0,0,0,0,0,0,N,0,0,0,N,N,N,N,N,N,N,0,N,N,N,N,N,N,N,N,0,N,N,N,N,N,N,,,,,N,N
5.11588505553475,52.088843634755627,PUT,NL:Q:50002220,50002220,0,,Willemsviaduct,,,Utrecht,,GM0344,Utrecht,Utrecht,,G,,Catharijnebaan,,,"2 Museumkwartier, 2 Museumkwartier",bus,nl.bus.50002220,,,,,313,,available,,regular,,2012-08-05 09:36:00,Y,Y,langshalte,0,0,18,0,"0,18","1,50","1,50",1,1,N,0,2,"0,09",Y,Y,N,N,N,N,Y,0,N,Y,Y,Y,Y,N,Y,N,0,N,N,Y,N,N,N,,A76AB986-A821-4643-90A175C06FAE2904.JPG,2012-08-06 09:35:30,,N,N
5.137537844404889,52.109797669591138,PUT,NL:Q:50000230,50000230,0,,Winklerlaan,,,Utrecht,,GM0344,Utrecht,Utrecht,,G,,Eykmanlaan,,,"55 Maartensdijk via Tuindorp, 55 Maartensdijk via Tuindorp",bus,,,,,,38,,available,,regular,,2011-03-28 14:30:00,Y,Y,langshalte,0,0,20,0,"0,18","1,50","1,50",20,1,N,0,"1,50","0,09",Y,Y,N,N,N,N,Y,0,N,Y,Y,Y,Y,N,Y,N,0,N,N,Y,N,N,N,,179A5BC8-1BF6-4D32-BA0DAF6B3BDF7E97.JPG,2011-03-22 11:24:19,,N,N
5.136869875723231,52.109167091524299,PUT,NL:Q:50000240,50000240,0,,Winklerlaan,,,Utrecht,,GM0344,Utrecht,Utrecht,,G,,Eykmanlaan,,,"55 Utrecht CS Centrumzijde, 55 Utrecht CS Centrumzijde",bus,,,,,,221,,available,,regular,,2011-03-28 14:30:00,N,Y,semi-haltehaven,"3,5",8,20,0,"0,18","0,90","0,90",20,1,N,0,2,"0,09",Y,Y,N,N,N,N,Y,0,N,Y,Y,Y,Y,N,Y,N,0,N,N,Y,N,N,N,,698633A6-14C4-425E-B6F129CFC299213C.JPG,2011-03-22 11:29:33,,N,N
5.132292302800879,52.095297721922805,PUT,NL:Q:50000630,50000630,0,,Wittevrouwen,,,Utrecht,,GM0344,Utrecht,Utrecht,,G,,Biltstraat,,,"251 Zeist Handelsc. via Zeist-Centr., 28 De Uithof P+R via Utrecht CS, 28 Rijnsweerd via Utrecht CS, 4 Diakonessenhuis via Biltstraat, 412 Zeist via De Uithof, 441 Wijk bij Duurstede, 452 Amersfoort via Vollenhove, 51 Drieb.-Zeist NS via Kerckebosch, 52 Amersfoort via Vollenhove, 52 Soesterberg via Vollenhove, 52 Zeist via Vollenhove, 53 Zeist via Vollenhove, 74 Zeist via Utrecht CS, 77 Bilthoven via Utrecht CS, 77 Sartreweg, 450 Amerongen Dorp , 50 Amerongen Dorp , 50 Doorn Postkantoor, 50 Driebergen-Zeist Station, 50 Wageningen Busstation, 251 Zeist Handelsc. via Zeist-Centr., 28 De Uithof P+R via Utrecht CS, 28 Rijnsweerd via Utrecht CS, 4 Diakonessenhuis via Biltstraat, 412 Zeist via De Uithof, 441 Wijk bij Duurstede, 452 Amersfoort via Vollenhove, 51 Drieb.-Zeist NS via Kerckebosch, 52 Amersfoort via Vollenhove, 52 Soesterberg via Vollenhove, 52 Zeist via Vollenhove, 53 Zeist via Vollenhove, 74 Zeist via Utrecht CS, 77 Bilthoven via Utrecht CS, 77 Sartreweg, 450 Amerongen Dorp , 50 Amerongen Dorp , 50 Doorn Postkantoor, 50 Driebergen-Zeist Station, 50 Wageningen Busstation",bus,,,,,,87,,available,,regular,,2012-08-05 09:59:00,Y,Y,langshalte,0,0,60,0,"0,18","1,50","1,50",60,1,N,0,"1,50","0,12",N,Y,N,N,N,N,Y,0,N,Y,Y,Y,Y,N,Y,N,0,N,N,Y,N,Y,Y,0,DF65E15A-E61E-4478-B383108F10D159EB.JPG,2012-08-06 09:58:18,,N,N
5.131460251284985,52.095340860665353,PUT,NL:Q:50000640,50000640,0,,Wittevrouwen,,,Utrecht,,GM0344,Utrecht,Utrecht,,G,,Bekkerstraat,,,"251 Utrecht CS via Zeist-Centr., 28 De Meern-Oost via Utrecht CS, 28 Vleuterweide via Centrum, 4 Utrecht CS via Biltstraat, 412 Utrecht CS Centrumzijde, 447 Houten via Lunetten, 452 Utrecht CS Centrumzijde, 474 Vianen via Galecop, 495 IJsselstein via Jutphaas, 51 Utrecht CS via Kerckebosch, 52 Utrecht CS Centrumzijde, 52 Utrecht CS via Zeist, 53 Utrecht CS Centrumzijde, 74 Nieuwegein-C via Utrecht CS, 74 Vianen via Utrecht CS, 77 Nieuwegein-C via Utrecht CS, 77 Nieuwegein-Z via Utrecht CS, 251 Utrecht CS via Zeist-Centr., 28 De Meern-Oost via Utrecht CS, 28 Vleuterweide via Centrum, 4 Utrecht CS via Biltstraat, 412 Utrecht CS Centrumzijde, 447 Houten via Lunetten, 452 Utrecht CS Centrumzijde, 474 Vianen via Galecop, 495 IJsselstein via Jutphaas, 51 Utrecht CS via Kerckebosch, 52 Utrecht CS Centrumzijde, 52 Utrecht CS via Zeist, 53 Utrecht CS Centrumzijde, 74 Nieuwegein-C via Utrecht CS, 74 Vianen via Utrecht CS, 77 Nieuwegein-C via Utrecht CS, 77 Nieuwegein-Z via Utrecht CS, 407 Oudewater , 407 Utrecht CS , 50 Utrecht CS , 407 Oudewater , 407 Utrecht CS , 50 Utrecht CS",bus,,,,,,267,,available,,regular,,2012-08-05 10:00:00,Y,Y,langshalte,0,0,60,0,"0,18","1,50","1,50",60,1,N,0,"1,50","0,12",N,Y,N,N,N,N,Y,0,N,Y,Y,Y,Y,N,Y,N,0,N,N,Y,N,Y,Y,0,77EFCC52-1D85-4676-98DB5AF5A320224F.JPG,2012-08-06 09:59:41,,N,N
5.126498770853148,52.095312020143425,PUT,NL:Q:50000330,50000330,0,,Wittevrouwenbrug,,,Utrecht,,GM0344,Utrecht,Utrecht,,G,,Wittevrouwensingel,,,"5 Voordorp, 55 Maartensdijk via Tuindorp, 5 Voordorp, 55 Maartensdijk via Tuindorp",bus,,,,,,350,,available,,regular,,2011-09-22 15:41:00,Y,Y,langshalte,0,0,12,0,"0,18","2,10","2,10",12,"0,80",N,0,"2,10","0,09",Y,Y,N,N,N,N,Y,0,N,Y,Y,N,N,N,N,N,0,N,N,Y,N,Y,Y,0,7F6BFBCB-B8B0-4D24-AFF8A155E50179A4.JPG,2011-09-23 15:41:48,,N,N
5.126483811278696,52.095374903468169,PUT,NL:Q:50000340,50000340,0,,Wittevrouwenbrug,,,Utrecht,,GM0344,Utrecht,Utrecht,,G,,Wittevrouwensingel,,,"5 Kanaleneiland via Utrecht CS, 55 Utrecht CS Centrumzijde, 5 Kanaleneiland via Utrecht CS, 55 Utrecht CS Centrumzijde",bus,,,,,,170,,available,,regular,,2012-08-14 12:49:00,N,Y,langshalte,0,0,18,0,"0,18","1,20","1,20",18,1,N,0,"1,20","0,09",Y,Y,N,N,N,N,Y,0,N,Y,Y,Y,Y,N,Y,N,0,N,N,Y,N,Y,Y,0,,,,N,N
5.183073730447297,52.089428489812235,PUT,NL:Q:50100550,50100550,0,,WKZ,,,Utrecht,,GM0344,Utrecht,Utrecht,,G,,Heidelberglaan,,,"242 De Uithof WKZ via Bunnik NS, 252 Amersfoort via Vollenhove, 28 De Uithof P+R via Utrecht CS, 281 De Uithof WKZ via Rijnsweerd, 283 De Uithof WKZ via Rijnsweerd, 287 De Uithof WKZ via Rijnsweerd, 30 De Uithof WKZ via Rijnsweerd, 30 Leidsche Rijn Ziekenhuis, 32 De Uithof WKZ via Rijnsweerd, 71 Doorn via De Uithof, 71 Drieb.-Zeist NS, 71 Drieb.-Zeist NS via De Uithof, 72 Bilthoven NS, 72 Bilthoven via De Uithof, 150 Utrecht Uithof via Blaricum, 276 Amersfoort Campagnergaarde, 296 Amersfoort Kattenbroek, 299 Leusden-Centrum Carpoolplaats, 242 De Uithof WKZ via Bunnik NS, 252 Amersfoort via Vollenhove, 28 De Uithof P+R via Utrecht CS, 281 De Uithof WKZ via Rijnsweerd, 283 De Uithof WKZ via Rijnsweerd, 287 De Uithof WKZ via Rijnsweerd, 30 De Uithof WKZ via Rijnsweerd, 30 Leidsche Rijn Ziekenhuis, 32 De Uithof WKZ via Rijnsweerd, 71 Doorn via De Uithof, 71 Drieb.-Zeist NS, 71 Drieb.-Zeist NS via De Uithof, 72 Bilthoven NS, 72 Bilthoven via De Uithof, 150 Utrecht Uithof via Blaricum, 276 Amersfoort Campagnergaarde, 296 Amersfoort Kattenbroek, 299 Leusden-Centrum Carpoolplaats",bus,nl.bus.50100550,,,,,332,,available,,regular,,2012-07-31 13:24:00,Y,Y,langshalte,0,0,18,0,"0,18","2,40","2,40",18,1,N,0,2,"0,12",N,Y,N,N,N,N,Y,0,N,Y,Y,Y,Y,N,Y,N,0,N,N,Y,N,Y,Y,0,A128C0D6-7D6B-4A05-9BC8974BA6A30581.JPG,2012-08-01 13:20:51,,N,N
5.183133856967332,52.08904210771513,PUT,NL:Q:50100560,50100560,0,,WKZ,,,Utrecht,,GM0344,Utrecht,Utrecht,,G,,Heidelberglaan,,,"242 Wijk bij Duurstede, 252 Rijnsweerd via De Uithof, 28 Vleuterweide via Centrum, 281 Houten-Zuid via Houten NS, 283 IJsselstein, 287 Vianen Lekbrug, 30 Leidsche Rijn via Overv. NS, 30 Overvecht-Zuid via Overv. NS, 32 Maarssen via Zuilen, 71 Nieuwegein-C via De Uithof, 71 Rijnsweerd via De Uithof, 72 Nieuwegein-C via De Uithof, 72 Nieuwegein-Z via De Uithof, 242 Wijk bij Duurstede, 252 Rijnsweerd via De Uithof, 28 Vleuterweide via Centrum, 281 Houten-Zuid via Houten NS, 283 IJsselstein, 287 Vianen Lekbrug, 30 Leidsche Rijn via Overv. NS, 30 Overvecht-Zuid via Overv. NS, 32 Maarssen via Zuilen, 71 Nieuwegein-C via De Uithof, 71 Rijnsweerd via De Uithof, 72 Nieuwegein-C via De Uithof, 72 Nieuwegein-Z via De Uithof, 150 Almere Buiten via Blaricum, 276 Utrecht Rijnsweerd Nrd, 296 Utrecht Rijnsweerd Nrd, 299 Utrecht Rijnsweerd Nrd, 150 Almere Buiten via Blaricum, 276 Utrecht Rijnsweerd Nrd, 296 Utrecht Rijnsweerd Nrd, 299 Utrecht Rijnsweerd Nrd",bus,nl.bus.50100550,,,,,152,,available,,regular,,2012-07-31 13:25:00,Y,Y,langshalte,0,0,18,0,"0,18","2,40","2,40",18,1,N,0,"2,40","0,09",N,Y,N,N,N,N,Y,0,N,Y,N,Y,Y,N,Y,N,0,N,N,Y,N,Y,Y,6,96AA4151-28EE-486C-86E8653B58E38BEA.JPG,2012-08-01 13:25:20,,N,N
5.179659808658193,52.089341638764239,PUT,NL:Q:50100731,50100731,0,,WKZ,,,Utrecht,,GM0344,Utrecht,Utrecht,,G,,Universiteitsweg,,,"412 Zeist via De Uithof, 477 Bilthoven via De Uithof, 412 Zeist via De Uithof, 477 Bilthoven via De Uithof",bus,nl.bus.50100731,,,,,7,,available,,regular,,2012-03-15 00:00:00,N,N,haltehaven,3,15,18,12,"0,12","1,50","1,50",0,"1,50",N,0,0,0,Y,N,N,N,N,N,Y,0,N,N,Y,N,N,N,N,N,0,N,N,Y,N,N,N,,A29CBC05-537E-4827-99A15E61307B9E99.jpg,2014-12-05 16:07:16,,N,N
5.111550940223283,52.114988813389203,PUT,NL:Q:59150210,59150210,0,,Zamenhofdreef,,,Utrecht,,GM0344,Utrecht,Utrecht,,G,,Gloriantdreef,,,"1 Hoograven via Utrecht CS, 30 De Uithof WKZ via Rijnsweerd, 30 Leidsche Rijn Ziekenhuis, 1 Hoograven via Utrecht CS, 30 De Uithof WKZ via Rijnsweerd, 30 Leidsche Rijn Ziekenhuis",bus,nl.bus.59150210,,,,,122,,available,,regular,,2011-03-28 14:34:00,Y,Y,langshalte,0,0,"36,9",0,"0,18",3,3,"36,90",1,N,0,"1,50","0,09",Y,Y,N,N,N,N,Y,0,N,Y,Y,Y,Y,N,Y,N,0,N,N,Y,N,Y,Y,0,FD22EECC-7CD3-42BC-8CD401251643CB04.JPG,2011-03-21 15:11:32,,N,N
5.111197782600096,52.115437389196543,PUT,NL:Q:59150220,59150220,0,,Zamenhofdreef,,,Utrecht,,GM0344,Utrecht,Utrecht,,G,,Androsdreef,,,"1 Overvecht via Utrecht CS, 30 Leidsche Rijn via Overv. NS, 30 Leidsche Rijn via Zuilen NS, 30 Overvecht-Zuid via Overv. NS, 1 Overvecht via Utrecht CS, 30 Leidsche Rijn via Overv. NS, 30 Leidsche Rijn via Zuilen NS, 30 Overvecht-Zuid via Overv. NS",bus,nl.bus.59150210,,,,,301,,available,,regular,,2011-03-28 14:34:00,Y,Y,haltehaven,3,17,24,28,"0,18",2,2,24,1,N,0,"1,50","0,09",Y,Y,N,N,N,N,Y,0,N,Y,Y,Y,Y,N,Y,N,0,N,N,Y,N,Y,Y,0,F1AA9288-6FAB-4D0A-847890909D631E46.JPG,2011-03-21 15:13:09,,N,N
5.112238268190573,52.114801668924933,PUT,NL:Q:59150221,59150221,0,,Zamenhofdreef,,,Utrecht,,GM0344,Utrecht,Utrecht,,G,,Kosdreef,,,"122 Nieuw-Loosdrecht via Westbroek, 122 Westbroek, 35 Maarssen-Dorp via Maarsseveen, 6 Overvecht-Noord via Nijenoord, 9 Overvecht-Noord via Talmalaan, 122 Nieuw-Loosdrecht via Westbroek, 122 Westbroek, 35 Maarssen-Dorp via Maarsseveen, 6 Overvecht-Noord via Nijenoord, 9 Overvecht-Noord via Talmalaan",bus,nl.bus.59150210,,,,,303,,available,,regular,,2011-03-28 14:34:00,Y,Y,langshalte,0,0,40,0,"0,18",2,2,40,1,N,0,2,"0,09",Y,Y,N,N,N,N,Y,0,N,Y,Y,Y,Y,N,Y,N,0,N,N,Y,N,Y,Y,0,7233479A-2DA9-40F6-ABDD55A75AF14D18.JPG,2011-03-21 15:16:12,,N,N
5.112414177228757,52.11468523442494,PUT,NL:Q:59152030,59152030,0,,Zamenhofdreef,,,Utrecht,,GM0344,Utrecht,Utrecht,,G,,Zamenhofdreef,,,"122 Utrecht Overvecht NS, 35 Overvecht NS via Maarsseveen, 6 Utrecht CS Centrumzijde, 9 Utrecht CS Centrumzijde, 122 Utrecht Overvecht NS, 35 Overvecht NS via Maarsseveen, 6 Utrecht CS Centrumzijde, 9 Utrecht CS Centrumzijde",bus,nl.bus.59150210,,,,,123,,available,,regular,,2011-03-28 14:34:00,Y,Y,haltehaven,"3,1","10,25",40,17,"0,18",2,2,40,1,N,0,2,"0,09",Y,Y,N,N,N,N,Y,0,N,Y,Y,Y,Y,N,Y,Y,0,N,N,Y,N,Y,Y,0,462AC016-635F-4B47-9B956FCECB7AB9D9.JPG,2011-03-21 15:14:15,,N,N
5.100689049547623,52.062562454481906,PUT,NL:Q:50002680,50002680,0,,Zeelantlaan,,,Utrecht,,GM0344,Utrecht,Utrecht,,G,,Van Rensselaerlaan,,,"7 Voordorp via Utrecht CS, 7 Voordorp via Utrecht CS",bus,,,,,,316,,available,,regular,,2011-04-04 09:30:00,Y,Y,langshalte,0,0,18,0,"0,18","2,40","2,40",18,1,N,0,3,"0,09",Y,Y,N,N,N,N,Y,0,N,Y,Y,Y,Y,N,Y,N,0,N,N,Y,N,Y,Y,0,D2F21221-9787-49C2-AAFB88E50EC54461.JPG,2011-03-30 15:54:40,,N,N
5.03168578156387,52.075317396928213,PUT,NL:Q:51110710,51110710,0,,Zuid,,,de meern,,GM0344,Utrecht,Utrecht,,G,,Meerndijk,,,"107 Gouda Station, 107 Montfoort , 107 Montfoort Kasteelplein, 107 Oudewater , 407 Oudewater , 407 Utrecht CS , 107 Gouda Station, 107 Montfoort , 107 Montfoort Kasteelplein, 107 Oudewater , 407 Oudewater , 407 Utrecht CS",bus,nl.bus.51110710,,,,,196,,available,,regular,,2014-09-01 10:20:00,N,N,semi-haltehaven,"2,8","17,4","13,3",0,"0,12","1,30","3,30",0,"1,30",N,0,"1,50",0,N,N,N,N,N,N,Y,0,N,Y,Y,Y,Y,Y,Y,Y,6,N,N,Y,Y,N,N,,3B5FB736-BA0B-4A90-9FFF20E7AFF85CCC.jpg,2014-12-05 16:07:51,,N,N
5.031978077488263,52.075246373254991,PUT,NL:Q:51110720,51110720,0,,Zuid,,,de meern,,GM0344,Utrecht,Utrecht,,G,,Meerndijk,,,"107 Utrecht CS/Jaarbeurs, 407 Utrecht CS , 107 Utrecht CS/Jaarbeurs, 407 Utrecht CS",bus,nl.bus.51110710,,,,,16,,available,,regular,,2014-09-01 10:10:00,N,N,semi-haltehaven,3,"21,4","44,2",7,"0,12","1,50","1,50",0,"1,20",N,0,"1,20",0,Y,N,N,N,N,N,Y,0,N,Y,Y,Y,Y,Y,Y,Y,6,N,N,Y,Y,N,N,,F73F8CEB-84E3-4904-B9E9C91AFC62A388.jpg,2014-12-05 16:07:58,,N,N
5.034620513403982,52.087918554631408,PUT,NL:Q:51110510,51110510,0,,Zuiderbreedte,,,De Meern,,GM0344,Utrecht,Utrecht,,G,,Burg Middelweerdbaan,,,"126 Maarssen NS via Vleuten, 126 Maarssen NS via Vleuten, 420 Loenen ad Vecht Kerklaan, 420 Loenen ad Vecht Kerklaan",bus,nl.bus.51110510,,,,,275,,available,,regular,,2012-08-09 10:54:00,Y,Y,langshalte,0,0,18,0,"0,18",2,2,18,1,N,0,"1,20","0,09",Y,Y,N,N,N,N,Y,0,N,Y,Y,Y,Y,N,Y,N,0,N,N,Y,N,N,N,,9C667D68-568C-406E-A75329E0975B50C0.JPG,2012-08-02 14:19:51,,N,N
5.034883281694044,52.087901364022024,PUT,NL:Q:51110520,51110520,0,,Zuiderbreedte,,,De Meern,,GM0344,Utrecht,Utrecht,,G,,Burg Middelweerdbaan,,,"126 De Meern Oost via Vleuten, 126 De Meern Oost via Vleuten",bus,nl.bus.51110510,,,,,95,,available,,regular,,2012-08-09 10:54:00,Y,Y,langshalte,0,0,18,0,"0,18",2,2,18,1,N,0,"1,20","0,09",Y,Y,N,N,N,N,Y,0,N,Y,N,Y,Y,N,Y,N,0,N,N,Y,N,N,N,,FC97ECF6-98D2-4A0D-87C0EB7AE0B46395.JPG,2012-08-02 14:17:45,,N,N
5.062179571524831,52.12244001971272,PUT,NL:Q:59150020,59150020,0,,Zuilenselaan,,,utrecht,,GM0344,Utrecht,Utrecht,,G,,Amsterdamsestraatweg,,,"120 Utrecht Centraal, 120 Utrecht Centraal",bus,,,,,,119,,available,,regular,,2012-12-02 15:42:00,N,N,langshalte,0,0,0,0,0,0,0,0,0,N,0,0,"0,09",N,N,N,N,N,N,Y,0,N,N,N,N,N,N,N,N,0,N,N,N,N,N,N,,,,,N,N
5.141511429880183,52.119881588068473,PUT,NL:Q:59100090,59100090,0,,Zwembad Blauwkapel,,,Groenekan,,GM0344,Utrecht,Utrecht,,G,,Einthovendreef,,,"55 Maartensdijk via Tuindorp, 55 Maartensdijk via Tuindorp",bus,,,,,,11,,available,,regular,,2013-05-20 00:00:00,N,Y,langshalte,0,0,24,0,"0,18","1,20","1,20",22,"1,20",N,0,"1,20",0,Y,Y,N,N,N,N,N,0,N,N,Y,N,N,N,N,N,0,N,N,Y,N,N,N,,,,,N,N
5.141317217930153,52.120681116857476,PUT,NL:Q:59100100,59100100,0,,Zwembad Blauwkapel,,,Groenekan,,GM0344,Utrecht,Utrecht,,G,,Einthovendreef,,,"55 Utrecht CS Centrumzijde, 55 Utrecht CS Centrumzijde",bus,,,,,,236,,available,,regular,,2013-05-20 00:00:00,Y,Y,haltehaven,"3,5",8,22,8,"0,18","3,60","3,60",20,"1,50",N,0,"1,50",0,Y,Y,N,N,N,N,N,0,N,Y,Y,Y,Y,N,Y,N,0,N,N,Y,N,N,N,,,,,N,N
